[     289ms] [ERROR] Failed to load resource: the server responded with a status of 404 (Not Found) @ http://localhost:3001/avatar.jpg:0
[     349ms] [INFO] %cDownload the React DevTools for a better development experience: https://react.dev/link/react-devtools font-weight:bold @ http://localhost:3001/_next/static/chunks/b2b3e_next_dist_77a734fe._.js:2297
[     373ms] [LOG] [HMR] connected @ http://localhost:3001/_next/static/chunks/b2b3e_next_dist_77a734fe._.js:2297
[     472ms] [LOG] [Fast Refresh] rebuilding @ http://localhost:3001/_next/static/chunks/b2b3e_next_dist_77a734fe._.js:2297
[     753ms] [ERROR] Failed to load resource: the server responded with a status of 404 (Not Found) @ http://localhost:3001/avatar.jpg:0
[     809ms] [INFO] %cDownload the React DevTools for a better development experience: https://react.dev/link/react-devtools font-weight:bold @ http://localhost:3001/_next/static/chunks/b2b3e_next_dist_77a734fe._.js:2297
[     831ms] [LOG] [HMR] connected @ http://localhost:3001/_next/static/chunks/b2b3e_next_dist_77a734fe._.js:2297
[     936ms] [LOG] [Fast Refresh] rebuilding @ http://localhost:3001/_next/static/chunks/b2b3e_next_dist_77a734fe._.js:2297
[    1225ms] [ERROR] Failed to load resource: the server responded with a status of 404 (Not Found) @ http://localhost:3001/avatar.jpg:0
[    1275ms] [INFO] %cDownload the React DevTools for a better development experience: https://react.dev/link/react-devtools font-weight:bold @ http://localhost:3001/_next/static/chunks/b2b3e_next_dist_77a734fe._.js:2297
[    1300ms] [LOG] [HMR] connected @ http://localhost:3001/_next/static/chunks/b2b3e_next_dist_77a734fe._.js:2297
[    1391ms] [LOG] [Fast Refresh] rebuilding @ http://localhost:3001/_next/static/chunks/b2b3e_next_dist_77a734fe._.js:2297
[    1671ms] [ERROR] Failed to load resource: the server responded with a status of 404 (Not Found) @ http://localhost:3001/avatar.jpg:0
[    1720ms] [INFO] %cDownload the React DevTools for a better development experience: https://react.dev/link/react-devtools font-weight:bold @ http://localhost:3001/_next/static/chunks/b2b3e_next_dist_77a734fe._.js:2297
[    1744ms] [LOG] [HMR] connected @ http://localhost:3001/_next/static/chunks/b2b3e_next_dist_77a734fe._.js:2297
[    1837ms] [LOG] [Fast Refresh] rebuilding @ http://localhost:3001/_next/static/chunks/b2b3e_next_dist_77a734fe._.js:2297
[    2117ms] [ERROR] Failed to load resource: the server responded with a status of 404 (Not Found) @ http://localhost:3001/avatar.jpg:0
[    2170ms] [INFO] %cDownload the React DevTools for a better development experience: https://react.dev/link/react-devtools font-weight:bold @ http://localhost:3001/_next/static/chunks/b2b3e_next_dist_77a734fe._.js:2297
[    2193ms] [LOG] [HMR] connected @ http://localhost:3001/_next/static/chunks/b2b3e_next_dist_77a734fe._.js:2297
[    2298ms] [LOG] [Fast Refresh] rebuilding @ http://localhost:3001/_next/static/chunks/b2b3e_next_dist_77a734fe._.js:2297
[    2586ms] [ERROR] Failed to load resource: the server responded with a status of 404 (Not Found) @ http://localhost:3001/avatar.jpg:0
[    2631ms] [INFO] %cDownload the React DevTools for a better development experience: https://react.dev/link/react-devtools font-weight:bold @ http://localhost:3001/_next/static/chunks/b2b3e_next_dist_77a734fe._.js:2297
[    2648ms] [LOG] [HMR] connected @ http://localhost:3001/_next/static/chunks/b2b3e_next_dist_77a734fe._.js:2297
[    2760ms] [LOG] [Fast Refresh] rebuilding @ http://localhost:3001/_next/static/chunks/b2b3e_next_dist_77a734fe._.js:2297
[    3053ms] [ERROR] Failed to load resource: the server responded with a status of 404 (Not Found) @ http://localhost:3001/avatar.jpg:0
[    3110ms] [INFO] %cDownload the React DevTools for a better development experience: https://react.dev/link/react-devtools font-weight:bold @ http://localhost:3001/_next/static/chunks/b2b3e_next_dist_77a734fe._.js:2297
[    3133ms] [LOG] [HMR] connected @ http://localhost:3001/_next/static/chunks/b2b3e_next_dist_77a734fe._.js:2297
[    3236ms] [LOG] [Fast Refresh] rebuilding @ http://localhost:3001/_next/static/chunks/b2b3e_next_dist_77a734fe._.js:2297
[    3522ms] [ERROR] Failed to load resource: the server responded with a status of 404 (Not Found) @ http://localhost:3001/avatar.jpg:0
[    3574ms] [INFO] %cDownload the React DevTools for a better development experience: https://react.dev/link/react-devtools font-weight:bold @ http://localhost:3001/_next/static/chunks/b2b3e_next_dist_77a734fe._.js:2297
[    3594ms] [LOG] [HMR] connected @ http://localhost:3001/_next/static/chunks/b2b3e_next_dist_77a734fe._.js:2297
[    3708ms] [LOG] [Fast Refresh] rebuilding @ http://localhost:3001/_next/static/chunks/b2b3e_next_dist_77a734fe._.js:2297
[    4007ms] [ERROR] Failed to load resource: the server responded with a status of 404 (Not Found) @ http://localhost:3001/avatar.jpg:0
[    4059ms] [INFO] %cDownload the React DevTools for a better development experience: https://react.dev/link/react-devtools font-weight:bold @ http://localhost:3001/_next/static/chunks/b2b3e_next_dist_77a734fe._.js:2297
[    4080ms] [LOG] [HMR] connected @ http://localhost:3001/_next/static/chunks/b2b3e_next_dist_77a734fe._.js:2297
[    4184ms] [LOG] [Fast Refresh] rebuilding @ http://localhost:3001/_next/static/chunks/b2b3e_next_dist_77a734fe._.js:2297
[    4470ms] [ERROR] Failed to load resource: the server responded with a status of 404 (Not Found) @ http://localhost:3001/avatar.jpg:0
[    4525ms] [INFO] %cDownload the React DevTools for a better development experience: https://react.dev/link/react-devtools font-weight:bold @ http://localhost:3001/_next/static/chunks/b2b3e_next_dist_77a734fe._.js:2297
[    4546ms] [LOG] [HMR] connected @ http://localhost:3001/_next/static/chunks/b2b3e_next_dist_77a734fe._.js:2297
[    4649ms] [LOG] [Fast Refresh] rebuilding @ http://localhost:3001/_next/static/chunks/b2b3e_next_dist_77a734fe._.js:2297
[    4933ms] [ERROR] Failed to load resource: the server responded with a status of 404 (Not Found) @ http://localhost:3001/avatar.jpg:0
[    4984ms] [INFO] %cDownload the React DevTools for a better development experience: https://react.dev/link/react-devtools font-weight:bold @ http://localhost:3001/_next/static/chunks/b2b3e_next_dist_77a734fe._.js:2297
[    5008ms] [LOG] [HMR] connected @ http://localhost:3001/_next/static/chunks/b2b3e_next_dist_77a734fe._.js:2297
[    5110ms] [LOG] [Fast Refresh] rebuilding @ http://localhost:3001/_next/static/chunks/b2b3e_next_dist_77a734fe._.js:2297
[    5411ms] [ERROR] Failed to load resource: the server responded with a status of 404 (Not Found) @ http://localhost:3001/avatar.jpg:0
[    5468ms] [INFO] %cDownload the React DevTools for a better development experience: https://react.dev/link/react-devtools font-weight:bold @ http://localhost:3001/_next/static/chunks/b2b3e_next_dist_77a734fe._.js:2297
[    5493ms] [LOG] [HMR] connected @ http://localhost:3001/_next/static/chunks/b2b3e_next_dist_77a734fe._.js:2297
[    5595ms] [LOG] [Fast Refresh] rebuilding @ http://localhost:3001/_next/static/chunks/b2b3e_next_dist_77a734fe._.js:2297
[    5885ms] [ERROR] Failed to load resource: the server responded with a status of 404 (Not Found) @ http://localhost:3001/avatar.jpg:0
[    5939ms] [INFO] %cDownload the React DevTools for a better development experience: https://react.dev/link/react-devtools font-weight:bold @ http://localhost:3001/_next/static/chunks/b2b3e_next_dist_77a734fe._.js:2297
[    5965ms] [LOG] [HMR] connected @ http://localhost:3001/_next/static/chunks/b2b3e_next_dist_77a734fe._.js:2297
[    6065ms] [LOG] [Fast Refresh] rebuilding @ http://localhost:3001/_next/static/chunks/b2b3e_next_dist_77a734fe._.js:2297
[    6348ms] [ERROR] Failed to load resource: the server responded with a status of 404 (Not Found) @ http://localhost:3001/avatar.jpg:0
[    6399ms] [INFO] %cDownload the React DevTools for a better development experience: https://react.dev/link/react-devtools font-weight:bold @ http://localhost:3001/_next/static/chunks/b2b3e_next_dist_77a734fe._.js:2297
[    6422ms] [LOG] [HMR] connected @ http://localhost:3001/_next/static/chunks/b2b3e_next_dist_77a734fe._.js:2297
[    6558ms] [LOG] [Fast Refresh] rebuilding @ http://localhost:3001/_next/static/chunks/b2b3e_next_dist_77a734fe._.js:2297
[    6842ms] [ERROR] Failed to load resource: the server responded with a status of 404 (Not Found) @ http://localhost:3001/avatar.jpg:0
[    6898ms] [INFO] %cDownload the React DevTools for a better development experience: https://react.dev/link/react-devtools font-weight:bold @ http://localhost:3001/_next/static/chunks/b2b3e_next_dist_77a734fe._.js:2297
[    6920ms] [LOG] [HMR] connected @ http://localhost:3001/_next/static/chunks/b2b3e_next_dist_77a734fe._.js:2297
[    7014ms] [LOG] [Fast Refresh] rebuilding @ http://localhost:3001/_next/static/chunks/b2b3e_next_dist_77a734fe._.js:2297
[    7300ms] [ERROR] Failed to load resource: the server responded with a status of 404 (Not Found) @ http://localhost:3001/avatar.jpg:0
[    7353ms] [INFO] %cDownload the React DevTools for a better development experience: https://react.dev/link/react-devtools font-weight:bold @ http://localhost:3001/_next/static/chunks/b2b3e_next_dist_77a734fe._.js:2297
[    7371ms] [LOG] [HMR] connected @ http://localhost:3001/_next/static/chunks/b2b3e_next_dist_77a734fe._.js:2297
[    7477ms] [LOG] [Fast Refresh] rebuilding @ http://localhost:3001/_next/static/chunks/b2b3e_next_dist_77a734fe._.js:2297
[    7771ms] [ERROR] Failed to load resource: the server responded with a status of 404 (Not Found) @ http://localhost:3001/avatar.jpg:0
[    7819ms] [INFO] %cDownload the React DevTools for a better development experience: https://react.dev/link/react-devtools font-weight:bold @ http://localhost:3001/_next/static/chunks/b2b3e_next_dist_77a734fe._.js:2297
[    7840ms] [LOG] [HMR] connected @ http://localhost:3001/_next/static/chunks/b2b3e_next_dist_77a734fe._.js:2297
[    7953ms] [LOG] [Fast Refresh] rebuilding @ http://localhost:3001/_next/static/chunks/b2b3e_next_dist_77a734fe._.js:2297
[    8252ms] [ERROR] Failed to load resource: the server responded with a status of 404 (Not Found) @ http://localhost:3001/avatar.jpg:0
[    8306ms] [INFO] %cDownload the React DevTools for a better development experience: https://react.dev/link/react-devtools font-weight:bold @ http://localhost:3001/_next/static/chunks/b2b3e_next_dist_77a734fe._.js:2297
[    8331ms] [LOG] [HMR] connected @ http://localhost:3001/_next/static/chunks/b2b3e_next_dist_77a734fe._.js:2297
[    8453ms] [LOG] [Fast Refresh] rebuilding @ http://localhost:3001/_next/static/chunks/b2b3e_next_dist_77a734fe._.js:2297
[    9069ms] [ERROR] Failed to load resource: the server responded with a status of 404 (Not Found) @ http://localhost:3001/avatar.jpg:0
[    9120ms] [INFO] %cDownload the React DevTools for a better development experience: https://react.dev/link/react-devtools font-weight:bold @ http://localhost:3001/_next/static/chunks/b2b3e_next_dist_77a734fe._.js:2297
[    9143ms] [LOG] [HMR] connected @ http://localhost:3001/_next/static/chunks/b2b3e_next_dist_77a734fe._.js:2297
[    9262ms] [LOG] [Fast Refresh] rebuilding @ http://localhost:3001/_next/static/chunks/b2b3e_next_dist_77a734fe._.js:2297
[    9558ms] [ERROR] Failed to load resource: the server responded with a status of 404 (Not Found) @ http://localhost:3001/avatar.jpg:0
[    9615ms] [INFO] %cDownload the React DevTools for a better development experience: https://react.dev/link/react-devtools font-weight:bold @ http://localhost:3001/_next/static/chunks/b2b3e_next_dist_77a734fe._.js:2297
[    9639ms] [LOG] [HMR] connected @ http://localhost:3001/_next/static/chunks/b2b3e_next_dist_77a734fe._.js:2297
[    9761ms] [LOG] [Fast Refresh] rebuilding @ http://localhost:3001/_next/static/chunks/b2b3e_next_dist_77a734fe._.js:2297
[   10049ms] [ERROR] Failed to load resource: the server responded with a status of 404 (Not Found) @ http://localhost:3001/avatar.jpg:0
[   10103ms] [INFO] %cDownload the React DevTools for a better development experience: https://react.dev/link/react-devtools font-weight:bold @ http://localhost:3001/_next/static/chunks/b2b3e_next_dist_77a734fe._.js:2297
[   10126ms] [LOG] [HMR] connected @ http://localhost:3001/_next/static/chunks/b2b3e_next_dist_77a734fe._.js:2297
[   10239ms] [LOG] [Fast Refresh] rebuilding @ http://localhost:3001/_next/static/chunks/b2b3e_next_dist_77a734fe._.js:2297
[   10524ms] [ERROR] Failed to load resource: the server responded with a status of 404 (Not Found) @ http://localhost:3001/avatar.jpg:0
[   10575ms] [INFO] %cDownload the React DevTools for a better development experience: https://react.dev/link/react-devtools font-weight:bold @ http://localhost:3001/_next/static/chunks/b2b3e_next_dist_77a734fe._.js:2297
[   10593ms] [LOG] [HMR] connected @ http://localhost:3001/_next/static/chunks/b2b3e_next_dist_77a734fe._.js:2297
[   10731ms] [LOG] [Fast Refresh] rebuilding @ http://localhost:3001/_next/static/chunks/b2b3e_next_dist_77a734fe._.js:2297
[   11020ms] [ERROR] Failed to load resource: the server responded with a status of 404 (Not Found) @ http://localhost:3001/avatar.jpg:0
[   11073ms] [INFO] %cDownload the React DevTools for a better development experience: https://react.dev/link/react-devtools font-weight:bold @ http://localhost:3001/_next/static/chunks/b2b3e_next_dist_77a734fe._.js:2297
[   11094ms] [LOG] [HMR] connected @ http://localhost:3001/_next/static/chunks/b2b3e_next_dist_77a734fe._.js:2297
[   11211ms] [LOG] [Fast Refresh] rebuilding @ http://localhost:3001/_next/static/chunks/b2b3e_next_dist_77a734fe._.js:2297
[   11498ms] [ERROR] Failed to load resource: the server responded with a status of 404 (Not Found) @ http://localhost:3001/avatar.jpg:0
[   11553ms] [INFO] %cDownload the React DevTools for a better development experience: https://react.dev/link/react-devtools font-weight:bold @ http://localhost:3001/_next/static/chunks/b2b3e_next_dist_77a734fe._.js:2297
[   11575ms] [LOG] [HMR] connected @ http://localhost:3001/_next/static/chunks/b2b3e_next_dist_77a734fe._.js:2297
[   11675ms] [LOG] [Fast Refresh] rebuilding @ http://localhost:3001/_next/static/chunks/b2b3e_next_dist_77a734fe._.js:2297
[   11965ms] [ERROR] Failed to load resource: the server responded with a status of 404 (Not Found) @ http://localhost:3001/avatar.jpg:0
[   12015ms] [INFO] %cDownload the React DevTools for a better development experience: https://react.dev/link/react-devtools font-weight:bold @ http://localhost:3001/_next/static/chunks/b2b3e_next_dist_77a734fe._.js:2297
[   12040ms] [LOG] [HMR] connected @ http://localhost:3001/_next/static/chunks/b2b3e_next_dist_77a734fe._.js:2297
[   12147ms] [LOG] [Fast Refresh] rebuilding @ http://localhost:3001/_next/static/chunks/b2b3e_next_dist_77a734fe._.js:2297
[   12427ms] [ERROR] Failed to load resource: the server responded with a status of 404 (Not Found) @ http://localhost:3001/avatar.jpg:0
[   12476ms] [INFO] %cDownload the React DevTools for a better development experience: https://react.dev/link/react-devtools font-weight:bold @ http://localhost:3001/_next/static/chunks/b2b3e_next_dist_77a734fe._.js:2297
[   12498ms] [LOG] [HMR] connected @ http://localhost:3001/_next/static/chunks/b2b3e_next_dist_77a734fe._.js:2297
[   12624ms] [LOG] [Fast Refresh] rebuilding @ http://localhost:3001/_next/static/chunks/b2b3e_next_dist_77a734fe._.js:2297
[   12915ms] [ERROR] Failed to load resource: the server responded with a status of 404 (Not Found) @ http://localhost:3001/avatar.jpg:0
[   12976ms] [INFO] %cDownload the React DevTools for a better development experience: https://react.dev/link/react-devtools font-weight:bold @ http://localhost:3001/_next/static/chunks/b2b3e_next_dist_77a734fe._.js:2297
[   13000ms] [LOG] [HMR] connected @ http://localhost:3001/_next/static/chunks/b2b3e_next_dist_77a734fe._.js:2297
[   13132ms] [LOG] [Fast Refresh] rebuilding @ http://localhost:3001/_next/static/chunks/b2b3e_next_dist_77a734fe._.js:2297
[   13416ms] [ERROR] Failed to load resource: the server responded with a status of 404 (Not Found) @ http://localhost:3001/avatar.jpg:0
[   13469ms] [INFO] %cDownload the React DevTools for a better development experience: https://react.dev/link/react-devtools font-weight:bold @ http://localhost:3001/_next/static/chunks/b2b3e_next_dist_77a734fe._.js:2297
[   13491ms] [LOG] [HMR] connected @ http://localhost:3001/_next/static/chunks/b2b3e_next_dist_77a734fe._.js:2297
[   13609ms] [LOG] [Fast Refresh] rebuilding @ http://localhost:3001/_next/static/chunks/b2b3e_next_dist_77a734fe._.js:2297
[   13892ms] [ERROR] Failed to load resource: the server responded with a status of 404 (Not Found) @ http://localhost:3001/avatar.jpg:0
[   13948ms] [INFO] %cDownload the React DevTools for a better development experience: https://react.dev/link/react-devtools font-weight:bold @ http://localhost:3001/_next/static/chunks/b2b3e_next_dist_77a734fe._.js:2297
[   13974ms] [LOG] [HMR] connected @ http://localhost:3001/_next/static/chunks/b2b3e_next_dist_77a734fe._.js:2297
[   14068ms] [LOG] [Fast Refresh] rebuilding @ http://localhost:3001/_next/static/chunks/b2b3e_next_dist_77a734fe._.js:2297
[   14367ms] [ERROR] Failed to load resource: the server responded with a status of 404 (Not Found) @ http://localhost:3001/avatar.jpg:0
[   14419ms] [INFO] %cDownload the React DevTools for a better development experience: https://react.dev/link/react-devtools font-weight:bold @ http://localhost:3001/_next/static/chunks/b2b3e_next_dist_77a734fe._.js:2297
[   14442ms] [LOG] [HMR] connected @ http://localhost:3001/_next/static/chunks/b2b3e_next_dist_77a734fe._.js:2297
[   14537ms] [LOG] [Fast Refresh] rebuilding @ http://localhost:3001/_next/static/chunks/b2b3e_next_dist_77a734fe._.js:2297
[   14825ms] [ERROR] Failed to load resource: the server responded with a status of 404 (Not Found) @ http://localhost:3001/avatar.jpg:0
[   14879ms] [INFO] %cDownload the React DevTools for a better development experience: https://react.dev/link/react-devtools font-weight:bold @ http://localhost:3001/_next/static/chunks/b2b3e_next_dist_77a734fe._.js:2297
[   14902ms] [LOG] [HMR] connected @ http://localhost:3001/_next/static/chunks/b2b3e_next_dist_77a734fe._.js:2297
[   15004ms] [LOG] [Fast Refresh] rebuilding @ http://localhost:3001/_next/static/chunks/b2b3e_next_dist_77a734fe._.js:2297
[   15296ms] [ERROR] Failed to load resource: the server responded with a status of 404 (Not Found) @ http://localhost:3001/avatar.jpg:0
[   15346ms] [INFO] %cDownload the React DevTools for a better development experience: https://react.dev/link/react-devtools font-weight:bold @ http://localhost:3001/_next/static/chunks/b2b3e_next_dist_77a734fe._.js:2297
[   15370ms] [LOG] [HMR] connected @ http://localhost:3001/_next/static/chunks/b2b3e_next_dist_77a734fe._.js:2297
[   15470ms] [LOG] [Fast Refresh] rebuilding @ http://localhost:3001/_next/static/chunks/b2b3e_next_dist_77a734fe._.js:2297
[   15761ms] [ERROR] Failed to load resource: the server responded with a status of 404 (Not Found) @ http://localhost:3001/avatar.jpg:0
[   15814ms] [INFO] %cDownload the React DevTools for a better development experience: https://react.dev/link/react-devtools font-weight:bold @ http://localhost:3001/_next/static/chunks/b2b3e_next_dist_77a734fe._.js:2297
[   15839ms] [LOG] [HMR] connected @ http://localhost:3001/_next/static/chunks/b2b3e_next_dist_77a734fe._.js:2297
[   15948ms] [LOG] [Fast Refresh] rebuilding @ http://localhost:3001/_next/static/chunks/b2b3e_next_dist_77a734fe._.js:2297
[   16249ms] [ERROR] Failed to load resource: the server responded with a status of 404 (Not Found) @ http://localhost:3001/avatar.jpg:0
[   16305ms] [INFO] %cDownload the React DevTools for a better development experience: https://react.dev/link/react-devtools font-weight:bold @ http://localhost:3001/_next/static/chunks/b2b3e_next_dist_77a734fe._.js:2297
[   16328ms] [LOG] [HMR] connected @ http://localhost:3001/_next/static/chunks/b2b3e_next_dist_77a734fe._.js:2297
[   16430ms] [LOG] [Fast Refresh] rebuilding @ http://localhost:3001/_next/static/chunks/b2b3e_next_dist_77a734fe._.js:2297
[   16731ms] [ERROR] Failed to load resource: the server responded with a status of 404 (Not Found) @ http://localhost:3001/avatar.jpg:0
[   16789ms] [INFO] %cDownload the React DevTools for a better development experience: https://react.dev/link/react-devtools font-weight:bold @ http://localhost:3001/_next/static/chunks/b2b3e_next_dist_77a734fe._.js:2297
[   16814ms] [LOG] [HMR] connected @ http://localhost:3001/_next/static/chunks/b2b3e_next_dist_77a734fe._.js:2297
[   16931ms] [LOG] [Fast Refresh] rebuilding @ http://localhost:3001/_next/static/chunks/b2b3e_next_dist_77a734fe._.js:2297
[   17251ms] [ERROR] Failed to load resource: the server responded with a status of 404 (Not Found) @ http://localhost:3001/avatar.jpg:0
[   17303ms] [INFO] %cDownload the React DevTools for a better development experience: https://react.dev/link/react-devtools font-weight:bold @ http://localhost:3001/_next/static/chunks/b2b3e_next_dist_77a734fe._.js:2297
[   17324ms] [LOG] [HMR] connected @ http://localhost:3001/_next/static/chunks/b2b3e_next_dist_77a734fe._.js:2297
[   17425ms] [LOG] [Fast Refresh] rebuilding @ http://localhost:3001/_next/static/chunks/b2b3e_next_dist_77a734fe._.js:2297
[   17719ms] [ERROR] Failed to load resource: the server responded with a status of 404 (Not Found) @ http://localhost:3001/avatar.jpg:0
[   17778ms] [INFO] %cDownload the React DevTools for a better development experience: https://react.dev/link/react-devtools font-weight:bold @ http://localhost:3001/_next/static/chunks/b2b3e_next_dist_77a734fe._.js:2297
[   17807ms] [LOG] [HMR] connected @ http://localhost:3001/_next/static/chunks/b2b3e_next_dist_77a734fe._.js:2297
[   17919ms] [LOG] [Fast Refresh] rebuilding @ http://localhost:3001/_next/static/chunks/b2b3e_next_dist_77a734fe._.js:2297
[   18230ms] [ERROR] Failed to load resource: the server responded with a status of 404 (Not Found) @ http://localhost:3001/avatar.jpg:0
[   18284ms] [INFO] %cDownload the React DevTools for a better development experience: https://react.dev/link/react-devtools font-weight:bold @ http://localhost:3001/_next/static/chunks/b2b3e_next_dist_77a734fe._.js:2297
[   18308ms] [LOG] [HMR] connected @ http://localhost:3001/_next/static/chunks/b2b3e_next_dist_77a734fe._.js:2297
[   18434ms] [LOG] [Fast Refresh] rebuilding @ http://localhost:3001/_next/static/chunks/b2b3e_next_dist_77a734fe._.js:2297
[   18726ms] [ERROR] Failed to load resource: the server responded with a status of 404 (Not Found) @ http://localhost:3001/avatar.jpg:0
[   18799ms] [INFO] %cDownload the React DevTools for a better development experience: https://react.dev/link/react-devtools font-weight:bold @ http://localhost:3001/_next/static/chunks/b2b3e_next_dist_77a734fe._.js:2297
[   18819ms] [LOG] [HMR] connected @ http://localhost:3001/_next/static/chunks/b2b3e_next_dist_77a734fe._.js:2297
[   18938ms] [LOG] [Fast Refresh] rebuilding @ http://localhost:3001/_next/static/chunks/b2b3e_next_dist_77a734fe._.js:2297
[   19262ms] [ERROR] Failed to load resource: the server responded with a status of 404 (Not Found) @ http://localhost:3001/avatar.jpg:0
[   19319ms] [INFO] %cDownload the React DevTools for a better development experience: https://react.dev/link/react-devtools font-weight:bold @ http://localhost:3001/_next/static/chunks/b2b3e_next_dist_77a734fe._.js:2297
[   19347ms] [LOG] [HMR] connected @ http://localhost:3001/_next/static/chunks/b2b3e_next_dist_77a734fe._.js:2297
[   19464ms] [LOG] [Fast Refresh] rebuilding @ http://localhost:3001/_next/static/chunks/b2b3e_next_dist_77a734fe._.js:2297
[   19797ms] [ERROR] Failed to load resource: the server responded with a status of 404 (Not Found) @ http://localhost:3001/avatar.jpg:0
[   19855ms] [INFO] %cDownload the React DevTools for a better development experience: https://react.dev/link/react-devtools font-weight:bold @ http://localhost:3001/_next/static/chunks/b2b3e_next_dist_77a734fe._.js:2297
[   19877ms] [LOG] [HMR] connected @ http://localhost:3001/_next/static/chunks/b2b3e_next_dist_77a734fe._.js:2297
[   20002ms] [LOG] [Fast Refresh] rebuilding @ http://localhost:3001/_next/static/chunks/b2b3e_next_dist_77a734fe._.js:2297
[   20323ms] [ERROR] Failed to load resource: the server responded with a status of 404 (Not Found) @ http://localhost:3001/avatar.jpg:0
[   20376ms] [INFO] %cDownload the React DevTools for a better development experience: https://react.dev/link/react-devtools font-weight:bold @ http://localhost:3001/_next/static/chunks/b2b3e_next_dist_77a734fe._.js:2297
[   20398ms] [LOG] [HMR] connected @ http://localhost:3001/_next/static/chunks/b2b3e_next_dist_77a734fe._.js:2297
[   20513ms] [LOG] [Fast Refresh] rebuilding @ http://localhost:3001/_next/static/chunks/b2b3e_next_dist_77a734fe._.js:2297
[   20840ms] [ERROR] Failed to load resource: the server responded with a status of 404 (Not Found) @ http://localhost:3001/avatar.jpg:0
[   20897ms] [INFO] %cDownload the React DevTools for a better development experience: https://react.dev/link/react-devtools font-weight:bold @ http://localhost:3001/_next/static/chunks/b2b3e_next_dist_77a734fe._.js:2297
[   20920ms] [LOG] [HMR] connected @ http://localhost:3001/_next/static/chunks/b2b3e_next_dist_77a734fe._.js:2297
[   21046ms] [LOG] [Fast Refresh] rebuilding @ http://localhost:3001/_next/static/chunks/b2b3e_next_dist_77a734fe._.js:2297
[   21352ms] [ERROR] Failed to load resource: the server responded with a status of 404 (Not Found) @ http://localhost:3001/avatar.jpg:0
[   21402ms] [INFO] %cDownload the React DevTools for a better development experience: https://react.dev/link/react-devtools font-weight:bold @ http://localhost:3001/_next/static/chunks/b2b3e_next_dist_77a734fe._.js:2297
[   21426ms] [LOG] [HMR] connected @ http://localhost:3001/_next/static/chunks/b2b3e_next_dist_77a734fe._.js:2297
[   21539ms] [LOG] [Fast Refresh] rebuilding @ http://localhost:3001/_next/static/chunks/b2b3e_next_dist_77a734fe._.js:2297
[   21825ms] [ERROR] Failed to load resource: the server responded with a status of 404 (Not Found) @ http://localhost:3001/avatar.jpg:0
[   21877ms] [INFO] %cDownload the React DevTools for a better development experience: https://react.dev/link/react-devtools font-weight:bold @ http://localhost:3001/_next/static/chunks/b2b3e_next_dist_77a734fe._.js:2297
[   21897ms] [LOG] [HMR] connected @ http://localhost:3001/_next/static/chunks/b2b3e_next_dist_77a734fe._.js:2297
[   22001ms] [LOG] [Fast Refresh] rebuilding @ http://localhost:3001/_next/static/chunks/b2b3e_next_dist_77a734fe._.js:2297
[   22286ms] [ERROR] Failed to load resource: the server responded with a status of 404 (Not Found) @ http://localhost:3001/avatar.jpg:0
[   22341ms] [INFO] %cDownload the React DevTools for a better development experience: https://react.dev/link/react-devtools font-weight:bold @ http://localhost:3001/_next/static/chunks/b2b3e_next_dist_77a734fe._.js:2297
[   22365ms] [LOG] [HMR] connected @ http://localhost:3001/_next/static/chunks/b2b3e_next_dist_77a734fe._.js:2297
[   22466ms] [LOG] [Fast Refresh] rebuilding @ http://localhost:3001/_next/static/chunks/b2b3e_next_dist_77a734fe._.js:2297
[   22772ms] [ERROR] Failed to load resource: the server responded with a status of 404 (Not Found) @ http://localhost:3001/avatar.jpg:0
[   22829ms] [INFO] %cDownload the React DevTools for a better development experience: https://react.dev/link/react-devtools font-weight:bold @ http://localhost:3001/_next/static/chunks/b2b3e_next_dist_77a734fe._.js:2297
[   22856ms] [LOG] [HMR] connected @ http://localhost:3001/_next/static/chunks/b2b3e_next_dist_77a734fe._.js:2297
[   22977ms] [LOG] [Fast Refresh] rebuilding @ http://localhost:3001/_next/static/chunks/b2b3e_next_dist_77a734fe._.js:2297
[   23268ms] [ERROR] Failed to load resource: the server responded with a status of 404 (Not Found) @ http://localhost:3001/avatar.jpg:0
[   23325ms] [INFO] %cDownload the React DevTools for a better development experience: https://react.dev/link/react-devtools font-weight:bold @ http://localhost:3001/_next/static/chunks/b2b3e_next_dist_77a734fe._.js:2297
[   23360ms] [LOG] [HMR] connected @ http://localhost:3001/_next/static/chunks/b2b3e_next_dist_77a734fe._.js:2297
[   23475ms] [LOG] [Fast Refresh] rebuilding @ http://localhost:3001/_next/static/chunks/b2b3e_next_dist_77a734fe._.js:2297
[   23791ms] [ERROR] Failed to load resource: the server responded with a status of 404 (Not Found) @ http://localhost:3001/avatar.jpg:0
[   23840ms] [INFO] %cDownload the React DevTools for a better development experience: https://react.dev/link/react-devtools font-weight:bold @ http://localhost:3001/_next/static/chunks/b2b3e_next_dist_77a734fe._.js:2297
[   23864ms] [LOG] [HMR] connected @ http://localhost:3001/_next/static/chunks/b2b3e_next_dist_77a734fe._.js:2297
[   23979ms] [LOG] [Fast Refresh] rebuilding @ http://localhost:3001/_next/static/chunks/b2b3e_next_dist_77a734fe._.js:2297
[   24284ms] [ERROR] Failed to load resource: the server responded with a status of 404 (Not Found) @ http://localhost:3001/avatar.jpg:0
[   24340ms] [INFO] %cDownload the React DevTools for a better development experience: https://react.dev/link/react-devtools font-weight:bold @ http://localhost:3001/_next/static/chunks/b2b3e_next_dist_77a734fe._.js:2297
[   24365ms] [LOG] [HMR] connected @ http://localhost:3001/_next/static/chunks/b2b3e_next_dist_77a734fe._.js:2297
[   24466ms] [LOG] [Fast Refresh] rebuilding @ http://localhost:3001/_next/static/chunks/b2b3e_next_dist_77a734fe._.js:2297
[   24755ms] [ERROR] Failed to load resource: the server responded with a status of 404 (Not Found) @ http://localhost:3001/avatar.jpg:0
[   24812ms] [INFO] %cDownload the React DevTools for a better development experience: https://react.dev/link/react-devtools font-weight:bold @ http://localhost:3001/_next/static/chunks/b2b3e_next_dist_77a734fe._.js:2297
[   24842ms] [LOG] [HMR] connected @ http://localhost:3001/_next/static/chunks/b2b3e_next_dist_77a734fe._.js:2297
[   24954ms] [LOG] [Fast Refresh] rebuilding @ http://localhost:3001/_next/static/chunks/b2b3e_next_dist_77a734fe._.js:2297
[   25257ms] [ERROR] Failed to load resource: the server responded with a status of 404 (Not Found) @ http://localhost:3001/avatar.jpg:0
[   25314ms] [INFO] %cDownload the React DevTools for a better development experience: https://react.dev/link/react-devtools font-weight:bold @ http://localhost:3001/_next/static/chunks/b2b3e_next_dist_77a734fe._.js:2297
[   25347ms] [LOG] [HMR] connected @ http://localhost:3001/_next/static/chunks/b2b3e_next_dist_77a734fe._.js:2297
[   25461ms] [LOG] [Fast Refresh] rebuilding @ http://localhost:3001/_next/static/chunks/b2b3e_next_dist_77a734fe._.js:2297
[   25773ms] [ERROR] Failed to load resource: the server responded with a status of 404 (Not Found) @ http://localhost:3001/avatar.jpg:0
[   25829ms] [INFO] %cDownload the React DevTools for a better development experience: https://react.dev/link/react-devtools font-weight:bold @ http://localhost:3001/_next/static/chunks/b2b3e_next_dist_77a734fe._.js:2297
[   25876ms] [LOG] [HMR] connected @ http://localhost:3001/_next/static/chunks/b2b3e_next_dist_77a734fe._.js:2297
[   26018ms] [LOG] [Fast Refresh] rebuilding @ http://localhost:3001/_next/static/chunks/b2b3e_next_dist_77a734fe._.js:2297
[   26387ms] [ERROR] Failed to load resource: the server responded with a status of 404 (Not Found) @ http://localhost:3001/avatar.jpg:0
[   26454ms] [INFO] %cDownload the React DevTools for a better development experience: https://react.dev/link/react-devtools font-weight:bold @ http://localhost:3001/_next/static/chunks/b2b3e_next_dist_77a734fe._.js:2297
[   26504ms] [LOG] [HMR] connected @ http://localhost:3001/_next/static/chunks/b2b3e_next_dist_77a734fe._.js:2297
[   26639ms] [LOG] [Fast Refresh] rebuilding @ http://localhost:3001/_next/static/chunks/b2b3e_next_dist_77a734fe._.js:2297
[   26973ms] [ERROR] Failed to load resource: the server responded with a status of 404 (Not Found) @ http://localhost:3001/avatar.jpg:0
[   27032ms] [INFO] %cDownload the React DevTools for a better development experience: https://react.dev/link/react-devtools font-weight:bold @ http://localhost:3001/_next/static/chunks/b2b3e_next_dist_77a734fe._.js:2297
[   27065ms] [LOG] [HMR] connected @ http://localhost:3001/_next/static/chunks/b2b3e_next_dist_77a734fe._.js:2297
[   27177ms] [LOG] [Fast Refresh] rebuilding @ http://localhost:3001/_next/static/chunks/b2b3e_next_dist_77a734fe._.js:2297
[   27500ms] [ERROR] Failed to load resource: the server responded with a status of 404 (Not Found) @ http://localhost:3001/avatar.jpg:0
[   27558ms] [INFO] %cDownload the React DevTools for a better development experience: https://react.dev/link/react-devtools font-weight:bold @ http://localhost:3001/_next/static/chunks/b2b3e_next_dist_77a734fe._.js:2297
[   27581ms] [LOG] [HMR] connected @ http://localhost:3001/_next/static/chunks/b2b3e_next_dist_77a734fe._.js:2297
[   27689ms] [LOG] [Fast Refresh] rebuilding @ http://localhost:3001/_next/static/chunks/b2b3e_next_dist_77a734fe._.js:2297
[   27986ms] [ERROR] Failed to load resource: the server responded with a status of 404 (Not Found) @ http://localhost:3001/avatar.jpg:0
[   28044ms] [INFO] %cDownload the React DevTools for a better development experience: https://react.dev/link/react-devtools font-weight:bold @ http://localhost:3001/_next/static/chunks/b2b3e_next_dist_77a734fe._.js:2297
[   28081ms] [LOG] [HMR] connected @ http://localhost:3001/_next/static/chunks/b2b3e_next_dist_77a734fe._.js:2297
[   28186ms] [LOG] [Fast Refresh] rebuilding @ http://localhost:3001/_next/static/chunks/b2b3e_next_dist_77a734fe._.js:2297
[   28483ms] [ERROR] Failed to load resource: the server responded with a status of 404 (Not Found) @ http://localhost:3001/avatar.jpg:0
[   28537ms] [INFO] %cDownload the React DevTools for a better development experience: https://react.dev/link/react-devtools font-weight:bold @ http://localhost:3001/_next/static/chunks/b2b3e_next_dist_77a734fe._.js:2297
[   28563ms] [LOG] [HMR] connected @ http://localhost:3001/_next/static/chunks/b2b3e_next_dist_77a734fe._.js:2297
[   28674ms] [LOG] [Fast Refresh] rebuilding @ http://localhost:3001/_next/static/chunks/b2b3e_next_dist_77a734fe._.js:2297
[   28854ms] [ERROR] Failed to load resource: the server responded with a status of 404 (Not Found) @ http://localhost:3001/avatar.jpg:0
[   28914ms] [INFO] %cDownload the React DevTools for a better development experience: https://react.dev/link/react-devtools font-weight:bold @ http://localhost:3001/_next/static/chunks/b2b3e_next_dist_77a734fe._.js:2297
[   28938ms] [LOG] [HMR] connected @ http://localhost:3001/_next/static/chunks/b2b3e_next_dist_77a734fe._.js:2297
[   29058ms] [LOG] [Fast Refresh] rebuilding @ http://localhost:3001/_next/static/chunks/b2b3e_next_dist_77a734fe._.js:2297
[   29347ms] [ERROR] Failed to load resource: the server responded with a status of 404 (Not Found) @ http://localhost:3001/avatar.jpg:0
[   29404ms] [INFO] %cDownload the React DevTools for a better development experience: https://react.dev/link/react-devtools font-weight:bold @ http://localhost:3001/_next/static/chunks/b2b3e_next_dist_77a734fe._.js:2297
[   29439ms] [LOG] [HMR] connected @ http://localhost:3001/_next/static/chunks/b2b3e_next_dist_77a734fe._.js:2297
[   29587ms] [LOG] [Fast Refresh] rebuilding @ http://localhost:3001/_next/static/chunks/b2b3e_next_dist_77a734fe._.js:2297
[   29870ms] [ERROR] Failed to load resource: the server responded with a status of 404 (Not Found) @ http://localhost:3001/avatar.jpg:0
[   29925ms] [INFO] %cDownload the React DevTools for a better development experience: https://react.dev/link/react-devtools font-weight:bold @ http://localhost:3001/_next/static/chunks/b2b3e_next_dist_77a734fe._.js:2297
[   29957ms] [LOG] [HMR] connected @ http://localhost:3001/_next/static/chunks/b2b3e_next_dist_77a734fe._.js:2297
[   30045ms] [LOG] [Fast Refresh] rebuilding @ http://localhost:3001/_next/static/chunks/b2b3e_next_dist_77a734fe._.js:2297
[   30397ms] [ERROR] Failed to load resource: the server responded with a status of 404 (Not Found) @ http://localhost:3001/avatar.jpg:0
[   30454ms] [INFO] %cDownload the React DevTools for a better development experience: https://react.dev/link/react-devtools font-weight:bold @ http://localhost:3001/_next/static/chunks/b2b3e_next_dist_77a734fe._.js:2297
[   30476ms] [LOG] [HMR] connected @ http://localhost:3001/_next/static/chunks/b2b3e_next_dist_77a734fe._.js:2297
[   30569ms] [LOG] [Fast Refresh] rebuilding @ http://localhost:3001/_next/static/chunks/b2b3e_next_dist_77a734fe._.js:2297
[   30877ms] [ERROR] Failed to load resource: the server responded with a status of 404 (Not Found) @ http://localhost:3001/avatar.jpg:0
[   30937ms] [INFO] %cDownload the React DevTools for a better development experience: https://react.dev/link/react-devtools font-weight:bold @ http://localhost:3001/_next/static/chunks/b2b3e_next_dist_77a734fe._.js:2297
[   30972ms] [LOG] [HMR] connected @ http://localhost:3001/_next/static/chunks/b2b3e_next_dist_77a734fe._.js:2297
[   31092ms] [LOG] [Fast Refresh] rebuilding @ http://localhost:3001/_next/static/chunks/b2b3e_next_dist_77a734fe._.js:2297
[   31370ms] [ERROR] Failed to load resource: the server responded with a status of 404 (Not Found) @ http://localhost:3001/avatar.jpg:0
[   31426ms] [INFO] %cDownload the React DevTools for a better development experience: https://react.dev/link/react-devtools font-weight:bold @ http://localhost:3001/_next/static/chunks/b2b3e_next_dist_77a734fe._.js:2297
[   31457ms] [LOG] [HMR] connected @ http://localhost:3001/_next/static/chunks/b2b3e_next_dist_77a734fe._.js:2297
[   31561ms] [LOG] [Fast Refresh] rebuilding @ http://localhost:3001/_next/static/chunks/b2b3e_next_dist_77a734fe._.js:2297
[   31867ms] [ERROR] Failed to load resource: the server responded with a status of 404 (Not Found) @ http://localhost:3001/avatar.jpg:0
[   31928ms] [INFO] %cDownload the React DevTools for a better development experience: https://react.dev/link/react-devtools font-weight:bold @ http://localhost:3001/_next/static/chunks/b2b3e_next_dist_77a734fe._.js:2297
[   31967ms] [LOG] [HMR] connected @ http://localhost:3001/_next/static/chunks/b2b3e_next_dist_77a734fe._.js:2297
[   32063ms] [LOG] [Fast Refresh] rebuilding @ http://localhost:3001/_next/static/chunks/b2b3e_next_dist_77a734fe._.js:2297
[   32346ms] [ERROR] Failed to load resource: the server responded with a status of 404 (Not Found) @ http://localhost:3001/avatar.jpg:0
[   32401ms] [INFO] %cDownload the React DevTools for a better development experience: https://react.dev/link/react-devtools font-weight:bold @ http://localhost:3001/_next/static/chunks/b2b3e_next_dist_77a734fe._.js:2297
[   32425ms] [LOG] [HMR] connected @ http://localhost:3001/_next/static/chunks/b2b3e_next_dist_77a734fe._.js:2297
[   32536ms] [LOG] [Fast Refresh] rebuilding @ http://localhost:3001/_next/static/chunks/b2b3e_next_dist_77a734fe._.js:2297
[   33163ms] [ERROR] Failed to load resource: the server responded with a status of 404 (Not Found) @ http://localhost:3001/avatar.jpg:0
[   33215ms] [INFO] %cDownload the React DevTools for a better development experience: https://react.dev/link/react-devtools font-weight:bold @ http://localhost:3001/_next/static/chunks/b2b3e_next_dist_77a734fe._.js:2297
[   33239ms] [LOG] [HMR] connected @ http://localhost:3001/_next/static/chunks/b2b3e_next_dist_77a734fe._.js:2297
[   33344ms] [LOG] [Fast Refresh] rebuilding @ http://localhost:3001/_next/static/chunks/b2b3e_next_dist_77a734fe._.js:2297
[   33632ms] [ERROR] Failed to load resource: the server responded with a status of 404 (Not Found) @ http://localhost:3001/avatar.jpg:0
[   33687ms] [INFO] %cDownload the React DevTools for a better development experience: https://react.dev/link/react-devtools font-weight:bold @ http://localhost:3001/_next/static/chunks/b2b3e_next_dist_77a734fe._.js:2297
[   33710ms] [LOG] [HMR] connected @ http://localhost:3001/_next/static/chunks/b2b3e_next_dist_77a734fe._.js:2297
[   33811ms] [LOG] [Fast Refresh] rebuilding @ http://localhost:3001/_next/static/chunks/b2b3e_next_dist_77a734fe._.js:2297
[   34090ms] [ERROR] Failed to load resource: the server responded with a status of 404 (Not Found) @ http://localhost:3001/avatar.jpg:0
[   34141ms] [INFO] %cDownload the React DevTools for a better development experience: https://react.dev/link/react-devtools font-weight:bold @ http://localhost:3001/_next/static/chunks/b2b3e_next_dist_77a734fe._.js:2297
[   34162ms] [LOG] [HMR] connected @ http://localhost:3001/_next/static/chunks/b2b3e_next_dist_77a734fe._.js:2297
[   34281ms] [LOG] [Fast Refresh] rebuilding @ http://localhost:3001/_next/static/chunks/b2b3e_next_dist_77a734fe._.js:2297
[   34583ms] [ERROR] Failed to load resource: the server responded with a status of 404 (Not Found) @ http://localhost:3001/avatar.jpg:0
[   34642ms] [INFO] %cDownload the React DevTools for a better development experience: https://react.dev/link/react-devtools font-weight:bold @ http://localhost:3001/_next/static/chunks/b2b3e_next_dist_77a734fe._.js:2297
[   34674ms] [LOG] [HMR] connected @ http://localhost:3001/_next/static/chunks/b2b3e_next_dist_77a734fe._.js:2297
[   34777ms] [LOG] [Fast Refresh] rebuilding @ http://localhost:3001/_next/static/chunks/b2b3e_next_dist_77a734fe._.js:2297
[   35077ms] [ERROR] Failed to load resource: the server responded with a status of 404 (Not Found) @ http://localhost:3001/avatar.jpg:0
[   35137ms] [INFO] %cDownload the React DevTools for a better development experience: https://react.dev/link/react-devtools font-weight:bold @ http://localhost:3001/_next/static/chunks/b2b3e_next_dist_77a734fe._.js:2297
[   35160ms] [LOG] [HMR] connected @ http://localhost:3001/_next/static/chunks/b2b3e_next_dist_77a734fe._.js:2297
[   35281ms] [LOG] [Fast Refresh] rebuilding @ http://localhost:3001/_next/static/chunks/b2b3e_next_dist_77a734fe._.js:2297
[   35625ms] [ERROR] Failed to load resource: the server responded with a status of 404 (Not Found) @ http://localhost:3001/avatar.jpg:0
[   35678ms] [INFO] %cDownload the React DevTools for a better development experience: https://react.dev/link/react-devtools font-weight:bold @ http://localhost:3001/_next/static/chunks/b2b3e_next_dist_77a734fe._.js:2297
[   35711ms] [LOG] [HMR] connected @ http://localhost:3001/_next/static/chunks/b2b3e_next_dist_77a734fe._.js:2297
[   35825ms] [LOG] [Fast Refresh] rebuilding @ http://localhost:3001/_next/static/chunks/b2b3e_next_dist_77a734fe._.js:2297
[   36119ms] [ERROR] Failed to load resource: the server responded with a status of 404 (Not Found) @ http://localhost:3001/avatar.jpg:0
[   36171ms] [INFO] %cDownload the React DevTools for a better development experience: https://react.dev/link/react-devtools font-weight:bold @ http://localhost:3001/_next/static/chunks/b2b3e_next_dist_77a734fe._.js:2297
[   36192ms] [LOG] [HMR] connected @ http://localhost:3001/_next/static/chunks/b2b3e_next_dist_77a734fe._.js:2297
[   36298ms] [LOG] [Fast Refresh] rebuilding @ http://localhost:3001/_next/static/chunks/b2b3e_next_dist_77a734fe._.js:2297
[   36587ms] [ERROR] Failed to load resource: the server responded with a status of 404 (Not Found) @ http://localhost:3001/avatar.jpg:0
[   36641ms] [INFO] %cDownload the React DevTools for a better development experience: https://react.dev/link/react-devtools font-weight:bold @ http://localhost:3001/_next/static/chunks/b2b3e_next_dist_77a734fe._.js:2297
[   36661ms] [LOG] [HMR] connected @ http://localhost:3001/_next/static/chunks/b2b3e_next_dist_77a734fe._.js:2297
[   36775ms] [LOG] [Fast Refresh] rebuilding @ http://localhost:3001/_next/static/chunks/b2b3e_next_dist_77a734fe._.js:2297
[   37089ms] [ERROR] Failed to load resource: the server responded with a status of 404 (Not Found) @ http://localhost:3001/avatar.jpg:0
[   37144ms] [INFO] %cDownload the React DevTools for a better development experience: https://react.dev/link/react-devtools font-weight:bold @ http://localhost:3001/_next/static/chunks/b2b3e_next_dist_77a734fe._.js:2297
[   37175ms] [LOG] [HMR] connected @ http://localhost:3001/_next/static/chunks/b2b3e_next_dist_77a734fe._.js:2297
[   37291ms] [LOG] [Fast Refresh] rebuilding @ http://localhost:3001/_next/static/chunks/b2b3e_next_dist_77a734fe._.js:2297
[   37602ms] [ERROR] Failed to load resource: the server responded with a status of 404 (Not Found) @ http://localhost:3001/avatar.jpg:0
[   37656ms] [INFO] %cDownload the React DevTools for a better development experience: https://react.dev/link/react-devtools font-weight:bold @ http://localhost:3001/_next/static/chunks/b2b3e_next_dist_77a734fe._.js:2297
[   37688ms] [LOG] [HMR] connected @ http://localhost:3001/_next/static/chunks/b2b3e_next_dist_77a734fe._.js:2297
[   37820ms] [LOG] [Fast Refresh] rebuilding @ http://localhost:3001/_next/static/chunks/b2b3e_next_dist_77a734fe._.js:2297
[   38122ms] [ERROR] Failed to load resource: the server responded with a status of 404 (Not Found) @ http://localhost:3001/avatar.jpg:0
[   38180ms] [INFO] %cDownload the React DevTools for a better development experience: https://react.dev/link/react-devtools font-weight:bold @ http://localhost:3001/_next/static/chunks/b2b3e_next_dist_77a734fe._.js:2297
[   38211ms] [LOG] [HMR] connected @ http://localhost:3001/_next/static/chunks/b2b3e_next_dist_77a734fe._.js:2297
[   38324ms] [LOG] [Fast Refresh] rebuilding @ http://localhost:3001/_next/static/chunks/b2b3e_next_dist_77a734fe._.js:2297
[   38627ms] [ERROR] Failed to load resource: the server responded with a status of 404 (Not Found) @ http://localhost:3001/avatar.jpg:0
[   38682ms] [INFO] %cDownload the React DevTools for a better development experience: https://react.dev/link/react-devtools font-weight:bold @ http://localhost:3001/_next/static/chunks/b2b3e_next_dist_77a734fe._.js:2297
[   38715ms] [LOG] [HMR] connected @ http://localhost:3001/_next/static/chunks/b2b3e_next_dist_77a734fe._.js:2297
[   38822ms] [LOG] [Fast Refresh] rebuilding @ http://localhost:3001/_next/static/chunks/b2b3e_next_dist_77a734fe._.js:2297
[   39114ms] [ERROR] Failed to load resource: the server responded with a status of 404 (Not Found) @ http://localhost:3001/avatar.jpg:0
[   39174ms] [INFO] %cDownload the React DevTools for a better development experience: https://react.dev/link/react-devtools font-weight:bold @ http://localhost:3001/_next/static/chunks/b2b3e_next_dist_77a734fe._.js:2297
[   39198ms] [LOG] [HMR] connected @ http://localhost:3001/_next/static/chunks/b2b3e_next_dist_77a734fe._.js:2297
[   39319ms] [LOG] [Fast Refresh] rebuilding @ http://localhost:3001/_next/static/chunks/b2b3e_next_dist_77a734fe._.js:2297
[   39608ms] [ERROR] Failed to load resource: the server responded with a status of 404 (Not Found) @ http://localhost:3001/avatar.jpg:0
[   39660ms] [INFO] %cDownload the React DevTools for a better development experience: https://react.dev/link/react-devtools font-weight:bold @ http://localhost:3001/_next/static/chunks/b2b3e_next_dist_77a734fe._.js:2297
[   39676ms] [LOG] [HMR] connected @ http://localhost:3001/_next/static/chunks/b2b3e_next_dist_77a734fe._.js:2297
[   39814ms] [LOG] [Fast Refresh] rebuilding @ http://localhost:3001/_next/static/chunks/b2b3e_next_dist_77a734fe._.js:2297
[   40106ms] [ERROR] Failed to load resource: the server responded with a status of 404 (Not Found) @ http://localhost:3001/avatar.jpg:0
[   40158ms] [INFO] %cDownload the React DevTools for a better development experience: https://react.dev/link/react-devtools font-weight:bold @ http://localhost:3001/_next/static/chunks/b2b3e_next_dist_77a734fe._.js:2297
[   40181ms] [LOG] [HMR] connected @ http://localhost:3001/_next/static/chunks/b2b3e_next_dist_77a734fe._.js:2297
[   40291ms] [LOG] [Fast Refresh] rebuilding @ http://localhost:3001/_next/static/chunks/b2b3e_next_dist_77a734fe._.js:2297
[   40577ms] [ERROR] Failed to load resource: the server responded with a status of 404 (Not Found) @ http://localhost:3001/avatar.jpg:0
[   40633ms] [INFO] %cDownload the React DevTools for a better development experience: https://react.dev/link/react-devtools font-weight:bold @ http://localhost:3001/_next/static/chunks/b2b3e_next_dist_77a734fe._.js:2297
[   40668ms] [LOG] [HMR] connected @ http://localhost:3001/_next/static/chunks/b2b3e_next_dist_77a734fe._.js:2297
[   40772ms] [LOG] [Fast Refresh] rebuilding @ http://localhost:3001/_next/static/chunks/b2b3e_next_dist_77a734fe._.js:2297
[   41066ms] [ERROR] Failed to load resource: the server responded with a status of 404 (Not Found) @ http://localhost:3001/avatar.jpg:0
[   41123ms] [INFO] %cDownload the React DevTools for a better development experience: https://react.dev/link/react-devtools font-weight:bold @ http://localhost:3001/_next/static/chunks/b2b3e_next_dist_77a734fe._.js:2297
[   41147ms] [LOG] [HMR] connected @ http://localhost:3001/_next/static/chunks/b2b3e_next_dist_77a734fe._.js:2297
[   41258ms] [LOG] [Fast Refresh] rebuilding @ http://localhost:3001/_next/static/chunks/b2b3e_next_dist_77a734fe._.js:2297
[   41555ms] [ERROR] Failed to load resource: the server responded with a status of 404 (Not Found) @ http://localhost:3001/avatar.jpg:0
[   41604ms] [INFO] %cDownload the React DevTools for a better development experience: https://react.dev/link/react-devtools font-weight:bold @ http://localhost:3001/_next/static/chunks/b2b3e_next_dist_77a734fe._.js:2297
[   41624ms] [LOG] [HMR] connected @ http://localhost:3001/_next/static/chunks/b2b3e_next_dist_77a734fe._.js:2297
[   41736ms] [LOG] [Fast Refresh] rebuilding @ http://localhost:3001/_next/static/chunks/b2b3e_next_dist_77a734fe._.js:2297
[   42031ms] [ERROR] Failed to load resource: the server responded with a status of 404 (Not Found) @ http://localhost:3001/avatar.jpg:0
[   42092ms] [INFO] %cDownload the React DevTools for a better development experience: https://react.dev/link/react-devtools font-weight:bold @ http://localhost:3001/_next/static/chunks/b2b3e_next_dist_77a734fe._.js:2297
[   42126ms] [LOG] [HMR] connected @ http://localhost:3001/_next/static/chunks/b2b3e_next_dist_77a734fe._.js:2297
[   42215ms] [LOG] [Fast Refresh] rebuilding @ http://localhost:3001/_next/static/chunks/b2b3e_next_dist_77a734fe._.js:2297
[   42516ms] [ERROR] Failed to load resource: the server responded with a status of 404 (Not Found) @ http://localhost:3001/avatar.jpg:0
[   42571ms] [INFO] %cDownload the React DevTools for a better development experience: https://react.dev/link/react-devtools font-weight:bold @ http://localhost:3001/_next/static/chunks/b2b3e_next_dist_77a734fe._.js:2297
[   42602ms] [LOG] [HMR] connected @ http://localhost:3001/_next/static/chunks/b2b3e_next_dist_77a734fe._.js:2297
[   42705ms] [LOG] [Fast Refresh] rebuilding @ http://localhost:3001/_next/static/chunks/b2b3e_next_dist_77a734fe._.js:2297
[   42991ms] [ERROR] Failed to load resource: the server responded with a status of 404 (Not Found) @ http://localhost:3001/avatar.jpg:0
[   43061ms] [INFO] %cDownload the React DevTools for a better development experience: https://react.dev/link/react-devtools font-weight:bold @ http://localhost:3001/_next/static/chunks/b2b3e_next_dist_77a734fe._.js:2297
[   43077ms] [LOG] [HMR] connected @ http://localhost:3001/_next/static/chunks/b2b3e_next_dist_77a734fe._.js:2297
[   43191ms] [LOG] [Fast Refresh] rebuilding @ http://localhost:3001/_next/static/chunks/b2b3e_next_dist_77a734fe._.js:2297
[   43473ms] [ERROR] Failed to load resource: the server responded with a status of 404 (Not Found) @ http://localhost:3001/avatar.jpg:0
[   43530ms] [INFO] %cDownload the React DevTools for a better development experience: https://react.dev/link/react-devtools font-weight:bold @ http://localhost:3001/_next/static/chunks/b2b3e_next_dist_77a734fe._.js:2297
[   43562ms] [LOG] [HMR] connected @ http://localhost:3001/_next/static/chunks/b2b3e_next_dist_77a734fe._.js:2297
[   43660ms] [LOG] [Fast Refresh] rebuilding @ http://localhost:3001/_next/static/chunks/b2b3e_next_dist_77a734fe._.js:2297
[   43950ms] [ERROR] Failed to load resource: the server responded with a status of 404 (Not Found) @ http://localhost:3001/avatar.jpg:0
[   44013ms] [INFO] %cDownload the React DevTools for a better development experience: https://react.dev/link/react-devtools font-weight:bold @ http://localhost:3001/_next/static/chunks/b2b3e_next_dist_77a734fe._.js:2297
[   44044ms] [LOG] [HMR] connected @ http://localhost:3001/_next/static/chunks/b2b3e_next_dist_77a734fe._.js:2297
[   44153ms] [LOG] [Fast Refresh] rebuilding @ http://localhost:3001/_next/static/chunks/b2b3e_next_dist_77a734fe._.js:2297
[   44442ms] [ERROR] Failed to load resource: the server responded with a status of 404 (Not Found) @ http://localhost:3001/avatar.jpg:0
[   44498ms] [INFO] %cDownload the React DevTools for a better development experience: https://react.dev/link/react-devtools font-weight:bold @ http://localhost:3001/_next/static/chunks/b2b3e_next_dist_77a734fe._.js:2297
[   44531ms] [LOG] [HMR] connected @ http://localhost:3001/_next/static/chunks/b2b3e_next_dist_77a734fe._.js:2297
[   44629ms] [LOG] [Fast Refresh] rebuilding @ http://localhost:3001/_next/static/chunks/b2b3e_next_dist_77a734fe._.js:2297
[   44922ms] [ERROR] Failed to load resource: the server responded with a status of 404 (Not Found) @ http://localhost:3001/avatar.jpg:0
[   44972ms] [INFO] %cDownload the React DevTools for a better development experience: https://react.dev/link/react-devtools font-weight:bold @ http://localhost:3001/_next/static/chunks/b2b3e_next_dist_77a734fe._.js:2297
[   45000ms] [LOG] [HMR] connected @ http://localhost:3001/_next/static/chunks/b2b3e_next_dist_77a734fe._.js:2297
[   45110ms] [LOG] [Fast Refresh] rebuilding @ http://localhost:3001/_next/static/chunks/b2b3e_next_dist_77a734fe._.js:2297
[   45398ms] [ERROR] Failed to load resource: the server responded with a status of 404 (Not Found) @ http://localhost:3001/avatar.jpg:0
[   45451ms] [INFO] %cDownload the React DevTools for a better development experience: https://react.dev/link/react-devtools font-weight:bold @ http://localhost:3001/_next/static/chunks/b2b3e_next_dist_77a734fe._.js:2297
[   45487ms] [LOG] [HMR] connected @ http://localhost:3001/_next/static/chunks/b2b3e_next_dist_77a734fe._.js:2297
[   45601ms] [LOG] [Fast Refresh] rebuilding @ http://localhost:3001/_next/static/chunks/b2b3e_next_dist_77a734fe._.js:2297
[   45898ms] [ERROR] Failed to load resource: the server responded with a status of 404 (Not Found) @ http://localhost:3001/avatar.jpg:0
[   45955ms] [INFO] %cDownload the React DevTools for a better development experience: https://react.dev/link/react-devtools font-weight:bold @ http://localhost:3001/_next/static/chunks/b2b3e_next_dist_77a734fe._.js:2297
[   45988ms] [LOG] [HMR] connected @ http://localhost:3001/_next/static/chunks/b2b3e_next_dist_77a734fe._.js:2297
[   46091ms] [LOG] [Fast Refresh] rebuilding @ http://localhost:3001/_next/static/chunks/b2b3e_next_dist_77a734fe._.js:2297
[   46373ms] [ERROR] Failed to load resource: the server responded with a status of 404 (Not Found) @ http://localhost:3001/avatar.jpg:0
[   46427ms] [INFO] %cDownload the React DevTools for a better development experience: https://react.dev/link/react-devtools font-weight:bold @ http://localhost:3001/_next/static/chunks/b2b3e_next_dist_77a734fe._.js:2297
[   46452ms] [LOG] [HMR] connected @ http://localhost:3001/_next/static/chunks/b2b3e_next_dist_77a734fe._.js:2297
[   46561ms] [LOG] [Fast Refresh] rebuilding @ http://localhost:3001/_next/static/chunks/b2b3e_next_dist_77a734fe._.js:2297
[   46840ms] [ERROR] Failed to load resource: the server responded with a status of 404 (Not Found) @ http://localhost:3001/avatar.jpg:0
[   46896ms] [INFO] %cDownload the React DevTools for a better development experience: https://react.dev/link/react-devtools font-weight:bold @ http://localhost:3001/_next/static/chunks/b2b3e_next_dist_77a734fe._.js:2297
[   46929ms] [LOG] [HMR] connected @ http://localhost:3001/_next/static/chunks/b2b3e_next_dist_77a734fe._.js:2297
[   47036ms] [LOG] [Fast Refresh] rebuilding @ http://localhost:3001/_next/static/chunks/b2b3e_next_dist_77a734fe._.js:2297
[   47318ms] [ERROR] Failed to load resource: the server responded with a status of 404 (Not Found) @ http://localhost:3001/avatar.jpg:0
[   47376ms] [INFO] %cDownload the React DevTools for a better development experience: https://react.dev/link/react-devtools font-weight:bold @ http://localhost:3001/_next/static/chunks/b2b3e_next_dist_77a734fe._.js:2297
[   47399ms] [LOG] [HMR] connected @ http://localhost:3001/_next/static/chunks/b2b3e_next_dist_77a734fe._.js:2297
[   47532ms] [LOG] [Fast Refresh] rebuilding @ http://localhost:3001/_next/static/chunks/b2b3e_next_dist_77a734fe._.js:2297
[   47832ms] [ERROR] Failed to load resource: the server responded with a status of 404 (Not Found) @ http://localhost:3001/avatar.jpg:0
[   47887ms] [INFO] %cDownload the React DevTools for a better development experience: https://react.dev/link/react-devtools font-weight:bold @ http://localhost:3001/_next/static/chunks/b2b3e_next_dist_77a734fe._.js:2297
[   47922ms] [LOG] [HMR] connected @ http://localhost:3001/_next/static/chunks/b2b3e_next_dist_77a734fe._.js:2297
[   48030ms] [LOG] [Fast Refresh] rebuilding @ http://localhost:3001/_next/static/chunks/b2b3e_next_dist_77a734fe._.js:2297
[   48314ms] [ERROR] Failed to load resource: the server responded with a status of 404 (Not Found) @ http://localhost:3001/avatar.jpg:0
[   48370ms] [INFO] %cDownload the React DevTools for a better development experience: https://react.dev/link/react-devtools font-weight:bold @ http://localhost:3001/_next/static/chunks/b2b3e_next_dist_77a734fe._.js:2297
[   48406ms] [LOG] [HMR] connected @ http://localhost:3001/_next/static/chunks/b2b3e_next_dist_77a734fe._.js:2297
[   48493ms] [LOG] [Fast Refresh] rebuilding @ http://localhost:3001/_next/static/chunks/b2b3e_next_dist_77a734fe._.js:2297
[   48784ms] [ERROR] Failed to load resource: the server responded with a status of 404 (Not Found) @ http://localhost:3001/avatar.jpg:0
[   48838ms] [INFO] %cDownload the React DevTools for a better development experience: https://react.dev/link/react-devtools font-weight:bold @ http://localhost:3001/_next/static/chunks/b2b3e_next_dist_77a734fe._.js:2297
[   48872ms] [LOG] [HMR] connected @ http://localhost:3001/_next/static/chunks/b2b3e_next_dist_77a734fe._.js:2297
[   48972ms] [LOG] [Fast Refresh] rebuilding @ http://localhost:3001/_next/static/chunks/b2b3e_next_dist_77a734fe._.js:2297
[   49262ms] [ERROR] Failed to load resource: the server responded with a status of 404 (Not Found) @ http://localhost:3001/avatar.jpg:0
[   49322ms] [INFO] %cDownload the React DevTools for a better development experience: https://react.dev/link/react-devtools font-weight:bold @ http://localhost:3001/_next/static/chunks/b2b3e_next_dist_77a734fe._.js:2297
[   49356ms] [LOG] [HMR] connected @ http://localhost:3001/_next/static/chunks/b2b3e_next_dist_77a734fe._.js:2297
[   49455ms] [LOG] [Fast Refresh] rebuilding @ http://localhost:3001/_next/static/chunks/b2b3e_next_dist_77a734fe._.js:2297
[   49745ms] [ERROR] Failed to load resource: the server responded with a status of 404 (Not Found) @ http://localhost:3001/avatar.jpg:0
[   49800ms] [INFO] %cDownload the React DevTools for a better development experience: https://react.dev/link/react-devtools font-weight:bold @ http://localhost:3001/_next/static/chunks/b2b3e_next_dist_77a734fe._.js:2297
[   49838ms] [LOG] [HMR] connected @ http://localhost:3001/_next/static/chunks/b2b3e_next_dist_77a734fe._.js:2297
[   49948ms] [LOG] [Fast Refresh] rebuilding @ http://localhost:3001/_next/static/chunks/b2b3e_next_dist_77a734fe._.js:2297
[   50232ms] [ERROR] Failed to load resource: the server responded with a status of 404 (Not Found) @ http://localhost:3001/avatar.jpg:0
[   50286ms] [INFO] %cDownload the React DevTools for a better development experience: https://react.dev/link/react-devtools font-weight:bold @ http://localhost:3001/_next/static/chunks/b2b3e_next_dist_77a734fe._.js:2297
[   50322ms] [LOG] [HMR] connected @ http://localhost:3001/_next/static/chunks/b2b3e_next_dist_77a734fe._.js:2297
[   50432ms] [LOG] [Fast Refresh] rebuilding @ http://localhost:3001/_next/static/chunks/b2b3e_next_dist_77a734fe._.js:2297
[   50729ms] [ERROR] Failed to load resource: the server responded with a status of 404 (Not Found) @ http://localhost:3001/avatar.jpg:0
[   50782ms] [INFO] %cDownload the React DevTools for a better development experience: https://react.dev/link/react-devtools font-weight:bold @ http://localhost:3001/_next/static/chunks/b2b3e_next_dist_77a734fe._.js:2297
[   50804ms] [LOG] [HMR] connected @ http://localhost:3001/_next/static/chunks/b2b3e_next_dist_77a734fe._.js:2297
[   50916ms] [LOG] [Fast Refresh] rebuilding @ http://localhost:3001/_next/static/chunks/b2b3e_next_dist_77a734fe._.js:2297
[   51212ms] [ERROR] Failed to load resource: the server responded with a status of 404 (Not Found) @ http://localhost:3001/avatar.jpg:0
[   51264ms] [INFO] %cDownload the React DevTools for a better development experience: https://react.dev/link/react-devtools font-weight:bold @ http://localhost:3001/_next/static/chunks/b2b3e_next_dist_77a734fe._.js:2297
[   51290ms] [LOG] [HMR] connected @ http://localhost:3001/_next/static/chunks/b2b3e_next_dist_77a734fe._.js:2297
[   51411ms] [LOG] [Fast Refresh] rebuilding @ http://localhost:3001/_next/static/chunks/b2b3e_next_dist_77a734fe._.js:2297
[   51696ms] [ERROR] Failed to load resource: the server responded with a status of 404 (Not Found) @ http://localhost:3001/avatar.jpg:0
[   51750ms] [INFO] %cDownload the React DevTools for a better development experience: https://react.dev/link/react-devtools font-weight:bold @ http://localhost:3001/_next/static/chunks/b2b3e_next_dist_77a734fe._.js:2297
[   51772ms] [LOG] [HMR] connected @ http://localhost:3001/_next/static/chunks/b2b3e_next_dist_77a734fe._.js:2297
[   51885ms] [LOG] [Fast Refresh] rebuilding @ http://localhost:3001/_next/static/chunks/b2b3e_next_dist_77a734fe._.js:2297
[   52180ms] [ERROR] Failed to load resource: the server responded with a status of 404 (Not Found) @ http://localhost:3001/avatar.jpg:0
[   52235ms] [INFO] %cDownload the React DevTools for a better development experience: https://react.dev/link/react-devtools font-weight:bold @ http://localhost:3001/_next/static/chunks/b2b3e_next_dist_77a734fe._.js:2297
[   52256ms] [LOG] [HMR] connected @ http://localhost:3001/_next/static/chunks/b2b3e_next_dist_77a734fe._.js:2297
[   52367ms] [LOG] [Fast Refresh] rebuilding @ http://localhost:3001/_next/static/chunks/b2b3e_next_dist_77a734fe._.js:2297
[   52657ms] [ERROR] Failed to load resource: the server responded with a status of 404 (Not Found) @ http://localhost:3001/avatar.jpg:0
[   52710ms] [INFO] %cDownload the React DevTools for a better development experience: https://react.dev/link/react-devtools font-weight:bold @ http://localhost:3001/_next/static/chunks/b2b3e_next_dist_77a734fe._.js:2297
[   52732ms] [LOG] [HMR] connected @ http://localhost:3001/_next/static/chunks/b2b3e_next_dist_77a734fe._.js:2297
[   52872ms] [LOG] [Fast Refresh] rebuilding @ http://localhost:3001/_next/static/chunks/b2b3e_next_dist_77a734fe._.js:2297
[   53183ms] [ERROR] Failed to load resource: the server responded with a status of 404 (Not Found) @ http://localhost:3001/avatar.jpg:0
[   53235ms] [INFO] %cDownload the React DevTools for a better development experience: https://react.dev/link/react-devtools font-weight:bold @ http://localhost:3001/_next/static/chunks/b2b3e_next_dist_77a734fe._.js:2297
[   53258ms] [LOG] [HMR] connected @ http://localhost:3001/_next/static/chunks/b2b3e_next_dist_77a734fe._.js:2297
[   53387ms] [LOG] [Fast Refresh] rebuilding @ http://localhost:3001/_next/static/chunks/b2b3e_next_dist_77a734fe._.js:2297
[   53686ms] [ERROR] Failed to load resource: the server responded with a status of 404 (Not Found) @ http://localhost:3001/avatar.jpg:0
[   53739ms] [INFO] %cDownload the React DevTools for a better development experience: https://react.dev/link/react-devtools font-weight:bold @ http://localhost:3001/_next/static/chunks/b2b3e_next_dist_77a734fe._.js:2297
[   53758ms] [LOG] [HMR] connected @ http://localhost:3001/_next/static/chunks/b2b3e_next_dist_77a734fe._.js:2297
[   53877ms] [LOG] [Fast Refresh] rebuilding @ http://localhost:3001/_next/static/chunks/b2b3e_next_dist_77a734fe._.js:2297
[   54193ms] [ERROR] Failed to load resource: the server responded with a status of 404 (Not Found) @ http://localhost:3001/avatar.jpg:0
[   54250ms] [INFO] %cDownload the React DevTools for a better development experience: https://react.dev/link/react-devtools font-weight:bold @ http://localhost:3001/_next/static/chunks/b2b3e_next_dist_77a734fe._.js:2297
[   54276ms] [LOG] [HMR] connected @ http://localhost:3001/_next/static/chunks/b2b3e_next_dist_77a734fe._.js:2297
[   54391ms] [LOG] [Fast Refresh] rebuilding @ http://localhost:3001/_next/static/chunks/b2b3e_next_dist_77a734fe._.js:2297
[   54710ms] [ERROR] Failed to load resource: the server responded with a status of 404 (Not Found) @ http://localhost:3001/avatar.jpg:0
[   54770ms] [INFO] %cDownload the React DevTools for a better development experience: https://react.dev/link/react-devtools font-weight:bold @ http://localhost:3001/_next/static/chunks/b2b3e_next_dist_77a734fe._.js:2297
[   54792ms] [LOG] [HMR] connected @ http://localhost:3001/_next/static/chunks/b2b3e_next_dist_77a734fe._.js:2297
[   54905ms] [LOG] [Fast Refresh] rebuilding @ http://localhost:3001/_next/static/chunks/b2b3e_next_dist_77a734fe._.js:2297
[   55215ms] [ERROR] Failed to load resource: the server responded with a status of 404 (Not Found) @ http://localhost:3001/avatar.jpg:0
[   55266ms] [INFO] %cDownload the React DevTools for a better development experience: https://react.dev/link/react-devtools font-weight:bold @ http://localhost:3001/_next/static/chunks/b2b3e_next_dist_77a734fe._.js:2297
[   55289ms] [LOG] [HMR] connected @ http://localhost:3001/_next/static/chunks/b2b3e_next_dist_77a734fe._.js:2297
[   55401ms] [LOG] [Fast Refresh] rebuilding @ http://localhost:3001/_next/static/chunks/b2b3e_next_dist_77a734fe._.js:2297
[   55729ms] [ERROR] Failed to load resource: the server responded with a status of 404 (Not Found) @ http://localhost:3001/avatar.jpg:0
[   55788ms] [INFO] %cDownload the React DevTools for a better development experience: https://react.dev/link/react-devtools font-weight:bold @ http://localhost:3001/_next/static/chunks/b2b3e_next_dist_77a734fe._.js:2297
[   55813ms] [LOG] [HMR] connected @ http://localhost:3001/_next/static/chunks/b2b3e_next_dist_77a734fe._.js:2297
[   55929ms] [LOG] [Fast Refresh] rebuilding @ http://localhost:3001/_next/static/chunks/b2b3e_next_dist_77a734fe._.js:2297
[   56247ms] [ERROR] Failed to load resource: the server responded with a status of 404 (Not Found) @ http://localhost:3001/avatar.jpg:0
[   56300ms] [INFO] %cDownload the React DevTools for a better development experience: https://react.dev/link/react-devtools font-weight:bold @ http://localhost:3001/_next/static/chunks/b2b3e_next_dist_77a734fe._.js:2297
[   56325ms] [LOG] [HMR] connected @ http://localhost:3001/_next/static/chunks/b2b3e_next_dist_77a734fe._.js:2297
[   56446ms] [LOG] [Fast Refresh] rebuilding @ http://localhost:3001/_next/static/chunks/b2b3e_next_dist_77a734fe._.js:2297
[   57134ms] [ERROR] Failed to load resource: the server responded with a status of 404 (Not Found) @ http://localhost:3001/avatar.jpg:0
[   57189ms] [INFO] %cDownload the React DevTools for a better development experience: https://react.dev/link/react-devtools font-weight:bold @ http://localhost:3001/_next/static/chunks/b2b3e_next_dist_77a734fe._.js:2297
[   57212ms] [LOG] [HMR] connected @ http://localhost:3001/_next/static/chunks/b2b3e_next_dist_77a734fe._.js:2297
[   57324ms] [LOG] [Fast Refresh] rebuilding @ http://localhost:3001/_next/static/chunks/b2b3e_next_dist_77a734fe._.js:2297
[   57629ms] [ERROR] Failed to load resource: the server responded with a status of 404 (Not Found) @ http://localhost:3001/avatar.jpg:0
[   57677ms] [INFO] %cDownload the React DevTools for a better development experience: https://react.dev/link/react-devtools font-weight:bold @ http://localhost:3001/_next/static/chunks/b2b3e_next_dist_77a734fe._.js:2297
[   57703ms] [LOG] [HMR] connected @ http://localhost:3001/_next/static/chunks/b2b3e_next_dist_77a734fe._.js:2297
[   57820ms] [LOG] [Fast Refresh] rebuilding @ http://localhost:3001/_next/static/chunks/b2b3e_next_dist_77a734fe._.js:2297
[   58125ms] [ERROR] Failed to load resource: the server responded with a status of 404 (Not Found) @ http://localhost:3001/avatar.jpg:0
[   58174ms] [INFO] %cDownload the React DevTools for a better development experience: https://react.dev/link/react-devtools font-weight:bold @ http://localhost:3001/_next/static/chunks/b2b3e_next_dist_77a734fe._.js:2297
[   58197ms] [LOG] [HMR] connected @ http://localhost:3001/_next/static/chunks/b2b3e_next_dist_77a734fe._.js:2297
[   58308ms] [LOG] [Fast Refresh] rebuilding @ http://localhost:3001/_next/static/chunks/b2b3e_next_dist_77a734fe._.js:2297
[   58599ms] [ERROR] Failed to load resource: the server responded with a status of 404 (Not Found) @ http://localhost:3001/avatar.jpg:0
[   58653ms] [INFO] %cDownload the React DevTools for a better development experience: https://react.dev/link/react-devtools font-weight:bold @ http://localhost:3001/_next/static/chunks/b2b3e_next_dist_77a734fe._.js:2297
[   58678ms] [LOG] [HMR] connected @ http://localhost:3001/_next/static/chunks/b2b3e_next_dist_77a734fe._.js:2297
[   58693ms] [LOG] [Fast Refresh] rebuilding @ http://localhost:3001/_next/static/chunks/b2b3e_next_dist_77a734fe._.js:2297
[   58981ms] [ERROR] Failed to load resource: the server responded with a status of 404 (Not Found) @ http://localhost:3001/avatar.jpg:0
[   59035ms] [INFO] %cDownload the React DevTools for a better development experience: https://react.dev/link/react-devtools font-weight:bold @ http://localhost:3001/_next/static/chunks/b2b3e_next_dist_77a734fe._.js:2297
[   59057ms] [LOG] [HMR] connected @ http://localhost:3001/_next/static/chunks/b2b3e_next_dist_77a734fe._.js:2297
[   59173ms] [LOG] [Fast Refresh] rebuilding @ http://localhost:3001/_next/static/chunks/b2b3e_next_dist_77a734fe._.js:2297
[   59451ms] [ERROR] Failed to load resource: the server responded with a status of 404 (Not Found) @ http://localhost:3001/avatar.jpg:0
[   59505ms] [INFO] %cDownload the React DevTools for a better development experience: https://react.dev/link/react-devtools font-weight:bold @ http://localhost:3001/_next/static/chunks/b2b3e_next_dist_77a734fe._.js:2297
[   59530ms] [LOG] [HMR] connected @ http://localhost:3001/_next/static/chunks/b2b3e_next_dist_77a734fe._.js:2297
[   59627ms] [LOG] [Fast Refresh] rebuilding @ http://localhost:3001/_next/static/chunks/b2b3e_next_dist_77a734fe._.js:2297
[   59909ms] [ERROR] Failed to load resource: the server responded with a status of 404 (Not Found) @ http://localhost:3001/avatar.jpg:0
[   59963ms] [INFO] %cDownload the React DevTools for a better development experience: https://react.dev/link/react-devtools font-weight:bold @ http://localhost:3001/_next/static/chunks/b2b3e_next_dist_77a734fe._.js:2297
[   59985ms] [LOG] [HMR] connected @ http://localhost:3001/_next/static/chunks/b2b3e_next_dist_77a734fe._.js:2297
[   60086ms] [LOG] [Fast Refresh] rebuilding @ http://localhost:3001/_next/static/chunks/b2b3e_next_dist_77a734fe._.js:2297
[   60362ms] [ERROR] Failed to load resource: the server responded with a status of 404 (Not Found) @ http://localhost:3001/avatar.jpg:0
[   60414ms] [INFO] %cDownload the React DevTools for a better development experience: https://react.dev/link/react-devtools font-weight:bold @ http://localhost:3001/_next/static/chunks/b2b3e_next_dist_77a734fe._.js:2297
[   60437ms] [LOG] [HMR] connected @ http://localhost:3001/_next/static/chunks/b2b3e_next_dist_77a734fe._.js:2297
[   60531ms] [LOG] [Fast Refresh] rebuilding @ http://localhost:3001/_next/static/chunks/b2b3e_next_dist_77a734fe._.js:2297
[   60852ms] [ERROR] Failed to load resource: the server responded with a status of 404 (Not Found) @ http://localhost:3001/avatar.jpg:0
[   60921ms] [INFO] %cDownload the React DevTools for a better development experience: https://react.dev/link/react-devtools font-weight:bold @ http://localhost:3001/_next/static/chunks/b2b3e_next_dist_77a734fe._.js:2297
[   60948ms] [LOG] [HMR] connected @ http://localhost:3001/_next/static/chunks/b2b3e_next_dist_77a734fe._.js:2297
[   61048ms] [LOG] [Fast Refresh] rebuilding @ http://localhost:3001/_next/static/chunks/b2b3e_next_dist_77a734fe._.js:2297
[   61347ms] [ERROR] Failed to load resource: the server responded with a status of 404 (Not Found) @ http://localhost:3001/avatar.jpg:0
[   61404ms] [INFO] %cDownload the React DevTools for a better development experience: https://react.dev/link/react-devtools font-weight:bold @ http://localhost:3001/_next/static/chunks/b2b3e_next_dist_77a734fe._.js:2297
[   61431ms] [LOG] [HMR] connected @ http://localhost:3001/_next/static/chunks/b2b3e_next_dist_77a734fe._.js:2297
[   61558ms] [LOG] [Fast Refresh] rebuilding @ http://localhost:3001/_next/static/chunks/b2b3e_next_dist_77a734fe._.js:2297
[   61851ms] [ERROR] Failed to load resource: the server responded with a status of 404 (Not Found) @ http://localhost:3001/avatar.jpg:0
[   61907ms] [INFO] %cDownload the React DevTools for a better development experience: https://react.dev/link/react-devtools font-weight:bold @ http://localhost:3001/_next/static/chunks/b2b3e_next_dist_77a734fe._.js:2297
[   61930ms] [LOG] [HMR] connected @ http://localhost:3001/_next/static/chunks/b2b3e_next_dist_77a734fe._.js:2297
[   62034ms] [LOG] [Fast Refresh] rebuilding @ http://localhost:3001/_next/static/chunks/b2b3e_next_dist_77a734fe._.js:2297
[   62312ms] [ERROR] Failed to load resource: the server responded with a status of 404 (Not Found) @ http://localhost:3001/avatar.jpg:0
[   62539ms] [INFO] %cDownload the React DevTools for a better development experience: https://react.dev/link/react-devtools font-weight:bold @ http://localhost:3001/_next/static/chunks/b2b3e_next_dist_77a734fe._.js:2297
[   62567ms] [LOG] [HMR] connected @ http://localhost:3001/_next/static/chunks/b2b3e_next_dist_77a734fe._.js:2297
[   62596ms] [LOG] [Fast Refresh] rebuilding @ http://localhost:3001/_next/static/chunks/b2b3e_next_dist_77a734fe._.js:2297
[   62918ms] [ERROR] Failed to load resource: the server responded with a status of 404 (Not Found) @ http://localhost:3001/avatar.jpg:0
[   62964ms] [INFO] %cDownload the React DevTools for a better development experience: https://react.dev/link/react-devtools font-weight:bold @ http://localhost:3001/_next/static/chunks/b2b3e_next_dist_77a734fe._.js:2297
[   62989ms] [LOG] [HMR] connected @ http://localhost:3001/_next/static/chunks/b2b3e_next_dist_77a734fe._.js:2297
[   63115ms] [LOG] [Fast Refresh] rebuilding @ http://localhost:3001/_next/static/chunks/b2b3e_next_dist_77a734fe._.js:2297
[   63402ms] [ERROR] Failed to load resource: the server responded with a status of 404 (Not Found) @ http://localhost:3001/avatar.jpg:0
[   63456ms] [INFO] %cDownload the React DevTools for a better development experience: https://react.dev/link/react-devtools font-weight:bold @ http://localhost:3001/_next/static/chunks/b2b3e_next_dist_77a734fe._.js:2297
[   63480ms] [LOG] [HMR] connected @ http://localhost:3001/_next/static/chunks/b2b3e_next_dist_77a734fe._.js:2297
[   63579ms] [LOG] [Fast Refresh] rebuilding @ http://localhost:3001/_next/static/chunks/b2b3e_next_dist_77a734fe._.js:2297
[   63882ms] [ERROR] Failed to load resource: the server responded with a status of 404 (Not Found) @ http://localhost:3001/avatar.jpg:0
[   63941ms] [INFO] %cDownload the React DevTools for a better development experience: https://react.dev/link/react-devtools font-weight:bold @ http://localhost:3001/_next/static/chunks/b2b3e_next_dist_77a734fe._.js:2297
[   63964ms] [LOG] [HMR] connected @ http://localhost:3001/_next/static/chunks/b2b3e_next_dist_77a734fe._.js:2297
[   64074ms] [LOG] [Fast Refresh] rebuilding @ http://localhost:3001/_next/static/chunks/b2b3e_next_dist_77a734fe._.js:2297
[   64362ms] [ERROR] Failed to load resource: the server responded with a status of 404 (Not Found) @ http://localhost:3001/avatar.jpg:0
[   64414ms] [INFO] %cDownload the React DevTools for a better development experience: https://react.dev/link/react-devtools font-weight:bold @ http://localhost:3001/_next/static/chunks/b2b3e_next_dist_77a734fe._.js:2297
[   64435ms] [LOG] [HMR] connected @ http://localhost:3001/_next/static/chunks/b2b3e_next_dist_77a734fe._.js:2297
[   64534ms] [LOG] [Fast Refresh] rebuilding @ http://localhost:3001/_next/static/chunks/b2b3e_next_dist_77a734fe._.js:2297
[   64823ms] [ERROR] Failed to load resource: the server responded with a status of 404 (Not Found) @ http://localhost:3001/avatar.jpg:0
[   64875ms] [INFO] %cDownload the React DevTools for a better development experience: https://react.dev/link/react-devtools font-weight:bold @ http://localhost:3001/_next/static/chunks/b2b3e_next_dist_77a734fe._.js:2297
[   64894ms] [LOG] [HMR] connected @ http://localhost:3001/_next/static/chunks/b2b3e_next_dist_77a734fe._.js:2297
[   65004ms] [LOG] [Fast Refresh] rebuilding @ http://localhost:3001/_next/static/chunks/b2b3e_next_dist_77a734fe._.js:2297
[   65295ms] [ERROR] Failed to load resource: the server responded with a status of 404 (Not Found) @ http://localhost:3001/avatar.jpg:0
[   65349ms] [INFO] %cDownload the React DevTools for a better development experience: https://react.dev/link/react-devtools font-weight:bold @ http://localhost:3001/_next/static/chunks/b2b3e_next_dist_77a734fe._.js:2297
[   65373ms] [LOG] [HMR] connected @ http://localhost:3001/_next/static/chunks/b2b3e_next_dist_77a734fe._.js:2297
[   65476ms] [LOG] [Fast Refresh] rebuilding @ http://localhost:3001/_next/static/chunks/b2b3e_next_dist_77a734fe._.js:2297
[   65778ms] [ERROR] Failed to load resource: the server responded with a status of 404 (Not Found) @ http://localhost:3001/avatar.jpg:0
[   65839ms] [INFO] %cDownload the React DevTools for a better development experience: https://react.dev/link/react-devtools font-weight:bold @ http://localhost:3001/_next/static/chunks/b2b3e_next_dist_77a734fe._.js:2297
[   65863ms] [LOG] [HMR] connected @ http://localhost:3001/_next/static/chunks/b2b3e_next_dist_77a734fe._.js:2297
[   65993ms] [LOG] [Fast Refresh] rebuilding @ http://localhost:3001/_next/static/chunks/b2b3e_next_dist_77a734fe._.js:2297
[   66338ms] [ERROR] Failed to load resource: the server responded with a status of 404 (Not Found) @ http://localhost:3001/avatar.jpg:0
[   66392ms] [INFO] %cDownload the React DevTools for a better development experience: https://react.dev/link/react-devtools font-weight:bold @ http://localhost:3001/_next/static/chunks/b2b3e_next_dist_77a734fe._.js:2297
[   66417ms] [LOG] [HMR] connected @ http://localhost:3001/_next/static/chunks/b2b3e_next_dist_77a734fe._.js:2297
[   66524ms] [LOG] [Fast Refresh] rebuilding @ http://localhost:3001/_next/static/chunks/b2b3e_next_dist_77a734fe._.js:2297
[   66835ms] [ERROR] Failed to load resource: the server responded with a status of 404 (Not Found) @ http://localhost:3001/avatar.jpg:0
[   66885ms] [INFO] %cDownload the React DevTools for a better development experience: https://react.dev/link/react-devtools font-weight:bold @ http://localhost:3001/_next/static/chunks/b2b3e_next_dist_77a734fe._.js:2297
[   66908ms] [LOG] [HMR] connected @ http://localhost:3001/_next/static/chunks/b2b3e_next_dist_77a734fe._.js:2297
[   67024ms] [LOG] [Fast Refresh] rebuilding @ http://localhost:3001/_next/static/chunks/b2b3e_next_dist_77a734fe._.js:2297
[   67309ms] [ERROR] Failed to load resource: the server responded with a status of 404 (Not Found) @ http://localhost:3001/avatar.jpg:0
[   67360ms] [INFO] %cDownload the React DevTools for a better development experience: https://react.dev/link/react-devtools font-weight:bold @ http://localhost:3001/_next/static/chunks/b2b3e_next_dist_77a734fe._.js:2297
[   67385ms] [LOG] [HMR] connected @ http://localhost:3001/_next/static/chunks/b2b3e_next_dist_77a734fe._.js:2297
[   67498ms] [LOG] [Fast Refresh] rebuilding @ http://localhost:3001/_next/static/chunks/b2b3e_next_dist_77a734fe._.js:2297
[   67785ms] [ERROR] Failed to load resource: the server responded with a status of 404 (Not Found) @ http://localhost:3001/avatar.jpg:0
[   67834ms] [INFO] %cDownload the React DevTools for a better development experience: https://react.dev/link/react-devtools font-weight:bold @ http://localhost:3001/_next/static/chunks/b2b3e_next_dist_77a734fe._.js:2297
[   67855ms] [LOG] [HMR] connected @ http://localhost:3001/_next/static/chunks/b2b3e_next_dist_77a734fe._.js:2297
[   67967ms] [LOG] [Fast Refresh] rebuilding @ http://localhost:3001/_next/static/chunks/b2b3e_next_dist_77a734fe._.js:2297
[   68253ms] [ERROR] Failed to load resource: the server responded with a status of 404 (Not Found) @ http://localhost:3001/avatar.jpg:0
[   68307ms] [INFO] %cDownload the React DevTools for a better development experience: https://react.dev/link/react-devtools font-weight:bold @ http://localhost:3001/_next/static/chunks/b2b3e_next_dist_77a734fe._.js:2297
[   68329ms] [LOG] [HMR] connected @ http://localhost:3001/_next/static/chunks/b2b3e_next_dist_77a734fe._.js:2297
[   68429ms] [LOG] [Fast Refresh] rebuilding @ http://localhost:3001/_next/static/chunks/b2b3e_next_dist_77a734fe._.js:2297
[   68717ms] [ERROR] Failed to load resource: the server responded with a status of 404 (Not Found) @ http://localhost:3001/avatar.jpg:0
[   68770ms] [INFO] %cDownload the React DevTools for a better development experience: https://react.dev/link/react-devtools font-weight:bold @ http://localhost:3001/_next/static/chunks/b2b3e_next_dist_77a734fe._.js:2297
[   68788ms] [LOG] [HMR] connected @ http://localhost:3001/_next/static/chunks/b2b3e_next_dist_77a734fe._.js:2297
[   68911ms] [LOG] [Fast Refresh] rebuilding @ http://localhost:3001/_next/static/chunks/b2b3e_next_dist_77a734fe._.js:2297
[   69192ms] [ERROR] Failed to load resource: the server responded with a status of 404 (Not Found) @ http://localhost:3001/avatar.jpg:0
[   69241ms] [INFO] %cDownload the React DevTools for a better development experience: https://react.dev/link/react-devtools font-weight:bold @ http://localhost:3001/_next/static/chunks/b2b3e_next_dist_77a734fe._.js:2297
[   69264ms] [LOG] [HMR] connected @ http://localhost:3001/_next/static/chunks/b2b3e_next_dist_77a734fe._.js:2297
[   69367ms] [LOG] [Fast Refresh] rebuilding @ http://localhost:3001/_next/static/chunks/b2b3e_next_dist_77a734fe._.js:2297
[   69659ms] [ERROR] Failed to load resource: the server responded with a status of 404 (Not Found) @ http://localhost:3001/avatar.jpg:0
[   69712ms] [INFO] %cDownload the React DevTools for a better development experience: https://react.dev/link/react-devtools font-weight:bold @ http://localhost:3001/_next/static/chunks/b2b3e_next_dist_77a734fe._.js:2297
[   69736ms] [LOG] [HMR] connected @ http://localhost:3001/_next/static/chunks/b2b3e_next_dist_77a734fe._.js:2297
[   69838ms] [LOG] [Fast Refresh] rebuilding @ http://localhost:3001/_next/static/chunks/b2b3e_next_dist_77a734fe._.js:2297
[   70136ms] [ERROR] Failed to load resource: the server responded with a status of 404 (Not Found) @ http://localhost:3001/avatar.jpg:0
[   70188ms] [INFO] %cDownload the React DevTools for a better development experience: https://react.dev/link/react-devtools font-weight:bold @ http://localhost:3001/_next/static/chunks/b2b3e_next_dist_77a734fe._.js:2297
[   70209ms] [LOG] [HMR] connected @ http://localhost:3001/_next/static/chunks/b2b3e_next_dist_77a734fe._.js:2297
[   70313ms] [LOG] [Fast Refresh] rebuilding @ http://localhost:3001/_next/static/chunks/b2b3e_next_dist_77a734fe._.js:2297
[   70595ms] [ERROR] Failed to load resource: the server responded with a status of 404 (Not Found) @ http://localhost:3001/avatar.jpg:0
[   70647ms] [INFO] %cDownload the React DevTools for a better development experience: https://react.dev/link/react-devtools font-weight:bold @ http://localhost:3001/_next/static/chunks/b2b3e_next_dist_77a734fe._.js:2297
[   70670ms] [LOG] [HMR] connected @ http://localhost:3001/_next/static/chunks/b2b3e_next_dist_77a734fe._.js:2297
[   70778ms] [LOG] [Fast Refresh] rebuilding @ http://localhost:3001/_next/static/chunks/b2b3e_next_dist_77a734fe._.js:2297
[   71065ms] [ERROR] Failed to load resource: the server responded with a status of 404 (Not Found) @ http://localhost:3001/avatar.jpg:0
[   71116ms] [INFO] %cDownload the React DevTools for a better development experience: https://react.dev/link/react-devtools font-weight:bold @ http://localhost:3001/_next/static/chunks/b2b3e_next_dist_77a734fe._.js:2297
[   71132ms] [LOG] [HMR] connected @ http://localhost:3001/_next/static/chunks/b2b3e_next_dist_77a734fe._.js:2297
[   71248ms] [LOG] [Fast Refresh] rebuilding @ http://localhost:3001/_next/static/chunks/b2b3e_next_dist_77a734fe._.js:2297
[   71538ms] [ERROR] Failed to load resource: the server responded with a status of 404 (Not Found) @ http://localhost:3001/avatar.jpg:0
[   71590ms] [INFO] %cDownload the React DevTools for a better development experience: https://react.dev/link/react-devtools font-weight:bold @ http://localhost:3001/_next/static/chunks/b2b3e_next_dist_77a734fe._.js:2297
[   71612ms] [LOG] [HMR] connected @ http://localhost:3001/_next/static/chunks/b2b3e_next_dist_77a734fe._.js:2297
[   71725ms] [LOG] [Fast Refresh] rebuilding @ http://localhost:3001/_next/static/chunks/b2b3e_next_dist_77a734fe._.js:2297
[   72028ms] [ERROR] Failed to load resource: the server responded with a status of 404 (Not Found) @ http://localhost:3001/avatar.jpg:0
[   72079ms] [INFO] %cDownload the React DevTools for a better development experience: https://react.dev/link/react-devtools font-weight:bold @ http://localhost:3001/_next/static/chunks/b2b3e_next_dist_77a734fe._.js:2297
[   72102ms] [LOG] [HMR] connected @ http://localhost:3001/_next/static/chunks/b2b3e_next_dist_77a734fe._.js:2297
[   72218ms] [LOG] [Fast Refresh] rebuilding @ http://localhost:3001/_next/static/chunks/b2b3e_next_dist_77a734fe._.js:2297
[   72522ms] [ERROR] Failed to load resource: the server responded with a status of 404 (Not Found) @ http://localhost:3001/avatar.jpg:0
[   72575ms] [INFO] %cDownload the React DevTools for a better development experience: https://react.dev/link/react-devtools font-weight:bold @ http://localhost:3001/_next/static/chunks/b2b3e_next_dist_77a734fe._.js:2297
[   72598ms] [LOG] [HMR] connected @ http://localhost:3001/_next/static/chunks/b2b3e_next_dist_77a734fe._.js:2297
[   72703ms] [LOG] [Fast Refresh] rebuilding @ http://localhost:3001/_next/static/chunks/b2b3e_next_dist_77a734fe._.js:2297
[   73008ms] [ERROR] Failed to load resource: the server responded with a status of 404 (Not Found) @ http://localhost:3001/avatar.jpg:0
[   73069ms] [INFO] %cDownload the React DevTools for a better development experience: https://react.dev/link/react-devtools font-weight:bold @ http://localhost:3001/_next/static/chunks/b2b3e_next_dist_77a734fe._.js:2297
[   73091ms] [LOG] [HMR] connected @ http://localhost:3001/_next/static/chunks/b2b3e_next_dist_77a734fe._.js:2297
[   73203ms] [LOG] [Fast Refresh] rebuilding @ http://localhost:3001/_next/static/chunks/b2b3e_next_dist_77a734fe._.js:2297
[   73496ms] [ERROR] Failed to load resource: the server responded with a status of 404 (Not Found) @ http://localhost:3001/avatar.jpg:0
[   73547ms] [INFO] %cDownload the React DevTools for a better development experience: https://react.dev/link/react-devtools font-weight:bold @ http://localhost:3001/_next/static/chunks/b2b3e_next_dist_77a734fe._.js:2297
[   73571ms] [LOG] [HMR] connected @ http://localhost:3001/_next/static/chunks/b2b3e_next_dist_77a734fe._.js:2297
[   73671ms] [LOG] [Fast Refresh] rebuilding @ http://localhost:3001/_next/static/chunks/b2b3e_next_dist_77a734fe._.js:2297
[   73967ms] [ERROR] Failed to load resource: the server responded with a status of 404 (Not Found) @ http://localhost:3001/avatar.jpg:0
[   74019ms] [INFO] %cDownload the React DevTools for a better development experience: https://react.dev/link/react-devtools font-weight:bold @ http://localhost:3001/_next/static/chunks/b2b3e_next_dist_77a734fe._.js:2297
[   74037ms] [LOG] [HMR] connected @ http://localhost:3001/_next/static/chunks/b2b3e_next_dist_77a734fe._.js:2297
[   74152ms] [LOG] [Fast Refresh] rebuilding @ http://localhost:3001/_next/static/chunks/b2b3e_next_dist_77a734fe._.js:2297
[   74443ms] [ERROR] Failed to load resource: the server responded with a status of 404 (Not Found) @ http://localhost:3001/avatar.jpg:0
[   74493ms] [INFO] %cDownload the React DevTools for a better development experience: https://react.dev/link/react-devtools font-weight:bold @ http://localhost:3001/_next/static/chunks/b2b3e_next_dist_77a734fe._.js:2297
[   74518ms] [LOG] [HMR] connected @ http://localhost:3001/_next/static/chunks/b2b3e_next_dist_77a734fe._.js:2297
[   74629ms] [LOG] [Fast Refresh] rebuilding @ http://localhost:3001/_next/static/chunks/b2b3e_next_dist_77a734fe._.js:2297
[   74920ms] [ERROR] Failed to load resource: the server responded with a status of 404 (Not Found) @ http://localhost:3001/avatar.jpg:0
[   74971ms] [INFO] %cDownload the React DevTools for a better development experience: https://react.dev/link/react-devtools font-weight:bold @ http://localhost:3001/_next/static/chunks/b2b3e_next_dist_77a734fe._.js:2297
[   74994ms] [LOG] [HMR] connected @ http://localhost:3001/_next/static/chunks/b2b3e_next_dist_77a734fe._.js:2297
[   75104ms] [LOG] [Fast Refresh] rebuilding @ http://localhost:3001/_next/static/chunks/b2b3e_next_dist_77a734fe._.js:2297
[   75401ms] [ERROR] Failed to load resource: the server responded with a status of 404 (Not Found) @ http://localhost:3001/avatar.jpg:0
[   75453ms] [INFO] %cDownload the React DevTools for a better development experience: https://react.dev/link/react-devtools font-weight:bold @ http://localhost:3001/_next/static/chunks/b2b3e_next_dist_77a734fe._.js:2297
[   75476ms] [LOG] [HMR] connected @ http://localhost:3001/_next/static/chunks/b2b3e_next_dist_77a734fe._.js:2297
[   75579ms] [LOG] [Fast Refresh] rebuilding @ http://localhost:3001/_next/static/chunks/b2b3e_next_dist_77a734fe._.js:2297
[   75870ms] [ERROR] Failed to load resource: the server responded with a status of 404 (Not Found) @ http://localhost:3001/avatar.jpg:0
[   75920ms] [INFO] %cDownload the React DevTools for a better development experience: https://react.dev/link/react-devtools font-weight:bold @ http://localhost:3001/_next/static/chunks/b2b3e_next_dist_77a734fe._.js:2297
[   75943ms] [LOG] [HMR] connected @ http://localhost:3001/_next/static/chunks/b2b3e_next_dist_77a734fe._.js:2297
[   76044ms] [LOG] [Fast Refresh] rebuilding @ http://localhost:3001/_next/static/chunks/b2b3e_next_dist_77a734fe._.js:2297
[   76324ms] [ERROR] Failed to load resource: the server responded with a status of 404 (Not Found) @ http://localhost:3001/avatar.jpg:0
[   76380ms] [INFO] %cDownload the React DevTools for a better development experience: https://react.dev/link/react-devtools font-weight:bold @ http://localhost:3001/_next/static/chunks/b2b3e_next_dist_77a734fe._.js:2297
[   76401ms] [LOG] [HMR] connected @ http://localhost:3001/_next/static/chunks/b2b3e_next_dist_77a734fe._.js:2297
[   76516ms] [LOG] [Fast Refresh] rebuilding @ http://localhost:3001/_next/static/chunks/b2b3e_next_dist_77a734fe._.js:2297
[   76791ms] [ERROR] Failed to load resource: the server responded with a status of 404 (Not Found) @ http://localhost:3001/avatar.jpg:0
[   76850ms] [INFO] %cDownload the React DevTools for a better development experience: https://react.dev/link/react-devtools font-weight:bold @ http://localhost:3001/_next/static/chunks/b2b3e_next_dist_77a734fe._.js:2297
[   76891ms] [LOG] [HMR] connected @ http://localhost:3001/_next/static/chunks/b2b3e_next_dist_77a734fe._.js:2297
[   77019ms] [LOG] [Fast Refresh] rebuilding @ http://localhost:3001/_next/static/chunks/b2b3e_next_dist_77a734fe._.js:2297
[   77586ms] [ERROR] Failed to load resource: the server responded with a status of 404 (Not Found) @ http://localhost:3001/avatar.jpg:0
[   77641ms] [INFO] %cDownload the React DevTools for a better development experience: https://react.dev/link/react-devtools font-weight:bold @ http://localhost:3001/_next/static/chunks/b2b3e_next_dist_77a734fe._.js:2297
[   77664ms] [LOG] [HMR] connected @ http://localhost:3001/_next/static/chunks/b2b3e_next_dist_77a734fe._.js:2297
[   77763ms] [LOG] [Fast Refresh] rebuilding @ http://localhost:3001/_next/static/chunks/b2b3e_next_dist_77a734fe._.js:2297
[   78074ms] [ERROR] Failed to load resource: the server responded with a status of 404 (Not Found) @ http://localhost:3001/avatar.jpg:0
[   78128ms] [INFO] %cDownload the React DevTools for a better development experience: https://react.dev/link/react-devtools font-weight:bold @ http://localhost:3001/_next/static/chunks/b2b3e_next_dist_77a734fe._.js:2297
[   78152ms] [LOG] [HMR] connected @ http://localhost:3001/_next/static/chunks/b2b3e_next_dist_77a734fe._.js:2297
[   78255ms] [LOG] [Fast Refresh] rebuilding @ http://localhost:3001/_next/static/chunks/b2b3e_next_dist_77a734fe._.js:2297
[   78542ms] [ERROR] Failed to load resource: the server responded with a status of 404 (Not Found) @ http://localhost:3001/avatar.jpg:0
[   78598ms] [INFO] %cDownload the React DevTools for a better development experience: https://react.dev/link/react-devtools font-weight:bold @ http://localhost:3001/_next/static/chunks/b2b3e_next_dist_77a734fe._.js:2297
[   78623ms] [LOG] [HMR] connected @ http://localhost:3001/_next/static/chunks/b2b3e_next_dist_77a734fe._.js:2297
[   78727ms] [LOG] [Fast Refresh] rebuilding @ http://localhost:3001/_next/static/chunks/b2b3e_next_dist_77a734fe._.js:2297
[   79002ms] [ERROR] Failed to load resource: the server responded with a status of 404 (Not Found) @ http://localhost:3001/avatar.jpg:0
[   79056ms] [INFO] %cDownload the React DevTools for a better development experience: https://react.dev/link/react-devtools font-weight:bold @ http://localhost:3001/_next/static/chunks/b2b3e_next_dist_77a734fe._.js:2297
[   79080ms] [LOG] [HMR] connected @ http://localhost:3001/_next/static/chunks/b2b3e_next_dist_77a734fe._.js:2297
[   79176ms] [LOG] [Fast Refresh] rebuilding @ http://localhost:3001/_next/static/chunks/b2b3e_next_dist_77a734fe._.js:2297
[   79473ms] [ERROR] Failed to load resource: the server responded with a status of 404 (Not Found) @ http://localhost:3001/avatar.jpg:0
[   79557ms] [INFO] %cDownload the React DevTools for a better development experience: https://react.dev/link/react-devtools font-weight:bold @ http://localhost:3001/_next/static/chunks/b2b3e_next_dist_77a734fe._.js:2297
[   79586ms] [LOG] [HMR] connected @ http://localhost:3001/_next/static/chunks/b2b3e_next_dist_77a734fe._.js:2297
[   79718ms] [LOG] [Fast Refresh] rebuilding @ http://localhost:3001/_next/static/chunks/b2b3e_next_dist_77a734fe._.js:2297
[   80030ms] [ERROR] Failed to load resource: the server responded with a status of 404 (Not Found) @ http://localhost:3001/avatar.jpg:0
[   80083ms] [INFO] %cDownload the React DevTools for a better development experience: https://react.dev/link/react-devtools font-weight:bold @ http://localhost:3001/_next/static/chunks/b2b3e_next_dist_77a734fe._.js:2297
[   80109ms] [LOG] [HMR] connected @ http://localhost:3001/_next/static/chunks/b2b3e_next_dist_77a734fe._.js:2297
[   80241ms] [LOG] [Fast Refresh] rebuilding @ http://localhost:3001/_next/static/chunks/b2b3e_next_dist_77a734fe._.js:2297
[   80542ms] [ERROR] Failed to load resource: the server responded with a status of 404 (Not Found) @ http://localhost:3001/avatar.jpg:0
[   80596ms] [INFO] %cDownload the React DevTools for a better development experience: https://react.dev/link/react-devtools font-weight:bold @ http://localhost:3001/_next/static/chunks/b2b3e_next_dist_77a734fe._.js:2297
[   80619ms] [LOG] [HMR] connected @ http://localhost:3001/_next/static/chunks/b2b3e_next_dist_77a734fe._.js:2297
[   80741ms] [LOG] [Fast Refresh] rebuilding @ http://localhost:3001/_next/static/chunks/b2b3e_next_dist_77a734fe._.js:2297
[   81041ms] [ERROR] Failed to load resource: the server responded with a status of 404 (Not Found) @ http://localhost:3001/avatar.jpg:0
[   81099ms] [INFO] %cDownload the React DevTools for a better development experience: https://react.dev/link/react-devtools font-weight:bold @ http://localhost:3001/_next/static/chunks/b2b3e_next_dist_77a734fe._.js:2297
[   81122ms] [LOG] [HMR] connected @ http://localhost:3001/_next/static/chunks/b2b3e_next_dist_77a734fe._.js:2297
[   81229ms] [LOG] [Fast Refresh] rebuilding @ http://localhost:3001/_next/static/chunks/b2b3e_next_dist_77a734fe._.js:2297
[   81528ms] [ERROR] Failed to load resource: the server responded with a status of 404 (Not Found) @ http://localhost:3001/avatar.jpg:0
[   81583ms] [INFO] %cDownload the React DevTools for a better development experience: https://react.dev/link/react-devtools font-weight:bold @ http://localhost:3001/_next/static/chunks/b2b3e_next_dist_77a734fe._.js:2297
[   81607ms] [LOG] [HMR] connected @ http://localhost:3001/_next/static/chunks/b2b3e_next_dist_77a734fe._.js:2297
[   81734ms] [LOG] [Fast Refresh] rebuilding @ http://localhost:3001/_next/static/chunks/b2b3e_next_dist_77a734fe._.js:2297
[   82028ms] [ERROR] Failed to load resource: the server responded with a status of 404 (Not Found) @ http://localhost:3001/avatar.jpg:0
[   82084ms] [INFO] %cDownload the React DevTools for a better development experience: https://react.dev/link/react-devtools font-weight:bold @ http://localhost:3001/_next/static/chunks/b2b3e_next_dist_77a734fe._.js:2297
[   82109ms] [LOG] [HMR] connected @ http://localhost:3001/_next/static/chunks/b2b3e_next_dist_77a734fe._.js:2297
[   82233ms] [LOG] [Fast Refresh] rebuilding @ http://localhost:3001/_next/static/chunks/b2b3e_next_dist_77a734fe._.js:2297
[   82501ms] [ERROR] Failed to load resource: the server responded with a status of 404 (Not Found) @ http://localhost:3001/avatar.jpg:0
[   82553ms] [INFO] %cDownload the React DevTools for a better development experience: https://react.dev/link/react-devtools font-weight:bold @ http://localhost:3001/_next/static/chunks/b2b3e_next_dist_77a734fe._.js:2297
[   82574ms] [LOG] [HMR] connected @ http://localhost:3001/_next/static/chunks/b2b3e_next_dist_77a734fe._.js:2297
[   82697ms] [LOG] [Fast Refresh] rebuilding @ http://localhost:3001/_next/static/chunks/b2b3e_next_dist_77a734fe._.js:2297
[   82995ms] [ERROR] Failed to load resource: the server responded with a status of 404 (Not Found) @ http://localhost:3001/avatar.jpg:0
[   83046ms] [INFO] %cDownload the React DevTools for a better development experience: https://react.dev/link/react-devtools font-weight:bold @ http://localhost:3001/_next/static/chunks/b2b3e_next_dist_77a734fe._.js:2297
[   83072ms] [LOG] [HMR] connected @ http://localhost:3001/_next/static/chunks/b2b3e_next_dist_77a734fe._.js:2297
[   83191ms] [LOG] [Fast Refresh] rebuilding @ http://localhost:3001/_next/static/chunks/b2b3e_next_dist_77a734fe._.js:2297
[   83479ms] [ERROR] Failed to load resource: the server responded with a status of 404 (Not Found) @ http://localhost:3001/avatar.jpg:0
[   83533ms] [INFO] %cDownload the React DevTools for a better development experience: https://react.dev/link/react-devtools font-weight:bold @ http://localhost:3001/_next/static/chunks/b2b3e_next_dist_77a734fe._.js:2297
[   83559ms] [LOG] [HMR] connected @ http://localhost:3001/_next/static/chunks/b2b3e_next_dist_77a734fe._.js:2297
[   83670ms] [LOG] [Fast Refresh] rebuilding @ http://localhost:3001/_next/static/chunks/b2b3e_next_dist_77a734fe._.js:2297
[   83960ms] [ERROR] Failed to load resource: the server responded with a status of 404 (Not Found) @ http://localhost:3001/avatar.jpg:0
[   84011ms] [INFO] %cDownload the React DevTools for a better development experience: https://react.dev/link/react-devtools font-weight:bold @ http://localhost:3001/_next/static/chunks/b2b3e_next_dist_77a734fe._.js:2297
[   84034ms] [LOG] [HMR] connected @ http://localhost:3001/_next/static/chunks/b2b3e_next_dist_77a734fe._.js:2297
[   84150ms] [LOG] [Fast Refresh] rebuilding @ http://localhost:3001/_next/static/chunks/b2b3e_next_dist_77a734fe._.js:2297
[   84444ms] [ERROR] Failed to load resource: the server responded with a status of 404 (Not Found) @ http://localhost:3001/avatar.jpg:0
[   84494ms] [INFO] %cDownload the React DevTools for a better development experience: https://react.dev/link/react-devtools font-weight:bold @ http://localhost:3001/_next/static/chunks/b2b3e_next_dist_77a734fe._.js:2297
[   84515ms] [LOG] [HMR] connected @ http://localhost:3001/_next/static/chunks/b2b3e_next_dist_77a734fe._.js:2297
[   84622ms] [LOG] [Fast Refresh] rebuilding @ http://localhost:3001/_next/static/chunks/b2b3e_next_dist_77a734fe._.js:2297
[   84913ms] [ERROR] Failed to load resource: the server responded with a status of 404 (Not Found) @ http://localhost:3001/avatar.jpg:0
[   84964ms] [INFO] %cDownload the React DevTools for a better development experience: https://react.dev/link/react-devtools font-weight:bold @ http://localhost:3001/_next/static/chunks/b2b3e_next_dist_77a734fe._.js:2297
[   84988ms] [LOG] [HMR] connected @ http://localhost:3001/_next/static/chunks/b2b3e_next_dist_77a734fe._.js:2297
[   85092ms] [LOG] [Fast Refresh] rebuilding @ http://localhost:3001/_next/static/chunks/b2b3e_next_dist_77a734fe._.js:2297
[   85375ms] [ERROR] Failed to load resource: the server responded with a status of 404 (Not Found) @ http://localhost:3001/avatar.jpg:0
[   85425ms] [INFO] %cDownload the React DevTools for a better development experience: https://react.dev/link/react-devtools font-weight:bold @ http://localhost:3001/_next/static/chunks/b2b3e_next_dist_77a734fe._.js:2297
[   85447ms] [LOG] [HMR] connected @ http://localhost:3001/_next/static/chunks/b2b3e_next_dist_77a734fe._.js:2297
[   85558ms] [LOG] [Fast Refresh] rebuilding @ http://localhost:3001/_next/static/chunks/b2b3e_next_dist_77a734fe._.js:2297
[   85845ms] [ERROR] Failed to load resource: the server responded with a status of 404 (Not Found) @ http://localhost:3001/avatar.jpg:0
[   85897ms] [INFO] %cDownload the React DevTools for a better development experience: https://react.dev/link/react-devtools font-weight:bold @ http://localhost:3001/_next/static/chunks/b2b3e_next_dist_77a734fe._.js:2297
[   85920ms] [LOG] [HMR] connected @ http://localhost:3001/_next/static/chunks/b2b3e_next_dist_77a734fe._.js:2297
[   86039ms] [LOG] [Fast Refresh] rebuilding @ http://localhost:3001/_next/static/chunks/b2b3e_next_dist_77a734fe._.js:2297
[   86323ms] [ERROR] Failed to load resource: the server responded with a status of 404 (Not Found) @ http://localhost:3001/avatar.jpg:0
[   86375ms] [INFO] %cDownload the React DevTools for a better development experience: https://react.dev/link/react-devtools font-weight:bold @ http://localhost:3001/_next/static/chunks/b2b3e_next_dist_77a734fe._.js:2297
[   86397ms] [LOG] [HMR] connected @ http://localhost:3001/_next/static/chunks/b2b3e_next_dist_77a734fe._.js:2297
[   86509ms] [LOG] [Fast Refresh] rebuilding @ http://localhost:3001/_next/static/chunks/b2b3e_next_dist_77a734fe._.js:2297
[   86809ms] [ERROR] Failed to load resource: the server responded with a status of 404 (Not Found) @ http://localhost:3001/avatar.jpg:0
[   86883ms] [INFO] %cDownload the React DevTools for a better development experience: https://react.dev/link/react-devtools font-weight:bold @ http://localhost:3001/_next/static/chunks/b2b3e_next_dist_77a734fe._.js:2297
[   86905ms] [LOG] [HMR] connected @ http://localhost:3001/_next/static/chunks/b2b3e_next_dist_77a734fe._.js:2297
[   87044ms] [LOG] [Fast Refresh] rebuilding @ http://localhost:3001/_next/static/chunks/b2b3e_next_dist_77a734fe._.js:2297
[   87373ms] [ERROR] Failed to load resource: the server responded with a status of 404 (Not Found) @ http://localhost:3001/avatar.jpg:0
[   87455ms] [INFO] %cDownload the React DevTools for a better development experience: https://react.dev/link/react-devtools font-weight:bold @ http://localhost:3001/_next/static/chunks/b2b3e_next_dist_77a734fe._.js:2297
[   87478ms] [LOG] [HMR] connected @ http://localhost:3001/_next/static/chunks/b2b3e_next_dist_77a734fe._.js:2297
[   87579ms] [LOG] [Fast Refresh] rebuilding @ http://localhost:3001/_next/static/chunks/b2b3e_next_dist_77a734fe._.js:2297
[   87865ms] [ERROR] Failed to load resource: the server responded with a status of 404 (Not Found) @ http://localhost:3001/avatar.jpg:0
[   87925ms] [INFO] %cDownload the React DevTools for a better development experience: https://react.dev/link/react-devtools font-weight:bold @ http://localhost:3001/_next/static/chunks/b2b3e_next_dist_77a734fe._.js:2297
[   87952ms] [LOG] [HMR] connected @ http://localhost:3001/_next/static/chunks/b2b3e_next_dist_77a734fe._.js:2297
[   88055ms] [LOG] [Fast Refresh] rebuilding @ http://localhost:3001/_next/static/chunks/b2b3e_next_dist_77a734fe._.js:2297
[   88354ms] [ERROR] Failed to load resource: the server responded with a status of 404 (Not Found) @ http://localhost:3001/avatar.jpg:0
[   88404ms] [INFO] %cDownload the React DevTools for a better development experience: https://react.dev/link/react-devtools font-weight:bold @ http://localhost:3001/_next/static/chunks/b2b3e_next_dist_77a734fe._.js:2297
[   88426ms] [LOG] [HMR] connected @ http://localhost:3001/_next/static/chunks/b2b3e_next_dist_77a734fe._.js:2297
[   88526ms] [LOG] [Fast Refresh] rebuilding @ http://localhost:3001/_next/static/chunks/b2b3e_next_dist_77a734fe._.js:2297
[   88716ms] [ERROR] Failed to load resource: the server responded with a status of 404 (Not Found) @ http://localhost:3001/avatar.jpg:0
[   88767ms] [INFO] %cDownload the React DevTools for a better development experience: https://react.dev/link/react-devtools font-weight:bold @ http://localhost:3001/_next/static/chunks/b2b3e_next_dist_77a734fe._.js:2297
[   88790ms] [LOG] [HMR] connected @ http://localhost:3001/_next/static/chunks/b2b3e_next_dist_77a734fe._.js:2297
[   88907ms] [LOG] [Fast Refresh] rebuilding @ http://localhost:3001/_next/static/chunks/b2b3e_next_dist_77a734fe._.js:2297
[   89194ms] [ERROR] Failed to load resource: the server responded with a status of 404 (Not Found) @ http://localhost:3001/avatar.jpg:0
[   89246ms] [INFO] %cDownload the React DevTools for a better development experience: https://react.dev/link/react-devtools font-weight:bold @ http://localhost:3001/_next/static/chunks/b2b3e_next_dist_77a734fe._.js:2297
[   89265ms] [LOG] [HMR] connected @ http://localhost:3001/_next/static/chunks/b2b3e_next_dist_77a734fe._.js:2297
[   89372ms] [LOG] [Fast Refresh] rebuilding @ http://localhost:3001/_next/static/chunks/b2b3e_next_dist_77a734fe._.js:2297
[   89669ms] [ERROR] Failed to load resource: the server responded with a status of 404 (Not Found) @ http://localhost:3001/avatar.jpg:0
[   89724ms] [INFO] %cDownload the React DevTools for a better development experience: https://react.dev/link/react-devtools font-weight:bold @ http://localhost:3001/_next/static/chunks/b2b3e_next_dist_77a734fe._.js:2297
[   89747ms] [LOG] [HMR] connected @ http://localhost:3001/_next/static/chunks/b2b3e_next_dist_77a734fe._.js:2297
[   89839ms] [LOG] [Fast Refresh] rebuilding @ http://localhost:3001/_next/static/chunks/b2b3e_next_dist_77a734fe._.js:2297
[   90118ms] [ERROR] Failed to load resource: the server responded with a status of 404 (Not Found) @ http://localhost:3001/avatar.jpg:0
[   90167ms] [INFO] %cDownload the React DevTools for a better development experience: https://react.dev/link/react-devtools font-weight:bold @ http://localhost:3001/_next/static/chunks/b2b3e_next_dist_77a734fe._.js:2297
[   90188ms] [LOG] [HMR] connected @ http://localhost:3001/_next/static/chunks/b2b3e_next_dist_77a734fe._.js:2297
[   90304ms] [LOG] [Fast Refresh] rebuilding @ http://localhost:3001/_next/static/chunks/b2b3e_next_dist_77a734fe._.js:2297
[   90583ms] [ERROR] Failed to load resource: the server responded with a status of 404 (Not Found) @ http://localhost:3001/avatar.jpg:0
[   90635ms] [INFO] %cDownload the React DevTools for a better development experience: https://react.dev/link/react-devtools font-weight:bold @ http://localhost:3001/_next/static/chunks/b2b3e_next_dist_77a734fe._.js:2297
[   90656ms] [LOG] [HMR] connected @ http://localhost:3001/_next/static/chunks/b2b3e_next_dist_77a734fe._.js:2297
[   90763ms] [LOG] [Fast Refresh] rebuilding @ http://localhost:3001/_next/static/chunks/b2b3e_next_dist_77a734fe._.js:2297
[   91046ms] [ERROR] Failed to load resource: the server responded with a status of 404 (Not Found) @ http://localhost:3001/avatar.jpg:0
[   91098ms] [INFO] %cDownload the React DevTools for a better development experience: https://react.dev/link/react-devtools font-weight:bold @ http://localhost:3001/_next/static/chunks/b2b3e_next_dist_77a734fe._.js:2297
[   91118ms] [LOG] [HMR] connected @ http://localhost:3001/_next/static/chunks/b2b3e_next_dist_77a734fe._.js:2297
[   91225ms] [LOG] [Fast Refresh] rebuilding @ http://localhost:3001/_next/static/chunks/b2b3e_next_dist_77a734fe._.js:2297
[   91509ms] [ERROR] Failed to load resource: the server responded with a status of 404 (Not Found) @ http://localhost:3001/avatar.jpg:0
[   91560ms] [INFO] %cDownload the React DevTools for a better development experience: https://react.dev/link/react-devtools font-weight:bold @ http://localhost:3001/_next/static/chunks/b2b3e_next_dist_77a734fe._.js:2297
[   91583ms] [LOG] [HMR] connected @ http://localhost:3001/_next/static/chunks/b2b3e_next_dist_77a734fe._.js:2297
[   91684ms] [LOG] [Fast Refresh] rebuilding @ http://localhost:3001/_next/static/chunks/b2b3e_next_dist_77a734fe._.js:2297
[   91992ms] [ERROR] Failed to load resource: the server responded with a status of 404 (Not Found) @ http://localhost:3001/avatar.jpg:0
[   92048ms] [INFO] %cDownload the React DevTools for a better development experience: https://react.dev/link/react-devtools font-weight:bold @ http://localhost:3001/_next/static/chunks/b2b3e_next_dist_77a734fe._.js:2297
[   92073ms] [LOG] [HMR] connected @ http://localhost:3001/_next/static/chunks/b2b3e_next_dist_77a734fe._.js:2297
[   92176ms] [LOG] [Fast Refresh] rebuilding @ http://localhost:3001/_next/static/chunks/b2b3e_next_dist_77a734fe._.js:2297
[   92462ms] [ERROR] Failed to load resource: the server responded with a status of 404 (Not Found) @ http://localhost:3001/avatar.jpg:0
[   92518ms] [INFO] %cDownload the React DevTools for a better development experience: https://react.dev/link/react-devtools font-weight:bold @ http://localhost:3001/_next/static/chunks/b2b3e_next_dist_77a734fe._.js:2297
[   92540ms] [LOG] [HMR] connected @ http://localhost:3001/_next/static/chunks/b2b3e_next_dist_77a734fe._.js:2297
[   92643ms] [LOG] [Fast Refresh] rebuilding @ http://localhost:3001/_next/static/chunks/b2b3e_next_dist_77a734fe._.js:2297
[   92919ms] [ERROR] Failed to load resource: the server responded with a status of 404 (Not Found) @ http://localhost:3001/avatar.jpg:0
[   92971ms] [INFO] %cDownload the React DevTools for a better development experience: https://react.dev/link/react-devtools font-weight:bold @ http://localhost:3001/_next/static/chunks/b2b3e_next_dist_77a734fe._.js:2297
[   92994ms] [LOG] [HMR] connected @ http://localhost:3001/_next/static/chunks/b2b3e_next_dist_77a734fe._.js:2297
[   93109ms] [LOG] [Fast Refresh] rebuilding @ http://localhost:3001/_next/static/chunks/b2b3e_next_dist_77a734fe._.js:2297
[   93403ms] [ERROR] Failed to load resource: the server responded with a status of 404 (Not Found) @ http://localhost:3001/avatar.jpg:0
[   93452ms] [INFO] %cDownload the React DevTools for a better development experience: https://react.dev/link/react-devtools font-weight:bold @ http://localhost:3001/_next/static/chunks/b2b3e_next_dist_77a734fe._.js:2297
[   93469ms] [LOG] [HMR] connected @ http://localhost:3001/_next/static/chunks/b2b3e_next_dist_77a734fe._.js:2297
[   93588ms] [LOG] [Fast Refresh] rebuilding @ http://localhost:3001/_next/static/chunks/b2b3e_next_dist_77a734fe._.js:2297
[   93873ms] [ERROR] Failed to load resource: the server responded with a status of 404 (Not Found) @ http://localhost:3001/avatar.jpg:0
[   93924ms] [INFO] %cDownload the React DevTools for a better development experience: https://react.dev/link/react-devtools font-weight:bold @ http://localhost:3001/_next/static/chunks/b2b3e_next_dist_77a734fe._.js:2297
[   93948ms] [LOG] [HMR] connected @ http://localhost:3001/_next/static/chunks/b2b3e_next_dist_77a734fe._.js:2297
[   94053ms] [LOG] [Fast Refresh] rebuilding @ http://localhost:3001/_next/static/chunks/b2b3e_next_dist_77a734fe._.js:2297
[   94338ms] [ERROR] Failed to load resource: the server responded with a status of 404 (Not Found) @ http://localhost:3001/avatar.jpg:0
[   94393ms] [INFO] %cDownload the React DevTools for a better development experience: https://react.dev/link/react-devtools font-weight:bold @ http://localhost:3001/_next/static/chunks/b2b3e_next_dist_77a734fe._.js:2297
[   94417ms] [LOG] [HMR] connected @ http://localhost:3001/_next/static/chunks/b2b3e_next_dist_77a734fe._.js:2297
[   94521ms] [LOG] [Fast Refresh] rebuilding @ http://localhost:3001/_next/static/chunks/b2b3e_next_dist_77a734fe._.js:2297
[   94807ms] [ERROR] Failed to load resource: the server responded with a status of 404 (Not Found) @ http://localhost:3001/avatar.jpg:0
[   94862ms] [INFO] %cDownload the React DevTools for a better development experience: https://react.dev/link/react-devtools font-weight:bold @ http://localhost:3001/_next/static/chunks/b2b3e_next_dist_77a734fe._.js:2297
[   94880ms] [LOG] [HMR] connected @ http://localhost:3001/_next/static/chunks/b2b3e_next_dist_77a734fe._.js:2297
[   95114ms] [LOG] [Fast Refresh] rebuilding @ http://localhost:3001/_next/static/chunks/b2b3e_next_dist_77a734fe._.js:2297
[   95413ms] [ERROR] Failed to load resource: the server responded with a status of 404 (Not Found) @ http://localhost:3001/avatar.jpg:0
[   95460ms] [INFO] %cDownload the React DevTools for a better development experience: https://react.dev/link/react-devtools font-weight:bold @ http://localhost:3001/_next/static/chunks/b2b3e_next_dist_77a734fe._.js:2297
[   95485ms] [LOG] [HMR] connected @ http://localhost:3001/_next/static/chunks/b2b3e_next_dist_77a734fe._.js:2297
[   95623ms] [LOG] [Fast Refresh] rebuilding @ http://localhost:3001/_next/static/chunks/b2b3e_next_dist_77a734fe._.js:2297
[   95911ms] [ERROR] Failed to load resource: the server responded with a status of 404 (Not Found) @ http://localhost:3001/avatar.jpg:0
[   95968ms] [INFO] %cDownload the React DevTools for a better development experience: https://react.dev/link/react-devtools font-weight:bold @ http://localhost:3001/_next/static/chunks/b2b3e_next_dist_77a734fe._.js:2297
[   95992ms] [LOG] [HMR] connected @ http://localhost:3001/_next/static/chunks/b2b3e_next_dist_77a734fe._.js:2297
[   96095ms] [LOG] [Fast Refresh] rebuilding @ http://localhost:3001/_next/static/chunks/b2b3e_next_dist_77a734fe._.js:2297
[   96378ms] [ERROR] Failed to load resource: the server responded with a status of 404 (Not Found) @ http://localhost:3001/avatar.jpg:0
[   96437ms] [INFO] %cDownload the React DevTools for a better development experience: https://react.dev/link/react-devtools font-weight:bold @ http://localhost:3001/_next/static/chunks/b2b3e_next_dist_77a734fe._.js:2297
[   96460ms] [LOG] [HMR] connected @ http://localhost:3001/_next/static/chunks/b2b3e_next_dist_77a734fe._.js:2297
[   96565ms] [LOG] [Fast Refresh] rebuilding @ http://localhost:3001/_next/static/chunks/b2b3e_next_dist_77a734fe._.js:2297
[   96852ms] [ERROR] Failed to load resource: the server responded with a status of 404 (Not Found) @ http://localhost:3001/avatar.jpg:0
[   96907ms] [INFO] %cDownload the React DevTools for a better development experience: https://react.dev/link/react-devtools font-weight:bold @ http://localhost:3001/_next/static/chunks/b2b3e_next_dist_77a734fe._.js:2297
[   96931ms] [LOG] [HMR] connected @ http://localhost:3001/_next/static/chunks/b2b3e_next_dist_77a734fe._.js:2297
[   97031ms] [LOG] [Fast Refresh] rebuilding @ http://localhost:3001/_next/static/chunks/b2b3e_next_dist_77a734fe._.js:2297
[   97314ms] [ERROR] Failed to load resource: the server responded with a status of 404 (Not Found) @ http://localhost:3001/avatar.jpg:0
[   97367ms] [INFO] %cDownload the React DevTools for a better development experience: https://react.dev/link/react-devtools font-weight:bold @ http://localhost:3001/_next/static/chunks/b2b3e_next_dist_77a734fe._.js:2297
[   97387ms] [LOG] [HMR] connected @ http://localhost:3001/_next/static/chunks/b2b3e_next_dist_77a734fe._.js:2297
[   97532ms] [LOG] [Fast Refresh] rebuilding @ http://localhost:3001/_next/static/chunks/b2b3e_next_dist_77a734fe._.js:2297
[   97818ms] [ERROR] Failed to load resource: the server responded with a status of 404 (Not Found) @ http://localhost:3001/avatar.jpg:0
[   97873ms] [INFO] %cDownload the React DevTools for a better development experience: https://react.dev/link/react-devtools font-weight:bold @ http://localhost:3001/_next/static/chunks/b2b3e_next_dist_77a734fe._.js:2297
[   97894ms] [LOG] [HMR] connected @ http://localhost:3001/_next/static/chunks/b2b3e_next_dist_77a734fe._.js:2297
[   98016ms] [LOG] [Fast Refresh] rebuilding @ http://localhost:3001/_next/static/chunks/b2b3e_next_dist_77a734fe._.js:2297
[   98593ms] [ERROR] Failed to load resource: the server responded with a status of 404 (Not Found) @ http://localhost:3001/avatar.jpg:0
[   98646ms] [INFO] %cDownload the React DevTools for a better development experience: https://react.dev/link/react-devtools font-weight:bold @ http://localhost:3001/_next/static/chunks/b2b3e_next_dist_77a734fe._.js:2297
[   98662ms] [LOG] [HMR] connected @ http://localhost:3001/_next/static/chunks/b2b3e_next_dist_77a734fe._.js:2297
[   98789ms] [LOG] [Fast Refresh] rebuilding @ http://localhost:3001/_next/static/chunks/b2b3e_next_dist_77a734fe._.js:2297
[   99085ms] [ERROR] Failed to load resource: the server responded with a status of 404 (Not Found) @ http://localhost:3001/avatar.jpg:0
[   99135ms] [INFO] %cDownload the React DevTools for a better development experience: https://react.dev/link/react-devtools font-weight:bold @ http://localhost:3001/_next/static/chunks/b2b3e_next_dist_77a734fe._.js:2297
[   99151ms] [LOG] [HMR] connected @ http://localhost:3001/_next/static/chunks/b2b3e_next_dist_77a734fe._.js:2297
[   99265ms] [LOG] [Fast Refresh] rebuilding @ http://localhost:3001/_next/static/chunks/b2b3e_next_dist_77a734fe._.js:2297
[   99555ms] [ERROR] Failed to load resource: the server responded with a status of 404 (Not Found) @ http://localhost:3001/avatar.jpg:0
[   99609ms] [INFO] %cDownload the React DevTools for a better development experience: https://react.dev/link/react-devtools font-weight:bold @ http://localhost:3001/_next/static/chunks/b2b3e_next_dist_77a734fe._.js:2297
[   99629ms] [LOG] [HMR] connected @ http://localhost:3001/_next/static/chunks/b2b3e_next_dist_77a734fe._.js:2297
[   99731ms] [LOG] [Fast Refresh] rebuilding @ http://localhost:3001/_next/static/chunks/b2b3e_next_dist_77a734fe._.js:2297
[  100013ms] [ERROR] Failed to load resource: the server responded with a status of 404 (Not Found) @ http://localhost:3001/avatar.jpg:0
[  100062ms] [INFO] %cDownload the React DevTools for a better development experience: https://react.dev/link/react-devtools font-weight:bold @ http://localhost:3001/_next/static/chunks/b2b3e_next_dist_77a734fe._.js:2297
[  100087ms] [LOG] [HMR] connected @ http://localhost:3001/_next/static/chunks/b2b3e_next_dist_77a734fe._.js:2297
[  100183ms] [LOG] [Fast Refresh] rebuilding @ http://localhost:3001/_next/static/chunks/b2b3e_next_dist_77a734fe._.js:2297
[  100475ms] [ERROR] Failed to load resource: the server responded with a status of 404 (Not Found) @ http://localhost:3001/avatar.jpg:0
[  100529ms] [INFO] %cDownload the React DevTools for a better development experience: https://react.dev/link/react-devtools font-weight:bold @ http://localhost:3001/_next/static/chunks/b2b3e_next_dist_77a734fe._.js:2297
[  100553ms] [LOG] [HMR] connected @ http://localhost:3001/_next/static/chunks/b2b3e_next_dist_77a734fe._.js:2297
[  100667ms] [LOG] [Fast Refresh] rebuilding @ http://localhost:3001/_next/static/chunks/b2b3e_next_dist_77a734fe._.js:2297
[  100952ms] [ERROR] Failed to load resource: the server responded with a status of 404 (Not Found) @ http://localhost:3001/avatar.jpg:0
[  101000ms] [INFO] %cDownload the React DevTools for a better development experience: https://react.dev/link/react-devtools font-weight:bold @ http://localhost:3001/_next/static/chunks/b2b3e_next_dist_77a734fe._.js:2297
[  101021ms] [LOG] [HMR] connected @ http://localhost:3001/_next/static/chunks/b2b3e_next_dist_77a734fe._.js:2297
[  101125ms] [LOG] [Fast Refresh] rebuilding @ http://localhost:3001/_next/static/chunks/b2b3e_next_dist_77a734fe._.js:2297
[  101409ms] [ERROR] Failed to load resource: the server responded with a status of 404 (Not Found) @ http://localhost:3001/avatar.jpg:0
[  101464ms] [INFO] %cDownload the React DevTools for a better development experience: https://react.dev/link/react-devtools font-weight:bold @ http://localhost:3001/_next/static/chunks/b2b3e_next_dist_77a734fe._.js:2297
[  101486ms] [LOG] [HMR] connected @ http://localhost:3001/_next/static/chunks/b2b3e_next_dist_77a734fe._.js:2297
[  101603ms] [LOG] [Fast Refresh] rebuilding @ http://localhost:3001/_next/static/chunks/b2b3e_next_dist_77a734fe._.js:2297
[  101894ms] [ERROR] Failed to load resource: the server responded with a status of 404 (Not Found) @ http://localhost:3001/avatar.jpg:0
[  101943ms] [INFO] %cDownload the React DevTools for a better development experience: https://react.dev/link/react-devtools font-weight:bold @ http://localhost:3001/_next/static/chunks/b2b3e_next_dist_77a734fe._.js:2297
[  101966ms] [LOG] [HMR] connected @ http://localhost:3001/_next/static/chunks/b2b3e_next_dist_77a734fe._.js:2297
[  102076ms] [LOG] [Fast Refresh] rebuilding @ http://localhost:3001/_next/static/chunks/b2b3e_next_dist_77a734fe._.js:2297
[  102362ms] [ERROR] Failed to load resource: the server responded with a status of 404 (Not Found) @ http://localhost:3001/avatar.jpg:0
[  102416ms] [INFO] %cDownload the React DevTools for a better development experience: https://react.dev/link/react-devtools font-weight:bold @ http://localhost:3001/_next/static/chunks/b2b3e_next_dist_77a734fe._.js:2297
[  102438ms] [LOG] [HMR] connected @ http://localhost:3001/_next/static/chunks/b2b3e_next_dist_77a734fe._.js:2297
[  102543ms] [LOG] [Fast Refresh] rebuilding @ http://localhost:3001/_next/static/chunks/b2b3e_next_dist_77a734fe._.js:2297
[  102841ms] [ERROR] Failed to load resource: the server responded with a status of 404 (Not Found) @ http://localhost:3001/avatar.jpg:0
[  102895ms] [INFO] %cDownload the React DevTools for a better development experience: https://react.dev/link/react-devtools font-weight:bold @ http://localhost:3001/_next/static/chunks/b2b3e_next_dist_77a734fe._.js:2297
[  102918ms] [LOG] [HMR] connected @ http://localhost:3001/_next/static/chunks/b2b3e_next_dist_77a734fe._.js:2297
[  103030ms] [LOG] [Fast Refresh] rebuilding @ http://localhost:3001/_next/static/chunks/b2b3e_next_dist_77a734fe._.js:2297
[  103314ms] [ERROR] Failed to load resource: the server responded with a status of 404 (Not Found) @ http://localhost:3001/avatar.jpg:0
[  103369ms] [INFO] %cDownload the React DevTools for a better development experience: https://react.dev/link/react-devtools font-weight:bold @ http://localhost:3001/_next/static/chunks/b2b3e_next_dist_77a734fe._.js:2297
[  103392ms] [LOG] [HMR] connected @ http://localhost:3001/_next/static/chunks/b2b3e_next_dist_77a734fe._.js:2297
[  103490ms] [LOG] [Fast Refresh] rebuilding @ http://localhost:3001/_next/static/chunks/b2b3e_next_dist_77a734fe._.js:2297
[  103786ms] [ERROR] Failed to load resource: the server responded with a status of 404 (Not Found) @ http://localhost:3001/avatar.jpg:0
[  103841ms] [INFO] %cDownload the React DevTools for a better development experience: https://react.dev/link/react-devtools font-weight:bold @ http://localhost:3001/_next/static/chunks/b2b3e_next_dist_77a734fe._.js:2297
[  103858ms] [LOG] [HMR] connected @ http://localhost:3001/_next/static/chunks/b2b3e_next_dist_77a734fe._.js:2297
[  103972ms] [LOG] [Fast Refresh] rebuilding @ http://localhost:3001/_next/static/chunks/b2b3e_next_dist_77a734fe._.js:2297
[  104260ms] [ERROR] Failed to load resource: the server responded with a status of 404 (Not Found) @ http://localhost:3001/avatar.jpg:0
[  104311ms] [INFO] %cDownload the React DevTools for a better development experience: https://react.dev/link/react-devtools font-weight:bold @ http://localhost:3001/_next/static/chunks/b2b3e_next_dist_77a734fe._.js:2297
[  104333ms] [LOG] [HMR] connected @ http://localhost:3001/_next/static/chunks/b2b3e_next_dist_77a734fe._.js:2297
[  104443ms] [LOG] [Fast Refresh] rebuilding @ http://localhost:3001/_next/static/chunks/b2b3e_next_dist_77a734fe._.js:2297
[  104722ms] [ERROR] Failed to load resource: the server responded with a status of 404 (Not Found) @ http://localhost:3001/avatar.jpg:0
[  104772ms] [INFO] %cDownload the React DevTools for a better development experience: https://react.dev/link/react-devtools font-weight:bold @ http://localhost:3001/_next/static/chunks/b2b3e_next_dist_77a734fe._.js:2297
[  104794ms] [LOG] [HMR] connected @ http://localhost:3001/_next/static/chunks/b2b3e_next_dist_77a734fe._.js:2297
[  104900ms] [LOG] [Fast Refresh] rebuilding @ http://localhost:3001/_next/static/chunks/b2b3e_next_dist_77a734fe._.js:2297
[  105193ms] [ERROR] Failed to load resource: the server responded with a status of 404 (Not Found) @ http://localhost:3001/avatar.jpg:0
[  105251ms] [INFO] %cDownload the React DevTools for a better development experience: https://react.dev/link/react-devtools font-weight:bold @ http://localhost:3001/_next/static/chunks/b2b3e_next_dist_77a734fe._.js:2297
[  105277ms] [LOG] [HMR] connected @ http://localhost:3001/_next/static/chunks/b2b3e_next_dist_77a734fe._.js:2297
[  105381ms] [LOG] [Fast Refresh] rebuilding @ http://localhost:3001/_next/static/chunks/b2b3e_next_dist_77a734fe._.js:2297
[  105668ms] [ERROR] Failed to load resource: the server responded with a status of 404 (Not Found) @ http://localhost:3001/avatar.jpg:0
[  105723ms] [INFO] %cDownload the React DevTools for a better development experience: https://react.dev/link/react-devtools font-weight:bold @ http://localhost:3001/_next/static/chunks/b2b3e_next_dist_77a734fe._.js:2297
[  105746ms] [LOG] [HMR] connected @ http://localhost:3001/_next/static/chunks/b2b3e_next_dist_77a734fe._.js:2297
[  105861ms] [LOG] [Fast Refresh] rebuilding @ http://localhost:3001/_next/static/chunks/b2b3e_next_dist_77a734fe._.js:2297
[  106139ms] [ERROR] Failed to load resource: the server responded with a status of 404 (Not Found) @ http://localhost:3001/avatar.jpg:0
[  106189ms] [INFO] %cDownload the React DevTools for a better development experience: https://react.dev/link/react-devtools font-weight:bold @ http://localhost:3001/_next/static/chunks/b2b3e_next_dist_77a734fe._.js:2297
[  106212ms] [LOG] [HMR] connected @ http://localhost:3001/_next/static/chunks/b2b3e_next_dist_77a734fe._.js:2297
[  106321ms] [LOG] [Fast Refresh] rebuilding @ http://localhost:3001/_next/static/chunks/b2b3e_next_dist_77a734fe._.js:2297
[  106608ms] [ERROR] Failed to load resource: the server responded with a status of 404 (Not Found) @ http://localhost:3001/avatar.jpg:0
[  106662ms] [INFO] %cDownload the React DevTools for a better development experience: https://react.dev/link/react-devtools font-weight:bold @ http://localhost:3001/_next/static/chunks/b2b3e_next_dist_77a734fe._.js:2297
[  106684ms] [LOG] [HMR] connected @ http://localhost:3001/_next/static/chunks/b2b3e_next_dist_77a734fe._.js:2297
[  106801ms] [LOG] [Fast Refresh] rebuilding @ http://localhost:3001/_next/static/chunks/b2b3e_next_dist_77a734fe._.js:2297
[  107095ms] [ERROR] Failed to load resource: the server responded with a status of 404 (Not Found) @ http://localhost:3001/avatar.jpg:0
[  107149ms] [INFO] %cDownload the React DevTools for a better development experience: https://react.dev/link/react-devtools font-weight:bold @ http://localhost:3001/_next/static/chunks/b2b3e_next_dist_77a734fe._.js:2297
[  107170ms] [LOG] [HMR] connected @ http://localhost:3001/_next/static/chunks/b2b3e_next_dist_77a734fe._.js:2297
[  107297ms] [LOG] [Fast Refresh] rebuilding @ http://localhost:3001/_next/static/chunks/b2b3e_next_dist_77a734fe._.js:2297
[  107578ms] [ERROR] Failed to load resource: the server responded with a status of 404 (Not Found) @ http://localhost:3001/avatar.jpg:0
[  107631ms] [INFO] %cDownload the React DevTools for a better development experience: https://react.dev/link/react-devtools font-weight:bold @ http://localhost:3001/_next/static/chunks/b2b3e_next_dist_77a734fe._.js:2297
[  107655ms] [LOG] [HMR] connected @ http://localhost:3001/_next/static/chunks/b2b3e_next_dist_77a734fe._.js:2297
[  107769ms] [LOG] [Fast Refresh] rebuilding @ http://localhost:3001/_next/static/chunks/b2b3e_next_dist_77a734fe._.js:2297
[  108068ms] [ERROR] Failed to load resource: the server responded with a status of 404 (Not Found) @ http://localhost:3001/avatar.jpg:0
[  108119ms] [INFO] %cDownload the React DevTools for a better development experience: https://react.dev/link/react-devtools font-weight:bold @ http://localhost:3001/_next/static/chunks/b2b3e_next_dist_77a734fe._.js:2297
[  108142ms] [LOG] [HMR] connected @ http://localhost:3001/_next/static/chunks/b2b3e_next_dist_77a734fe._.js:2297
[  108254ms] [LOG] [Fast Refresh] rebuilding @ http://localhost:3001/_next/static/chunks/b2b3e_next_dist_77a734fe._.js:2297
[  108548ms] [ERROR] Failed to load resource: the server responded with a status of 404 (Not Found) @ http://localhost:3001/avatar.jpg:0
[  108605ms] [INFO] %cDownload the React DevTools for a better development experience: https://react.dev/link/react-devtools font-weight:bold @ http://localhost:3001/_next/static/chunks/b2b3e_next_dist_77a734fe._.js:2297
[  108628ms] [LOG] [HMR] connected @ http://localhost:3001/_next/static/chunks/b2b3e_next_dist_77a734fe._.js:2297
[  108750ms] [LOG] [Fast Refresh] rebuilding @ http://localhost:3001/_next/static/chunks/b2b3e_next_dist_77a734fe._.js:2297
[  109057ms] [ERROR] Failed to load resource: the server responded with a status of 404 (Not Found) @ http://localhost:3001/avatar.jpg:0
[  109109ms] [INFO] %cDownload the React DevTools for a better development experience: https://react.dev/link/react-devtools font-weight:bold @ http://localhost:3001/_next/static/chunks/b2b3e_next_dist_77a734fe._.js:2297
[  109131ms] [LOG] [HMR] connected @ http://localhost:3001/_next/static/chunks/b2b3e_next_dist_77a734fe._.js:2297
[  109242ms] [LOG] [Fast Refresh] rebuilding @ http://localhost:3001/_next/static/chunks/b2b3e_next_dist_77a734fe._.js:2297
[  109545ms] [ERROR] Failed to load resource: the server responded with a status of 404 (Not Found) @ http://localhost:3001/avatar.jpg:0
[  109596ms] [INFO] %cDownload the React DevTools for a better development experience: https://react.dev/link/react-devtools font-weight:bold @ http://localhost:3001/_next/static/chunks/b2b3e_next_dist_77a734fe._.js:2297
[  109619ms] [LOG] [HMR] connected @ http://localhost:3001/_next/static/chunks/b2b3e_next_dist_77a734fe._.js:2297
[  109744ms] [LOG] [Fast Refresh] rebuilding @ http://localhost:3001/_next/static/chunks/b2b3e_next_dist_77a734fe._.js:2297
[  110037ms] [ERROR] Failed to load resource: the server responded with a status of 404 (Not Found) @ http://localhost:3001/avatar.jpg:0
[  110088ms] [INFO] %cDownload the React DevTools for a better development experience: https://react.dev/link/react-devtools font-weight:bold @ http://localhost:3001/_next/static/chunks/b2b3e_next_dist_77a734fe._.js:2297
[  110110ms] [LOG] [HMR] connected @ http://localhost:3001/_next/static/chunks/b2b3e_next_dist_77a734fe._.js:2297
[  110218ms] [LOG] [Fast Refresh] rebuilding @ http://localhost:3001/_next/static/chunks/b2b3e_next_dist_77a734fe._.js:2297
[  110512ms] [ERROR] Failed to load resource: the server responded with a status of 404 (Not Found) @ http://localhost:3001/avatar.jpg:0
[  110568ms] [INFO] %cDownload the React DevTools for a better development experience: https://react.dev/link/react-devtools font-weight:bold @ http://localhost:3001/_next/static/chunks/b2b3e_next_dist_77a734fe._.js:2297
[  110590ms] [LOG] [HMR] connected @ http://localhost:3001/_next/static/chunks/b2b3e_next_dist_77a734fe._.js:2297
[  110704ms] [LOG] [Fast Refresh] rebuilding @ http://localhost:3001/_next/static/chunks/b2b3e_next_dist_77a734fe._.js:2297
[  111013ms] [ERROR] Failed to load resource: the server responded with a status of 404 (Not Found) @ http://localhost:3001/avatar.jpg:0
[  111066ms] [INFO] %cDownload the React DevTools for a better development experience: https://react.dev/link/react-devtools font-weight:bold @ http://localhost:3001/_next/static/chunks/b2b3e_next_dist_77a734fe._.js:2297
[  111090ms] [LOG] [HMR] connected @ http://localhost:3001/_next/static/chunks/b2b3e_next_dist_77a734fe._.js:2297
[  111191ms] [LOG] [Fast Refresh] rebuilding @ http://localhost:3001/_next/static/chunks/b2b3e_next_dist_77a734fe._.js:2297
[  111471ms] [ERROR] Failed to load resource: the server responded with a status of 404 (Not Found) @ http://localhost:3001/avatar.jpg:0
[  111527ms] [INFO] %cDownload the React DevTools for a better development experience: https://react.dev/link/react-devtools font-weight:bold @ http://localhost:3001/_next/static/chunks/b2b3e_next_dist_77a734fe._.js:2297
[  111552ms] [LOG] [HMR] connected @ http://localhost:3001/_next/static/chunks/b2b3e_next_dist_77a734fe._.js:2297
[  111664ms] [LOG] [Fast Refresh] rebuilding @ http://localhost:3001/_next/static/chunks/b2b3e_next_dist_77a734fe._.js:2297
[  111947ms] [ERROR] Failed to load resource: the server responded with a status of 404 (Not Found) @ http://localhost:3001/avatar.jpg:0
[  111998ms] [INFO] %cDownload the React DevTools for a better development experience: https://react.dev/link/react-devtools font-weight:bold @ http://localhost:3001/_next/static/chunks/b2b3e_next_dist_77a734fe._.js:2297
[  112015ms] [LOG] [HMR] connected @ http://localhost:3001/_next/static/chunks/b2b3e_next_dist_77a734fe._.js:2297
[  112132ms] [LOG] [Fast Refresh] rebuilding @ http://localhost:3001/_next/static/chunks/b2b3e_next_dist_77a734fe._.js:2297
[  112425ms] [ERROR] Failed to load resource: the server responded with a status of 404 (Not Found) @ http://localhost:3001/avatar.jpg:0
[  112482ms] [INFO] %cDownload the React DevTools for a better development experience: https://react.dev/link/react-devtools font-weight:bold @ http://localhost:3001/_next/static/chunks/b2b3e_next_dist_77a734fe._.js:2297
[  112504ms] [LOG] [HMR] connected @ http://localhost:3001/_next/static/chunks/b2b3e_next_dist_77a734fe._.js:2297
[  112619ms] [LOG] [Fast Refresh] rebuilding @ http://localhost:3001/_next/static/chunks/b2b3e_next_dist_77a734fe._.js:2297
[  112916ms] [ERROR] Failed to load resource: the server responded with a status of 404 (Not Found) @ http://localhost:3001/avatar.jpg:0
[  112967ms] [INFO] %cDownload the React DevTools for a better development experience: https://react.dev/link/react-devtools font-weight:bold @ http://localhost:3001/_next/static/chunks/b2b3e_next_dist_77a734fe._.js:2297
[  112990ms] [LOG] [HMR] connected @ http://localhost:3001/_next/static/chunks/b2b3e_next_dist_77a734fe._.js:2297
[  113092ms] [LOG] [Fast Refresh] rebuilding @ http://localhost:3001/_next/static/chunks/b2b3e_next_dist_77a734fe._.js:2297
[  113375ms] [ERROR] Failed to load resource: the server responded with a status of 404 (Not Found) @ http://localhost:3001/avatar.jpg:0
[  113429ms] [INFO] %cDownload the React DevTools for a better development experience: https://react.dev/link/react-devtools font-weight:bold @ http://localhost:3001/_next/static/chunks/b2b3e_next_dist_77a734fe._.js:2297
[  113446ms] [LOG] [HMR] connected @ http://localhost:3001/_next/static/chunks/b2b3e_next_dist_77a734fe._.js:2297
[  113566ms] [LOG] [Fast Refresh] rebuilding @ http://localhost:3001/_next/static/chunks/b2b3e_next_dist_77a734fe._.js:2297
[  113858ms] [ERROR] Failed to load resource: the server responded with a status of 404 (Not Found) @ http://localhost:3001/avatar.jpg:0
[  113914ms] [INFO] %cDownload the React DevTools for a better development experience: https://react.dev/link/react-devtools font-weight:bold @ http://localhost:3001/_next/static/chunks/b2b3e_next_dist_77a734fe._.js:2297
[  113937ms] [LOG] [HMR] connected @ http://localhost:3001/_next/static/chunks/b2b3e_next_dist_77a734fe._.js:2297
[  114044ms] [LOG] [Fast Refresh] rebuilding @ http://localhost:3001/_next/static/chunks/b2b3e_next_dist_77a734fe._.js:2297
[  114339ms] [ERROR] Failed to load resource: the server responded with a status of 404 (Not Found) @ http://localhost:3001/avatar.jpg:0
[  114389ms] [INFO] %cDownload the React DevTools for a better development experience: https://react.dev/link/react-devtools font-weight:bold @ http://localhost:3001/_next/static/chunks/b2b3e_next_dist_77a734fe._.js:2297
[  114414ms] [LOG] [HMR] connected @ http://localhost:3001/_next/static/chunks/b2b3e_next_dist_77a734fe._.js:2297
[  114541ms] [LOG] [Fast Refresh] rebuilding @ http://localhost:3001/_next/static/chunks/b2b3e_next_dist_77a734fe._.js:2297
[  114838ms] [ERROR] Failed to load resource: the server responded with a status of 404 (Not Found) @ http://localhost:3001/avatar.jpg:0
[  114893ms] [INFO] %cDownload the React DevTools for a better development experience: https://react.dev/link/react-devtools font-weight:bold @ http://localhost:3001/_next/static/chunks/b2b3e_next_dist_77a734fe._.js:2297
[  114918ms] [LOG] [HMR] connected @ http://localhost:3001/_next/static/chunks/b2b3e_next_dist_77a734fe._.js:2297
[  115055ms] [LOG] [Fast Refresh] rebuilding @ http://localhost:3001/_next/static/chunks/b2b3e_next_dist_77a734fe._.js:2297
[  115358ms] [ERROR] Failed to load resource: the server responded with a status of 404 (Not Found) @ http://localhost:3001/avatar.jpg:0
[  115411ms] [INFO] %cDownload the React DevTools for a better development experience: https://react.dev/link/react-devtools font-weight:bold @ http://localhost:3001/_next/static/chunks/b2b3e_next_dist_77a734fe._.js:2297
[  115434ms] [LOG] [HMR] connected @ http://localhost:3001/_next/static/chunks/b2b3e_next_dist_77a734fe._.js:2297
[  115537ms] [LOG] [Fast Refresh] rebuilding @ http://localhost:3001/_next/static/chunks/b2b3e_next_dist_77a734fe._.js:2297
[  115825ms] [ERROR] Failed to load resource: the server responded with a status of 404 (Not Found) @ http://localhost:3001/avatar.jpg:0
[  115878ms] [INFO] %cDownload the React DevTools for a better development experience: https://react.dev/link/react-devtools font-weight:bold @ http://localhost:3001/_next/static/chunks/b2b3e_next_dist_77a734fe._.js:2297
[  115902ms] [LOG] [HMR] connected @ http://localhost:3001/_next/static/chunks/b2b3e_next_dist_77a734fe._.js:2297
[  115998ms] [LOG] [Fast Refresh] rebuilding @ http://localhost:3001/_next/static/chunks/b2b3e_next_dist_77a734fe._.js:2297
[  116290ms] [ERROR] Failed to load resource: the server responded with a status of 404 (Not Found) @ http://localhost:3001/avatar.jpg:0
[  116342ms] [INFO] %cDownload the React DevTools for a better development experience: https://react.dev/link/react-devtools font-weight:bold @ http://localhost:3001/_next/static/chunks/b2b3e_next_dist_77a734fe._.js:2297
[  116364ms] [LOG] [HMR] connected @ http://localhost:3001/_next/static/chunks/b2b3e_next_dist_77a734fe._.js:2297
[  116473ms] [LOG] [Fast Refresh] rebuilding @ http://localhost:3001/_next/static/chunks/b2b3e_next_dist_77a734fe._.js:2297
[  116775ms] [ERROR] Failed to load resource: the server responded with a status of 404 (Not Found) @ http://localhost:3001/avatar.jpg:0
[  116831ms] [INFO] %cDownload the React DevTools for a better development experience: https://react.dev/link/react-devtools font-weight:bold @ http://localhost:3001/_next/static/chunks/b2b3e_next_dist_77a734fe._.js:2297
[  116853ms] [LOG] [HMR] connected @ http://localhost:3001/_next/static/chunks/b2b3e_next_dist_77a734fe._.js:2297
[  116966ms] [LOG] [Fast Refresh] rebuilding @ http://localhost:3001/_next/static/chunks/b2b3e_next_dist_77a734fe._.js:2297
[  117268ms] [ERROR] Failed to load resource: the server responded with a status of 404 (Not Found) @ http://localhost:3001/avatar.jpg:0
[  117322ms] [INFO] %cDownload the React DevTools for a better development experience: https://react.dev/link/react-devtools font-weight:bold @ http://localhost:3001/_next/static/chunks/b2b3e_next_dist_77a734fe._.js:2297
[  117343ms] [LOG] [HMR] connected @ http://localhost:3001/_next/static/chunks/b2b3e_next_dist_77a734fe._.js:2297
[  117458ms] [LOG] [Fast Refresh] rebuilding @ http://localhost:3001/_next/static/chunks/b2b3e_next_dist_77a734fe._.js:2297
[  117756ms] [ERROR] Failed to load resource: the server responded with a status of 404 (Not Found) @ http://localhost:3001/avatar.jpg:0
[  117810ms] [INFO] %cDownload the React DevTools for a better development experience: https://react.dev/link/react-devtools font-weight:bold @ http://localhost:3001/_next/static/chunks/b2b3e_next_dist_77a734fe._.js:2297
[  117834ms] [LOG] [HMR] connected @ http://localhost:3001/_next/static/chunks/b2b3e_next_dist_77a734fe._.js:2297
[  117966ms] [LOG] [Fast Refresh] rebuilding @ http://localhost:3001/_next/static/chunks/b2b3e_next_dist_77a734fe._.js:2297
[  118492ms] [ERROR] Failed to load resource: the server responded with a status of 404 (Not Found) @ http://localhost:3001/avatar.jpg:0
[  118551ms] [INFO] %cDownload the React DevTools for a better development experience: https://react.dev/link/react-devtools font-weight:bold @ http://localhost:3001/_next/static/chunks/b2b3e_next_dist_77a734fe._.js:2297
[  118576ms] [LOG] [HMR] connected @ http://localhost:3001/_next/static/chunks/b2b3e_next_dist_77a734fe._.js:2297
[  118690ms] [LOG] [Fast Refresh] rebuilding @ http://localhost:3001/_next/static/chunks/b2b3e_next_dist_77a734fe._.js:2297
[  119009ms] [ERROR] Failed to load resource: the server responded with a status of 404 (Not Found) @ http://localhost:3001/avatar.jpg:0
[  119074ms] [INFO] %cDownload the React DevTools for a better development experience: https://react.dev/link/react-devtools font-weight:bold @ http://localhost:3001/_next/static/chunks/b2b3e_next_dist_77a734fe._.js:2297
[  119102ms] [LOG] [HMR] connected @ http://localhost:3001/_next/static/chunks/b2b3e_next_dist_77a734fe._.js:2297
[  119213ms] [LOG] [Fast Refresh] rebuilding @ http://localhost:3001/_next/static/chunks/b2b3e_next_dist_77a734fe._.js:2297
[  119530ms] [ERROR] Failed to load resource: the server responded with a status of 404 (Not Found) @ http://localhost:3001/avatar.jpg:0
[  119594ms] [INFO] %cDownload the React DevTools for a better development experience: https://react.dev/link/react-devtools font-weight:bold @ http://localhost:3001/_next/static/chunks/b2b3e_next_dist_77a734fe._.js:2297
[  119618ms] [LOG] [HMR] connected @ http://localhost:3001/_next/static/chunks/b2b3e_next_dist_77a734fe._.js:2297
[  119726ms] [LOG] [Fast Refresh] rebuilding @ http://localhost:3001/_next/static/chunks/b2b3e_next_dist_77a734fe._.js:2297
[  120017ms] [ERROR] Failed to load resource: the server responded with a status of 404 (Not Found) @ http://localhost:3001/avatar.jpg:0
[  120074ms] [INFO] %cDownload the React DevTools for a better development experience: https://react.dev/link/react-devtools font-weight:bold @ http://localhost:3001/_next/static/chunks/b2b3e_next_dist_77a734fe._.js:2297
[  120099ms] [LOG] [HMR] connected @ http://localhost:3001/_next/static/chunks/b2b3e_next_dist_77a734fe._.js:2297
[  120221ms] [LOG] [Fast Refresh] rebuilding @ http://localhost:3001/_next/static/chunks/b2b3e_next_dist_77a734fe._.js:2297
[  120525ms] [ERROR] Failed to load resource: the server responded with a status of 404 (Not Found) @ http://localhost:3001/avatar.jpg:0
[  120577ms] [INFO] %cDownload the React DevTools for a better development experience: https://react.dev/link/react-devtools font-weight:bold @ http://localhost:3001/_next/static/chunks/b2b3e_next_dist_77a734fe._.js:2297
[  120598ms] [LOG] [HMR] connected @ http://localhost:3001/_next/static/chunks/b2b3e_next_dist_77a734fe._.js:2297
[  120720ms] [LOG] [Fast Refresh] rebuilding @ http://localhost:3001/_next/static/chunks/b2b3e_next_dist_77a734fe._.js:2297
[  121044ms] [ERROR] Failed to load resource: the server responded with a status of 404 (Not Found) @ http://localhost:3001/avatar.jpg:0
[  121104ms] [INFO] %cDownload the React DevTools for a better development experience: https://react.dev/link/react-devtools font-weight:bold @ http://localhost:3001/_next/static/chunks/b2b3e_next_dist_77a734fe._.js:2297
[  121134ms] [LOG] [HMR] connected @ http://localhost:3001/_next/static/chunks/b2b3e_next_dist_77a734fe._.js:2297
[  121265ms] [LOG] [Fast Refresh] rebuilding @ http://localhost:3001/_next/static/chunks/b2b3e_next_dist_77a734fe._.js:2297
[  121638ms] [ERROR] Failed to load resource: the server responded with a status of 404 (Not Found) @ http://localhost:3001/avatar.jpg:0
[  121700ms] [INFO] %cDownload the React DevTools for a better development experience: https://react.dev/link/react-devtools font-weight:bold @ http://localhost:3001/_next/static/chunks/b2b3e_next_dist_77a734fe._.js:2297
[  121729ms] [LOG] [HMR] connected @ http://localhost:3001/_next/static/chunks/b2b3e_next_dist_77a734fe._.js:2297
[  121856ms] [LOG] [Fast Refresh] rebuilding @ http://localhost:3001/_next/static/chunks/b2b3e_next_dist_77a734fe._.js:2297
[  122155ms] [ERROR] Failed to load resource: the server responded with a status of 404 (Not Found) @ http://localhost:3001/avatar.jpg:0
[  122218ms] [INFO] %cDownload the React DevTools for a better development experience: https://react.dev/link/react-devtools font-weight:bold @ http://localhost:3001/_next/static/chunks/b2b3e_next_dist_77a734fe._.js:2297
[  122243ms] [LOG] [HMR] connected @ http://localhost:3001/_next/static/chunks/b2b3e_next_dist_77a734fe._.js:2297
[  122366ms] [LOG] [Fast Refresh] rebuilding @ http://localhost:3001/_next/static/chunks/b2b3e_next_dist_77a734fe._.js:2297
[  122677ms] [ERROR] Failed to load resource: the server responded with a status of 404 (Not Found) @ http://localhost:3001/avatar.jpg:0
[  122730ms] [INFO] %cDownload the React DevTools for a better development experience: https://react.dev/link/react-devtools font-weight:bold @ http://localhost:3001/_next/static/chunks/b2b3e_next_dist_77a734fe._.js:2297
[  122753ms] [LOG] [HMR] connected @ http://localhost:3001/_next/static/chunks/b2b3e_next_dist_77a734fe._.js:2297
[  122874ms] [LOG] [Fast Refresh] rebuilding @ http://localhost:3001/_next/static/chunks/b2b3e_next_dist_77a734fe._.js:2297
[  123175ms] [ERROR] Failed to load resource: the server responded with a status of 404 (Not Found) @ http://localhost:3001/avatar.jpg:0
[  123233ms] [INFO] %cDownload the React DevTools for a better development experience: https://react.dev/link/react-devtools font-weight:bold @ http://localhost:3001/_next/static/chunks/b2b3e_next_dist_77a734fe._.js:2297
[  123257ms] [LOG] [HMR] connected @ http://localhost:3001/_next/static/chunks/b2b3e_next_dist_77a734fe._.js:2297
[  123391ms] [LOG] [Fast Refresh] rebuilding @ http://localhost:3001/_next/static/chunks/b2b3e_next_dist_77a734fe._.js:2297
[  123672ms] [ERROR] Failed to load resource: the server responded with a status of 404 (Not Found) @ http://localhost:3001/avatar.jpg:0
[  123722ms] [INFO] %cDownload the React DevTools for a better development experience: https://react.dev/link/react-devtools font-weight:bold @ http://localhost:3001/_next/static/chunks/b2b3e_next_dist_77a734fe._.js:2297
[  123747ms] [LOG] [HMR] connected @ http://localhost:3001/_next/static/chunks/b2b3e_next_dist_77a734fe._.js:2297
[  123867ms] [LOG] [Fast Refresh] rebuilding @ http://localhost:3001/_next/static/chunks/b2b3e_next_dist_77a734fe._.js:2297
[  124141ms] [ERROR] Failed to load resource: the server responded with a status of 404 (Not Found) @ http://localhost:3001/avatar.jpg:0
[  124192ms] [INFO] %cDownload the React DevTools for a better development experience: https://react.dev/link/react-devtools font-weight:bold @ http://localhost:3001/_next/static/chunks/b2b3e_next_dist_77a734fe._.js:2297
[  124214ms] [LOG] [HMR] connected @ http://localhost:3001/_next/static/chunks/b2b3e_next_dist_77a734fe._.js:2297
[  124315ms] [LOG] [Fast Refresh] rebuilding @ http://localhost:3001/_next/static/chunks/b2b3e_next_dist_77a734fe._.js:2297
[  124601ms] [ERROR] Failed to load resource: the server responded with a status of 404 (Not Found) @ http://localhost:3001/avatar.jpg:0
[  124651ms] [INFO] %cDownload the React DevTools for a better development experience: https://react.dev/link/react-devtools font-weight:bold @ http://localhost:3001/_next/static/chunks/b2b3e_next_dist_77a734fe._.js:2297
[  124673ms] [LOG] [HMR] connected @ http://localhost:3001/_next/static/chunks/b2b3e_next_dist_77a734fe._.js:2297
[  124779ms] [LOG] [Fast Refresh] rebuilding @ http://localhost:3001/_next/static/chunks/b2b3e_next_dist_77a734fe._.js:2297
[  125063ms] [ERROR] Failed to load resource: the server responded with a status of 404 (Not Found) @ http://localhost:3001/avatar.jpg:0
[  125118ms] [INFO] %cDownload the React DevTools for a better development experience: https://react.dev/link/react-devtools font-weight:bold @ http://localhost:3001/_next/static/chunks/b2b3e_next_dist_77a734fe._.js:2297
[  125142ms] [LOG] [HMR] connected @ http://localhost:3001/_next/static/chunks/b2b3e_next_dist_77a734fe._.js:2297
[  125238ms] [LOG] [Fast Refresh] rebuilding @ http://localhost:3001/_next/static/chunks/b2b3e_next_dist_77a734fe._.js:2297
[  125670ms] [ERROR] Failed to load resource: the server responded with a status of 404 (Not Found) @ http://localhost:3001/avatar.jpg:0
[  125721ms] [INFO] %cDownload the React DevTools for a better development experience: https://react.dev/link/react-devtools font-weight:bold @ http://localhost:3001/_next/static/chunks/b2b3e_next_dist_77a734fe._.js:2297
[  125747ms] [LOG] [HMR] connected @ http://localhost:3001/_next/static/chunks/b2b3e_next_dist_77a734fe._.js:2297
[  125869ms] [LOG] [Fast Refresh] rebuilding @ http://localhost:3001/_next/static/chunks/b2b3e_next_dist_77a734fe._.js:2297
[  126183ms] [ERROR] Failed to load resource: the server responded with a status of 404 (Not Found) @ http://localhost:3001/avatar.jpg:0
[  126251ms] [INFO] %cDownload the React DevTools for a better development experience: https://react.dev/link/react-devtools font-weight:bold @ http://localhost:3001/_next/static/chunks/b2b3e_next_dist_77a734fe._.js:2297
[  126271ms] [LOG] [HMR] connected @ http://localhost:3001/_next/static/chunks/b2b3e_next_dist_77a734fe._.js:2297
[  126417ms] [LOG] [Fast Refresh] rebuilding @ http://localhost:3001/_next/static/chunks/b2b3e_next_dist_77a734fe._.js:2297
[  126713ms] [ERROR] Failed to load resource: the server responded with a status of 404 (Not Found) @ http://localhost:3001/avatar.jpg:0
[  126773ms] [INFO] %cDownload the React DevTools for a better development experience: https://react.dev/link/react-devtools font-weight:bold @ http://localhost:3001/_next/static/chunks/b2b3e_next_dist_77a734fe._.js:2297
[  126795ms] [LOG] [HMR] connected @ http://localhost:3001/_next/static/chunks/b2b3e_next_dist_77a734fe._.js:2297
[  126902ms] [LOG] [Fast Refresh] rebuilding @ http://localhost:3001/_next/static/chunks/b2b3e_next_dist_77a734fe._.js:2297
[  127187ms] [ERROR] Failed to load resource: the server responded with a status of 404 (Not Found) @ http://localhost:3001/avatar.jpg:0
[  127243ms] [INFO] %cDownload the React DevTools for a better development experience: https://react.dev/link/react-devtools font-weight:bold @ http://localhost:3001/_next/static/chunks/b2b3e_next_dist_77a734fe._.js:2297
[  127279ms] [LOG] [HMR] connected @ http://localhost:3001/_next/static/chunks/b2b3e_next_dist_77a734fe._.js:2297
[  127380ms] [LOG] [Fast Refresh] rebuilding @ http://localhost:3001/_next/static/chunks/b2b3e_next_dist_77a734fe._.js:2297
[  127663ms] [ERROR] Failed to load resource: the server responded with a status of 404 (Not Found) @ http://localhost:3001/avatar.jpg:0
[  127722ms] [INFO] %cDownload the React DevTools for a better development experience: https://react.dev/link/react-devtools font-weight:bold @ http://localhost:3001/_next/static/chunks/b2b3e_next_dist_77a734fe._.js:2297
[  127742ms] [LOG] [HMR] connected @ http://localhost:3001/_next/static/chunks/b2b3e_next_dist_77a734fe._.js:2297
[  127858ms] [LOG] [Fast Refresh] rebuilding @ http://localhost:3001/_next/static/chunks/b2b3e_next_dist_77a734fe._.js:2297
[  128153ms] [ERROR] Failed to load resource: the server responded with a status of 404 (Not Found) @ http://localhost:3001/avatar.jpg:0
[  128213ms] [INFO] %cDownload the React DevTools for a better development experience: https://react.dev/link/react-devtools font-weight:bold @ http://localhost:3001/_next/static/chunks/b2b3e_next_dist_77a734fe._.js:2297
[  128246ms] [LOG] [HMR] connected @ http://localhost:3001/_next/static/chunks/b2b3e_next_dist_77a734fe._.js:2297
[  128349ms] [LOG] [Fast Refresh] rebuilding @ http://localhost:3001/_next/static/chunks/b2b3e_next_dist_77a734fe._.js:2297
[  128649ms] [ERROR] Failed to load resource: the server responded with a status of 404 (Not Found) @ http://localhost:3001/avatar.jpg:0
[  128704ms] [INFO] %cDownload the React DevTools for a better development experience: https://react.dev/link/react-devtools font-weight:bold @ http://localhost:3001/_next/static/chunks/b2b3e_next_dist_77a734fe._.js:2297
[  128725ms] [LOG] [HMR] connected @ http://localhost:3001/_next/static/chunks/b2b3e_next_dist_77a734fe._.js:2297
[  128827ms] [LOG] [Fast Refresh] rebuilding @ http://localhost:3001/_next/static/chunks/b2b3e_next_dist_77a734fe._.js:2297
[  129118ms] [ERROR] Failed to load resource: the server responded with a status of 404 (Not Found) @ http://localhost:3001/avatar.jpg:0
[  129179ms] [INFO] %cDownload the React DevTools for a better development experience: https://react.dev/link/react-devtools font-weight:bold @ http://localhost:3001/_next/static/chunks/b2b3e_next_dist_77a734fe._.js:2297
[  129199ms] [LOG] [HMR] connected @ http://localhost:3001/_next/static/chunks/b2b3e_next_dist_77a734fe._.js:2297
[  129310ms] [LOG] [Fast Refresh] rebuilding @ http://localhost:3001/_next/static/chunks/b2b3e_next_dist_77a734fe._.js:2297
[  129591ms] [ERROR] Failed to load resource: the server responded with a status of 404 (Not Found) @ http://localhost:3001/avatar.jpg:0
[  129654ms] [INFO] %cDownload the React DevTools for a better development experience: https://react.dev/link/react-devtools font-weight:bold @ http://localhost:3001/_next/static/chunks/b2b3e_next_dist_77a734fe._.js:2297
[  129678ms] [LOG] [HMR] connected @ http://localhost:3001/_next/static/chunks/b2b3e_next_dist_77a734fe._.js:2297
[  129778ms] [LOG] [Fast Refresh] rebuilding @ http://localhost:3001/_next/static/chunks/b2b3e_next_dist_77a734fe._.js:2297
[  130058ms] [ERROR] Failed to load resource: the server responded with a status of 404 (Not Found) @ http://localhost:3001/avatar.jpg:0
[  130114ms] [INFO] %cDownload the React DevTools for a better development experience: https://react.dev/link/react-devtools font-weight:bold @ http://localhost:3001/_next/static/chunks/b2b3e_next_dist_77a734fe._.js:2297
[  130148ms] [LOG] [HMR] connected @ http://localhost:3001/_next/static/chunks/b2b3e_next_dist_77a734fe._.js:2297
[  130262ms] [LOG] [Fast Refresh] rebuilding @ http://localhost:3001/_next/static/chunks/b2b3e_next_dist_77a734fe._.js:2297
[  130584ms] [ERROR] Failed to load resource: the server responded with a status of 404 (Not Found) @ http://localhost:3001/avatar.jpg:0
[  130646ms] [INFO] %cDownload the React DevTools for a better development experience: https://react.dev/link/react-devtools font-weight:bold @ http://localhost:3001/_next/static/chunks/b2b3e_next_dist_77a734fe._.js:2297
[  130678ms] [LOG] [HMR] connected @ http://localhost:3001/_next/static/chunks/b2b3e_next_dist_77a734fe._.js:2297
[  130796ms] [LOG] [Fast Refresh] rebuilding @ http://localhost:3001/_next/static/chunks/b2b3e_next_dist_77a734fe._.js:2297
[  131093ms] [ERROR] Failed to load resource: the server responded with a status of 404 (Not Found) @ http://localhost:3001/avatar.jpg:0
[  131155ms] [INFO] %cDownload the React DevTools for a better development experience: https://react.dev/link/react-devtools font-weight:bold @ http://localhost:3001/_next/static/chunks/b2b3e_next_dist_77a734fe._.js:2297
[  131178ms] [LOG] [HMR] connected @ http://localhost:3001/_next/static/chunks/b2b3e_next_dist_77a734fe._.js:2297
[  131291ms] [LOG] [Fast Refresh] rebuilding @ http://localhost:3001/_next/static/chunks/b2b3e_next_dist_77a734fe._.js:2297
[  131584ms] [ERROR] Failed to load resource: the server responded with a status of 404 (Not Found) @ http://localhost:3001/avatar.jpg:0
[  131642ms] [INFO] %cDownload the React DevTools for a better development experience: https://react.dev/link/react-devtools font-weight:bold @ http://localhost:3001/_next/static/chunks/b2b3e_next_dist_77a734fe._.js:2297
[  131665ms] [LOG] [HMR] connected @ http://localhost:3001/_next/static/chunks/b2b3e_next_dist_77a734fe._.js:2297
[  131776ms] [LOG] [Fast Refresh] rebuilding @ http://localhost:3001/_next/static/chunks/b2b3e_next_dist_77a734fe._.js:2297
[  132062ms] [ERROR] Failed to load resource: the server responded with a status of 404 (Not Found) @ http://localhost:3001/avatar.jpg:0
[  132123ms] [INFO] %cDownload the React DevTools for a better development experience: https://react.dev/link/react-devtools font-weight:bold @ http://localhost:3001/_next/static/chunks/b2b3e_next_dist_77a734fe._.js:2297
[  132145ms] [LOG] [HMR] connected @ http://localhost:3001/_next/static/chunks/b2b3e_next_dist_77a734fe._.js:2297
[  132257ms] [LOG] [Fast Refresh] rebuilding @ http://localhost:3001/_next/static/chunks/b2b3e_next_dist_77a734fe._.js:2297
[  132557ms] [ERROR] Failed to load resource: the server responded with a status of 404 (Not Found) @ http://localhost:3001/avatar.jpg:0
[  132611ms] [INFO] %cDownload the React DevTools for a better development experience: https://react.dev/link/react-devtools font-weight:bold @ http://localhost:3001/_next/static/chunks/b2b3e_next_dist_77a734fe._.js:2297
[  132631ms] [LOG] [HMR] connected @ http://localhost:3001/_next/static/chunks/b2b3e_next_dist_77a734fe._.js:2297
[  132759ms] [LOG] [Fast Refresh] rebuilding @ http://localhost:3001/_next/static/chunks/b2b3e_next_dist_77a734fe._.js:2297
[  133040ms] [ERROR] Failed to load resource: the server responded with a status of 404 (Not Found) @ http://localhost:3001/avatar.jpg:0
[  133095ms] [INFO] %cDownload the React DevTools for a better development experience: https://react.dev/link/react-devtools font-weight:bold @ http://localhost:3001/_next/static/chunks/b2b3e_next_dist_77a734fe._.js:2297
[  133129ms] [LOG] [HMR] connected @ http://localhost:3001/_next/static/chunks/b2b3e_next_dist_77a734fe._.js:2297
[  133234ms] [LOG] [Fast Refresh] rebuilding @ http://localhost:3001/_next/static/chunks/b2b3e_next_dist_77a734fe._.js:2297
[  133519ms] [ERROR] Failed to load resource: the server responded with a status of 404 (Not Found) @ http://localhost:3001/avatar.jpg:0
[  133578ms] [INFO] %cDownload the React DevTools for a better development experience: https://react.dev/link/react-devtools font-weight:bold @ http://localhost:3001/_next/static/chunks/b2b3e_next_dist_77a734fe._.js:2297
[  133596ms] [LOG] [HMR] connected @ http://localhost:3001/_next/static/chunks/b2b3e_next_dist_77a734fe._.js:2297
[  133720ms] [LOG] [Fast Refresh] rebuilding @ http://localhost:3001/_next/static/chunks/b2b3e_next_dist_77a734fe._.js:2297
[  134015ms] [ERROR] Failed to load resource: the server responded with a status of 404 (Not Found) @ http://localhost:3001/avatar.jpg:0
[  134067ms] [INFO] %cDownload the React DevTools for a better development experience: https://react.dev/link/react-devtools font-weight:bold @ http://localhost:3001/_next/static/chunks/b2b3e_next_dist_77a734fe._.js:2297
[  134098ms] [LOG] [HMR] connected @ http://localhost:3001/_next/static/chunks/b2b3e_next_dist_77a734fe._.js:2297
[  134211ms] [LOG] [Fast Refresh] rebuilding @ http://localhost:3001/_next/static/chunks/b2b3e_next_dist_77a734fe._.js:2297
[  134517ms] [ERROR] Failed to load resource: the server responded with a status of 404 (Not Found) @ http://localhost:3001/avatar.jpg:0
[  134571ms] [INFO] %cDownload the React DevTools for a better development experience: https://react.dev/link/react-devtools font-weight:bold @ http://localhost:3001/_next/static/chunks/b2b3e_next_dist_77a734fe._.js:2297
[  134606ms] [LOG] [HMR] connected @ http://localhost:3001/_next/static/chunks/b2b3e_next_dist_77a734fe._.js:2297
[  134699ms] [LOG] [Fast Refresh] rebuilding @ http://localhost:3001/_next/static/chunks/b2b3e_next_dist_77a734fe._.js:2297
[  134997ms] [ERROR] Failed to load resource: the server responded with a status of 404 (Not Found) @ http://localhost:3001/avatar.jpg:0
[  135055ms] [INFO] %cDownload the React DevTools for a better development experience: https://react.dev/link/react-devtools font-weight:bold @ http://localhost:3001/_next/static/chunks/b2b3e_next_dist_77a734fe._.js:2297
[  135088ms] [LOG] [HMR] connected @ http://localhost:3001/_next/static/chunks/b2b3e_next_dist_77a734fe._.js:2297
[  135193ms] [LOG] [Fast Refresh] rebuilding @ http://localhost:3001/_next/static/chunks/b2b3e_next_dist_77a734fe._.js:2297
[  135483ms] [ERROR] Failed to load resource: the server responded with a status of 404 (Not Found) @ http://localhost:3001/avatar.jpg:0
[  135549ms] [INFO] %cDownload the React DevTools for a better development experience: https://react.dev/link/react-devtools font-weight:bold @ http://localhost:3001/_next/static/chunks/b2b3e_next_dist_77a734fe._.js:2297
[  135573ms] [LOG] [HMR] connected @ http://localhost:3001/_next/static/chunks/b2b3e_next_dist_77a734fe._.js:2297
[  135690ms] [LOG] [Fast Refresh] rebuilding @ http://localhost:3001/_next/static/chunks/b2b3e_next_dist_77a734fe._.js:2297
[  135985ms] [ERROR] Failed to load resource: the server responded with a status of 404 (Not Found) @ http://localhost:3001/avatar.jpg:0
[  136040ms] [INFO] %cDownload the React DevTools for a better development experience: https://react.dev/link/react-devtools font-weight:bold @ http://localhost:3001/_next/static/chunks/b2b3e_next_dist_77a734fe._.js:2297
[  136057ms] [LOG] [HMR] connected @ http://localhost:3001/_next/static/chunks/b2b3e_next_dist_77a734fe._.js:2297
[  136169ms] [LOG] [Fast Refresh] rebuilding @ http://localhost:3001/_next/static/chunks/b2b3e_next_dist_77a734fe._.js:2297
[  136470ms] [ERROR] Failed to load resource: the server responded with a status of 404 (Not Found) @ http://localhost:3001/avatar.jpg:0
[  136529ms] [INFO] %cDownload the React DevTools for a better development experience: https://react.dev/link/react-devtools font-weight:bold @ http://localhost:3001/_next/static/chunks/b2b3e_next_dist_77a734fe._.js:2297
[  136547ms] [LOG] [HMR] connected @ http://localhost:3001/_next/static/chunks/b2b3e_next_dist_77a734fe._.js:2297
[  136680ms] [LOG] [Fast Refresh] rebuilding @ http://localhost:3001/_next/static/chunks/b2b3e_next_dist_77a734fe._.js:2297
[  136979ms] [ERROR] Failed to load resource: the server responded with a status of 404 (Not Found) @ http://localhost:3001/avatar.jpg:0
[  137034ms] [INFO] %cDownload the React DevTools for a better development experience: https://react.dev/link/react-devtools font-weight:bold @ http://localhost:3001/_next/static/chunks/b2b3e_next_dist_77a734fe._.js:2297
[  137057ms] [LOG] [HMR] connected @ http://localhost:3001/_next/static/chunks/b2b3e_next_dist_77a734fe._.js:2297
[  137179ms] [LOG] [Fast Refresh] rebuilding @ http://localhost:3001/_next/static/chunks/b2b3e_next_dist_77a734fe._.js:2297
[  137475ms] [ERROR] Failed to load resource: the server responded with a status of 404 (Not Found) @ http://localhost:3001/avatar.jpg:0
[  137530ms] [INFO] %cDownload the React DevTools for a better development experience: https://react.dev/link/react-devtools font-weight:bold @ http://localhost:3001/_next/static/chunks/b2b3e_next_dist_77a734fe._.js:2297
[  137552ms] [LOG] [HMR] connected @ http://localhost:3001/_next/static/chunks/b2b3e_next_dist_77a734fe._.js:2297
[  137673ms] [LOG] [Fast Refresh] rebuilding @ http://localhost:3001/_next/static/chunks/b2b3e_next_dist_77a734fe._.js:2297
[  137975ms] [ERROR] Failed to load resource: the server responded with a status of 404 (Not Found) @ http://localhost:3001/avatar.jpg:0
[  138030ms] [INFO] %cDownload the React DevTools for a better development experience: https://react.dev/link/react-devtools font-weight:bold @ http://localhost:3001/_next/static/chunks/b2b3e_next_dist_77a734fe._.js:2297
[  138053ms] [LOG] [HMR] connected @ http://localhost:3001/_next/static/chunks/b2b3e_next_dist_77a734fe._.js:2297
[  138164ms] [LOG] [Fast Refresh] rebuilding @ http://localhost:3001/_next/static/chunks/b2b3e_next_dist_77a734fe._.js:2297
[  138462ms] [ERROR] Failed to load resource: the server responded with a status of 404 (Not Found) @ http://localhost:3001/avatar.jpg:0
[  138520ms] [INFO] %cDownload the React DevTools for a better development experience: https://react.dev/link/react-devtools font-weight:bold @ http://localhost:3001/_next/static/chunks/b2b3e_next_dist_77a734fe._.js:2297
[  138544ms] [LOG] [HMR] connected @ http://localhost:3001/_next/static/chunks/b2b3e_next_dist_77a734fe._.js:2297
[  138655ms] [LOG] [Fast Refresh] rebuilding @ http://localhost:3001/_next/static/chunks/b2b3e_next_dist_77a734fe._.js:2297
[  138951ms] [ERROR] Failed to load resource: the server responded with a status of 404 (Not Found) @ http://localhost:3001/avatar.jpg:0
[  139005ms] [INFO] %cDownload the React DevTools for a better development experience: https://react.dev/link/react-devtools font-weight:bold @ http://localhost:3001/_next/static/chunks/b2b3e_next_dist_77a734fe._.js:2297
[  139048ms] [LOG] [HMR] connected @ http://localhost:3001/_next/static/chunks/b2b3e_next_dist_77a734fe._.js:2297
[  139180ms] [LOG] [Fast Refresh] rebuilding @ http://localhost:3001/_next/static/chunks/b2b3e_next_dist_77a734fe._.js:2297
[  139471ms] [ERROR] Failed to load resource: the server responded with a status of 404 (Not Found) @ http://localhost:3001/avatar.jpg:0
[  139523ms] [INFO] %cDownload the React DevTools for a better development experience: https://react.dev/link/react-devtools font-weight:bold @ http://localhost:3001/_next/static/chunks/b2b3e_next_dist_77a734fe._.js:2297
[  139546ms] [LOG] [HMR] connected @ http://localhost:3001/_next/static/chunks/b2b3e_next_dist_77a734fe._.js:2297
[  139671ms] [LOG] [Fast Refresh] rebuilding @ http://localhost:3001/_next/static/chunks/b2b3e_next_dist_77a734fe._.js:2297
[  140268ms] [ERROR] Failed to load resource: the server responded with a status of 404 (Not Found) @ http://localhost:3001/avatar.jpg:0
[  140315ms] [INFO] %cDownload the React DevTools for a better development experience: https://react.dev/link/react-devtools font-weight:bold @ http://localhost:3001/_next/static/chunks/b2b3e_next_dist_77a734fe._.js:2297
[  140343ms] [LOG] [HMR] connected @ http://localhost:3001/_next/static/chunks/b2b3e_next_dist_77a734fe._.js:2297
[  140469ms] [LOG] [Fast Refresh] rebuilding @ http://localhost:3001/_next/static/chunks/b2b3e_next_dist_77a734fe._.js:2297
[  140775ms] [ERROR] Failed to load resource: the server responded with a status of 404 (Not Found) @ http://localhost:3001/avatar.jpg:0
[  140827ms] [INFO] %cDownload the React DevTools for a better development experience: https://react.dev/link/react-devtools font-weight:bold @ http://localhost:3001/_next/static/chunks/b2b3e_next_dist_77a734fe._.js:2297
[  140849ms] [LOG] [HMR] connected @ http://localhost:3001/_next/static/chunks/b2b3e_next_dist_77a734fe._.js:2297
[  140959ms] [LOG] [Fast Refresh] rebuilding @ http://localhost:3001/_next/static/chunks/b2b3e_next_dist_77a734fe._.js:2297
[  141256ms] [ERROR] Failed to load resource: the server responded with a status of 404 (Not Found) @ http://localhost:3001/avatar.jpg:0
[  141307ms] [INFO] %cDownload the React DevTools for a better development experience: https://react.dev/link/react-devtools font-weight:bold @ http://localhost:3001/_next/static/chunks/b2b3e_next_dist_77a734fe._.js:2297
[  141332ms] [LOG] [HMR] connected @ http://localhost:3001/_next/static/chunks/b2b3e_next_dist_77a734fe._.js:2297
[  141444ms] [LOG] [Fast Refresh] rebuilding @ http://localhost:3001/_next/static/chunks/b2b3e_next_dist_77a734fe._.js:2297
[  141747ms] [ERROR] Failed to load resource: the server responded with a status of 404 (Not Found) @ http://localhost:3001/avatar.jpg:0
[  141798ms] [INFO] %cDownload the React DevTools for a better development experience: https://react.dev/link/react-devtools font-weight:bold @ http://localhost:3001/_next/static/chunks/b2b3e_next_dist_77a734fe._.js:2297
[  141823ms] [LOG] [HMR] connected @ http://localhost:3001/_next/static/chunks/b2b3e_next_dist_77a734fe._.js:2297
[  141925ms] [LOG] [Fast Refresh] rebuilding @ http://localhost:3001/_next/static/chunks/b2b3e_next_dist_77a734fe._.js:2297
[  142221ms] [ERROR] Failed to load resource: the server responded with a status of 404 (Not Found) @ http://localhost:3001/avatar.jpg:0
[  142274ms] [INFO] %cDownload the React DevTools for a better development experience: https://react.dev/link/react-devtools font-weight:bold @ http://localhost:3001/_next/static/chunks/b2b3e_next_dist_77a734fe._.js:2297
[  142296ms] [LOG] [HMR] connected @ http://localhost:3001/_next/static/chunks/b2b3e_next_dist_77a734fe._.js:2297
[  142420ms] [LOG] [Fast Refresh] rebuilding @ http://localhost:3001/_next/static/chunks/b2b3e_next_dist_77a734fe._.js:2297
[  142728ms] [ERROR] Failed to load resource: the server responded with a status of 404 (Not Found) @ http://localhost:3001/avatar.jpg:0
[  142782ms] [INFO] %cDownload the React DevTools for a better development experience: https://react.dev/link/react-devtools font-weight:bold @ http://localhost:3001/_next/static/chunks/b2b3e_next_dist_77a734fe._.js:2297
[  142800ms] [LOG] [HMR] connected @ http://localhost:3001/_next/static/chunks/b2b3e_next_dist_77a734fe._.js:2297
[  142938ms] [LOG] [Fast Refresh] rebuilding @ http://localhost:3001/_next/static/chunks/b2b3e_next_dist_77a734fe._.js:2297
[  143229ms] [ERROR] Failed to load resource: the server responded with a status of 404 (Not Found) @ http://localhost:3001/avatar.jpg:0
[  143279ms] [INFO] %cDownload the React DevTools for a better development experience: https://react.dev/link/react-devtools font-weight:bold @ http://localhost:3001/_next/static/chunks/b2b3e_next_dist_77a734fe._.js:2297
[  143302ms] [LOG] [HMR] connected @ http://localhost:3001/_next/static/chunks/b2b3e_next_dist_77a734fe._.js:2297
[  143414ms] [LOG] [Fast Refresh] rebuilding @ http://localhost:3001/_next/static/chunks/b2b3e_next_dist_77a734fe._.js:2297
[  143716ms] [ERROR] Failed to load resource: the server responded with a status of 404 (Not Found) @ http://localhost:3001/avatar.jpg:0
[  143771ms] [INFO] %cDownload the React DevTools for a better development experience: https://react.dev/link/react-devtools font-weight:bold @ http://localhost:3001/_next/static/chunks/b2b3e_next_dist_77a734fe._.js:2297
[  143795ms] [LOG] [HMR] connected @ http://localhost:3001/_next/static/chunks/b2b3e_next_dist_77a734fe._.js:2297
[  143908ms] [LOG] [Fast Refresh] rebuilding @ http://localhost:3001/_next/static/chunks/b2b3e_next_dist_77a734fe._.js:2297
[  144204ms] [ERROR] Failed to load resource: the server responded with a status of 404 (Not Found) @ http://localhost:3001/avatar.jpg:0
[  144254ms] [INFO] %cDownload the React DevTools for a better development experience: https://react.dev/link/react-devtools font-weight:bold @ http://localhost:3001/_next/static/chunks/b2b3e_next_dist_77a734fe._.js:2297
[  144278ms] [LOG] [HMR] connected @ http://localhost:3001/_next/static/chunks/b2b3e_next_dist_77a734fe._.js:2297
[  144390ms] [LOG] [Fast Refresh] rebuilding @ http://localhost:3001/_next/static/chunks/b2b3e_next_dist_77a734fe._.js:2297
[  144688ms] [ERROR] Failed to load resource: the server responded with a status of 404 (Not Found) @ http://localhost:3001/avatar.jpg:0
[  144739ms] [INFO] %cDownload the React DevTools for a better development experience: https://react.dev/link/react-devtools font-weight:bold @ http://localhost:3001/_next/static/chunks/b2b3e_next_dist_77a734fe._.js:2297
[  144761ms] [LOG] [HMR] connected @ http://localhost:3001/_next/static/chunks/b2b3e_next_dist_77a734fe._.js:2297
[  144881ms] [LOG] [Fast Refresh] rebuilding @ http://localhost:3001/_next/static/chunks/b2b3e_next_dist_77a734fe._.js:2297
[  145180ms] [ERROR] Failed to load resource: the server responded with a status of 404 (Not Found) @ http://localhost:3001/avatar.jpg:0
[  145230ms] [INFO] %cDownload the React DevTools for a better development experience: https://react.dev/link/react-devtools font-weight:bold @ http://localhost:3001/_next/static/chunks/b2b3e_next_dist_77a734fe._.js:2297
[  145251ms] [LOG] [HMR] connected @ http://localhost:3001/_next/static/chunks/b2b3e_next_dist_77a734fe._.js:2297
[  145364ms] [LOG] [Fast Refresh] rebuilding @ http://localhost:3001/_next/static/chunks/b2b3e_next_dist_77a734fe._.js:2297
[  145656ms] [ERROR] Failed to load resource: the server responded with a status of 404 (Not Found) @ http://localhost:3001/avatar.jpg:0
[  145713ms] [INFO] %cDownload the React DevTools for a better development experience: https://react.dev/link/react-devtools font-weight:bold @ http://localhost:3001/_next/static/chunks/b2b3e_next_dist_77a734fe._.js:2297
[  145735ms] [LOG] [HMR] connected @ http://localhost:3001/_next/static/chunks/b2b3e_next_dist_77a734fe._.js:2297
[  145852ms] [LOG] [Fast Refresh] rebuilding @ http://localhost:3001/_next/static/chunks/b2b3e_next_dist_77a734fe._.js:2297
[  146150ms] [ERROR] Failed to load resource: the server responded with a status of 404 (Not Found) @ http://localhost:3001/avatar.jpg:0
[  146206ms] [INFO] %cDownload the React DevTools for a better development experience: https://react.dev/link/react-devtools font-weight:bold @ http://localhost:3001/_next/static/chunks/b2b3e_next_dist_77a734fe._.js:2297
[  146229ms] [LOG] [HMR] connected @ http://localhost:3001/_next/static/chunks/b2b3e_next_dist_77a734fe._.js:2297
[  146347ms] [LOG] [Fast Refresh] rebuilding @ http://localhost:3001/_next/static/chunks/b2b3e_next_dist_77a734fe._.js:2297
[  146650ms] [ERROR] Failed to load resource: the server responded with a status of 404 (Not Found) @ http://localhost:3001/avatar.jpg:0
[  146705ms] [INFO] %cDownload the React DevTools for a better development experience: https://react.dev/link/react-devtools font-weight:bold @ http://localhost:3001/_next/static/chunks/b2b3e_next_dist_77a734fe._.js:2297
[  146732ms] [LOG] [HMR] connected @ http://localhost:3001/_next/static/chunks/b2b3e_next_dist_77a734fe._.js:2297
[  146844ms] [LOG] [Fast Refresh] rebuilding @ http://localhost:3001/_next/static/chunks/b2b3e_next_dist_77a734fe._.js:2297
[  147151ms] [ERROR] Failed to load resource: the server responded with a status of 404 (Not Found) @ http://localhost:3001/avatar.jpg:0
[  147208ms] [INFO] %cDownload the React DevTools for a better development experience: https://react.dev/link/react-devtools font-weight:bold @ http://localhost:3001/_next/static/chunks/b2b3e_next_dist_77a734fe._.js:2297
[  147231ms] [LOG] [HMR] connected @ http://localhost:3001/_next/static/chunks/b2b3e_next_dist_77a734fe._.js:2297
[  147364ms] [LOG] [Fast Refresh] rebuilding @ http://localhost:3001/_next/static/chunks/b2b3e_next_dist_77a734fe._.js:2297
[  147709ms] [ERROR] Failed to load resource: the server responded with a status of 404 (Not Found) @ http://localhost:3001/avatar.jpg:0
[  147768ms] [INFO] %cDownload the React DevTools for a better development experience: https://react.dev/link/react-devtools font-weight:bold @ http://localhost:3001/_next/static/chunks/b2b3e_next_dist_77a734fe._.js:2297
[  147793ms] [LOG] [HMR] connected @ http://localhost:3001/_next/static/chunks/b2b3e_next_dist_77a734fe._.js:2297
[  147909ms] [LOG] [Fast Refresh] rebuilding @ http://localhost:3001/_next/static/chunks/b2b3e_next_dist_77a734fe._.js:2297
[  148224ms] [ERROR] Failed to load resource: the server responded with a status of 404 (Not Found) @ http://localhost:3001/avatar.jpg:0
[  148281ms] [INFO] %cDownload the React DevTools for a better development experience: https://react.dev/link/react-devtools font-weight:bold @ http://localhost:3001/_next/static/chunks/b2b3e_next_dist_77a734fe._.js:2297
[  148308ms] [LOG] [HMR] connected @ http://localhost:3001/_next/static/chunks/b2b3e_next_dist_77a734fe._.js:2297
[  148425ms] [LOG] [Fast Refresh] rebuilding @ http://localhost:3001/_next/static/chunks/b2b3e_next_dist_77a734fe._.js:2297
[  148609ms] [ERROR] Failed to load resource: the server responded with a status of 404 (Not Found) @ http://localhost:3001/avatar.jpg:0
[  148664ms] [INFO] %cDownload the React DevTools for a better development experience: https://react.dev/link/react-devtools font-weight:bold @ http://localhost:3001/_next/static/chunks/b2b3e_next_dist_77a734fe._.js:2297
[  148687ms] [LOG] [HMR] connected @ http://localhost:3001/_next/static/chunks/b2b3e_next_dist_77a734fe._.js:2297
[  148792ms] [LOG] [Fast Refresh] rebuilding @ http://localhost:3001/_next/static/chunks/b2b3e_next_dist_77a734fe._.js:2297
[  149089ms] [ERROR] Failed to load resource: the server responded with a status of 404 (Not Found) @ http://localhost:3001/avatar.jpg:0
[  149143ms] [INFO] %cDownload the React DevTools for a better development experience: https://react.dev/link/react-devtools font-weight:bold @ http://localhost:3001/_next/static/chunks/b2b3e_next_dist_77a734fe._.js:2297
[  149164ms] [LOG] [HMR] connected @ http://localhost:3001/_next/static/chunks/b2b3e_next_dist_77a734fe._.js:2297
[  149278ms] [LOG] [Fast Refresh] rebuilding @ http://localhost:3001/_next/static/chunks/b2b3e_next_dist_77a734fe._.js:2297
[  149563ms] [ERROR] Failed to load resource: the server responded with a status of 404 (Not Found) @ http://localhost:3001/avatar.jpg:0
[  149616ms] [INFO] %cDownload the React DevTools for a better development experience: https://react.dev/link/react-devtools font-weight:bold @ http://localhost:3001/_next/static/chunks/b2b3e_next_dist_77a734fe._.js:2297
[  149641ms] [LOG] [HMR] connected @ http://localhost:3001/_next/static/chunks/b2b3e_next_dist_77a734fe._.js:2297
[  149740ms] [LOG] [Fast Refresh] rebuilding @ http://localhost:3001/_next/static/chunks/b2b3e_next_dist_77a734fe._.js:2297
[  150036ms] [ERROR] Failed to load resource: the server responded with a status of 404 (Not Found) @ http://localhost:3001/avatar.jpg:0
[  150091ms] [INFO] %cDownload the React DevTools for a better development experience: https://react.dev/link/react-devtools font-weight:bold @ http://localhost:3001/_next/static/chunks/b2b3e_next_dist_77a734fe._.js:2297
[  150113ms] [LOG] [HMR] connected @ http://localhost:3001/_next/static/chunks/b2b3e_next_dist_77a734fe._.js:2297
[  150217ms] [LOG] [Fast Refresh] rebuilding @ http://localhost:3001/_next/static/chunks/b2b3e_next_dist_77a734fe._.js:2297
[  150509ms] [ERROR] Failed to load resource: the server responded with a status of 404 (Not Found) @ http://localhost:3001/avatar.jpg:0
[  150561ms] [INFO] %cDownload the React DevTools for a better development experience: https://react.dev/link/react-devtools font-weight:bold @ http://localhost:3001/_next/static/chunks/b2b3e_next_dist_77a734fe._.js:2297
[  150583ms] [LOG] [HMR] connected @ http://localhost:3001/_next/static/chunks/b2b3e_next_dist_77a734fe._.js:2297
[  150695ms] [LOG] [Fast Refresh] rebuilding @ http://localhost:3001/_next/static/chunks/b2b3e_next_dist_77a734fe._.js:2297
[  150973ms] [ERROR] Failed to load resource: the server responded with a status of 404 (Not Found) @ http://localhost:3001/avatar.jpg:0
[  151025ms] [INFO] %cDownload the React DevTools for a better development experience: https://react.dev/link/react-devtools font-weight:bold @ http://localhost:3001/_next/static/chunks/b2b3e_next_dist_77a734fe._.js:2297
[  151048ms] [LOG] [HMR] connected @ http://localhost:3001/_next/static/chunks/b2b3e_next_dist_77a734fe._.js:2297
[  151160ms] [LOG] [Fast Refresh] rebuilding @ http://localhost:3001/_next/static/chunks/b2b3e_next_dist_77a734fe._.js:2297
[  151444ms] [ERROR] Failed to load resource: the server responded with a status of 404 (Not Found) @ http://localhost:3001/avatar.jpg:0
[  151503ms] [INFO] %cDownload the React DevTools for a better development experience: https://react.dev/link/react-devtools font-weight:bold @ http://localhost:3001/_next/static/chunks/b2b3e_next_dist_77a734fe._.js:2297
[  151524ms] [LOG] [HMR] connected @ http://localhost:3001/_next/static/chunks/b2b3e_next_dist_77a734fe._.js:2297
[  151647ms] [LOG] [Fast Refresh] rebuilding @ http://localhost:3001/_next/static/chunks/b2b3e_next_dist_77a734fe._.js:2297
[  151946ms] [ERROR] Failed to load resource: the server responded with a status of 404 (Not Found) @ http://localhost:3001/avatar.jpg:0
[  152000ms] [INFO] %cDownload the React DevTools for a better development experience: https://react.dev/link/react-devtools font-weight:bold @ http://localhost:3001/_next/static/chunks/b2b3e_next_dist_77a734fe._.js:2297
[  152023ms] [LOG] [HMR] connected @ http://localhost:3001/_next/static/chunks/b2b3e_next_dist_77a734fe._.js:2297
[  152126ms] [LOG] [Fast Refresh] rebuilding @ http://localhost:3001/_next/static/chunks/b2b3e_next_dist_77a734fe._.js:2297
[  152408ms] [ERROR] Failed to load resource: the server responded with a status of 404 (Not Found) @ http://localhost:3001/avatar.jpg:0
[  152466ms] [INFO] %cDownload the React DevTools for a better development experience: https://react.dev/link/react-devtools font-weight:bold @ http://localhost:3001/_next/static/chunks/b2b3e_next_dist_77a734fe._.js:2297
[  152487ms] [LOG] [HMR] connected @ http://localhost:3001/_next/static/chunks/b2b3e_next_dist_77a734fe._.js:2297
[  152613ms] [LOG] [Fast Refresh] rebuilding @ http://localhost:3001/_next/static/chunks/b2b3e_next_dist_77a734fe._.js:2297
[  152909ms] [ERROR] Failed to load resource: the server responded with a status of 404 (Not Found) @ http://localhost:3001/avatar.jpg:0
[  152959ms] [INFO] %cDownload the React DevTools for a better development experience: https://react.dev/link/react-devtools font-weight:bold @ http://localhost:3001/_next/static/chunks/b2b3e_next_dist_77a734fe._.js:2297
[  152982ms] [LOG] [HMR] connected @ http://localhost:3001/_next/static/chunks/b2b3e_next_dist_77a734fe._.js:2297
[  153091ms] [LOG] [Fast Refresh] rebuilding @ http://localhost:3001/_next/static/chunks/b2b3e_next_dist_77a734fe._.js:2297
[  153371ms] [ERROR] Failed to load resource: the server responded with a status of 404 (Not Found) @ http://localhost:3001/avatar.jpg:0
[  153423ms] [INFO] %cDownload the React DevTools for a better development experience: https://react.dev/link/react-devtools font-weight:bold @ http://localhost:3001/_next/static/chunks/b2b3e_next_dist_77a734fe._.js:2297
[  153450ms] [LOG] [HMR] connected @ http://localhost:3001/_next/static/chunks/b2b3e_next_dist_77a734fe._.js:2297
[  153560ms] [LOG] [Fast Refresh] rebuilding @ http://localhost:3001/_next/static/chunks/b2b3e_next_dist_77a734fe._.js:2297
[  153849ms] [ERROR] Failed to load resource: the server responded with a status of 404 (Not Found) @ http://localhost:3001/avatar.jpg:0
[  153899ms] [INFO] %cDownload the React DevTools for a better development experience: https://react.dev/link/react-devtools font-weight:bold @ http://localhost:3001/_next/static/chunks/b2b3e_next_dist_77a734fe._.js:2297
[  153925ms] [LOG] [HMR] connected @ http://localhost:3001/_next/static/chunks/b2b3e_next_dist_77a734fe._.js:2297
[  154043ms] [LOG] [Fast Refresh] rebuilding @ http://localhost:3001/_next/static/chunks/b2b3e_next_dist_77a734fe._.js:2297
[  154340ms] [ERROR] Failed to load resource: the server responded with a status of 404 (Not Found) @ http://localhost:3001/avatar.jpg:0
[  154389ms] [INFO] %cDownload the React DevTools for a better development experience: https://react.dev/link/react-devtools font-weight:bold @ http://localhost:3001/_next/static/chunks/b2b3e_next_dist_77a734fe._.js:2297
[  154411ms] [LOG] [HMR] connected @ http://localhost:3001/_next/static/chunks/b2b3e_next_dist_77a734fe._.js:2297
[  154522ms] [LOG] [Fast Refresh] rebuilding @ http://localhost:3001/_next/static/chunks/b2b3e_next_dist_77a734fe._.js:2297
[  154810ms] [ERROR] Failed to load resource: the server responded with a status of 404 (Not Found) @ http://localhost:3001/avatar.jpg:0
[  154860ms] [INFO] %cDownload the React DevTools for a better development experience: https://react.dev/link/react-devtools font-weight:bold @ http://localhost:3001/_next/static/chunks/b2b3e_next_dist_77a734fe._.js:2297
[  154882ms] [LOG] [HMR] connected @ http://localhost:3001/_next/static/chunks/b2b3e_next_dist_77a734fe._.js:2297
[  154995ms] [LOG] [Fast Refresh] rebuilding @ http://localhost:3001/_next/static/chunks/b2b3e_next_dist_77a734fe._.js:2297
[  155269ms] [ERROR] Failed to load resource: the server responded with a status of 404 (Not Found) @ http://localhost:3001/avatar.jpg:0
[  155320ms] [INFO] %cDownload the React DevTools for a better development experience: https://react.dev/link/react-devtools font-weight:bold @ http://localhost:3001/_next/static/chunks/b2b3e_next_dist_77a734fe._.js:2297
[  155341ms] [LOG] [HMR] connected @ http://localhost:3001/_next/static/chunks/b2b3e_next_dist_77a734fe._.js:2297
[  155458ms] [LOG] [Fast Refresh] rebuilding @ http://localhost:3001/_next/static/chunks/b2b3e_next_dist_77a734fe._.js:2297
[  155743ms] [ERROR] Failed to load resource: the server responded with a status of 404 (Not Found) @ http://localhost:3001/avatar.jpg:0
[  155800ms] [INFO] %cDownload the React DevTools for a better development experience: https://react.dev/link/react-devtools font-weight:bold @ http://localhost:3001/_next/static/chunks/b2b3e_next_dist_77a734fe._.js:2297
[  155823ms] [LOG] [HMR] connected @ http://localhost:3001/_next/static/chunks/b2b3e_next_dist_77a734fe._.js:2297
[  155935ms] [LOG] [Fast Refresh] rebuilding @ http://localhost:3001/_next/static/chunks/b2b3e_next_dist_77a734fe._.js:2297
[  156227ms] [ERROR] Failed to load resource: the server responded with a status of 404 (Not Found) @ http://localhost:3001/avatar.jpg:0
[  156291ms] [INFO] %cDownload the React DevTools for a better development experience: https://react.dev/link/react-devtools font-weight:bold @ http://localhost:3001/_next/static/chunks/b2b3e_next_dist_77a734fe._.js:2297
[  156316ms] [LOG] [HMR] connected @ http://localhost:3001/_next/static/chunks/b2b3e_next_dist_77a734fe._.js:2297
[  156422ms] [LOG] [Fast Refresh] rebuilding @ http://localhost:3001/_next/static/chunks/b2b3e_next_dist_77a734fe._.js:2297
[  156709ms] [ERROR] Failed to load resource: the server responded with a status of 404 (Not Found) @ http://localhost:3001/avatar.jpg:0
[  156764ms] [INFO] %cDownload the React DevTools for a better development experience: https://react.dev/link/react-devtools font-weight:bold @ http://localhost:3001/_next/static/chunks/b2b3e_next_dist_77a734fe._.js:2297
[  156788ms] [LOG] [HMR] connected @ http://localhost:3001/_next/static/chunks/b2b3e_next_dist_77a734fe._.js:2297
[  156912ms] [LOG] [Fast Refresh] rebuilding @ http://localhost:3001/_next/static/chunks/b2b3e_next_dist_77a734fe._.js:2297
[  157203ms] [ERROR] Failed to load resource: the server responded with a status of 404 (Not Found) @ http://localhost:3001/avatar.jpg:0
[  157254ms] [INFO] %cDownload the React DevTools for a better development experience: https://react.dev/link/react-devtools font-weight:bold @ http://localhost:3001/_next/static/chunks/b2b3e_next_dist_77a734fe._.js:2297
[  157280ms] [LOG] [HMR] connected @ http://localhost:3001/_next/static/chunks/b2b3e_next_dist_77a734fe._.js:2297
[  157383ms] [LOG] [Fast Refresh] rebuilding @ http://localhost:3001/_next/static/chunks/b2b3e_next_dist_77a734fe._.js:2297
[  157800ms] [ERROR] Failed to load resource: the server responded with a status of 404 (Not Found) @ http://localhost:3001/avatar.jpg:0
[  157849ms] [INFO] %cDownload the React DevTools for a better development experience: https://react.dev/link/react-devtools font-weight:bold @ http://localhost:3001/_next/static/chunks/b2b3e_next_dist_77a734fe._.js:2297
[  157871ms] [LOG] [HMR] connected @ http://localhost:3001/_next/static/chunks/b2b3e_next_dist_77a734fe._.js:2297
[  158013ms] [LOG] [Fast Refresh] rebuilding @ http://localhost:3001/_next/static/chunks/b2b3e_next_dist_77a734fe._.js:2297
[  158313ms] [ERROR] Failed to load resource: the server responded with a status of 404 (Not Found) @ http://localhost:3001/avatar.jpg:0
[  158364ms] [INFO] %cDownload the React DevTools for a better development experience: https://react.dev/link/react-devtools font-weight:bold @ http://localhost:3001/_next/static/chunks/b2b3e_next_dist_77a734fe._.js:2297
[  158388ms] [LOG] [HMR] connected @ http://localhost:3001/_next/static/chunks/b2b3e_next_dist_77a734fe._.js:2297
[  158502ms] [LOG] [Fast Refresh] rebuilding @ http://localhost:3001/_next/static/chunks/b2b3e_next_dist_77a734fe._.js:2297
[  158790ms] [ERROR] Failed to load resource: the server responded with a status of 404 (Not Found) @ http://localhost:3001/avatar.jpg:0
[  158843ms] [INFO] %cDownload the React DevTools for a better development experience: https://react.dev/link/react-devtools font-weight:bold @ http://localhost:3001/_next/static/chunks/b2b3e_next_dist_77a734fe._.js:2297
[  158866ms] [LOG] [HMR] connected @ http://localhost:3001/_next/static/chunks/b2b3e_next_dist_77a734fe._.js:2297
[  158965ms] [LOG] [Fast Refresh] rebuilding @ http://localhost:3001/_next/static/chunks/b2b3e_next_dist_77a734fe._.js:2297
[  159265ms] [ERROR] Failed to load resource: the server responded with a status of 404 (Not Found) @ http://localhost:3001/avatar.jpg:0
[  159325ms] [INFO] %cDownload the React DevTools for a better development experience: https://react.dev/link/react-devtools font-weight:bold @ http://localhost:3001/_next/static/chunks/b2b3e_next_dist_77a734fe._.js:2297
[  159345ms] [LOG] [HMR] connected @ http://localhost:3001/_next/static/chunks/b2b3e_next_dist_77a734fe._.js:2297
[  159472ms] [LOG] [Fast Refresh] rebuilding @ http://localhost:3001/_next/static/chunks/b2b3e_next_dist_77a734fe._.js:2297
[  159774ms] [ERROR] Failed to load resource: the server responded with a status of 404 (Not Found) @ http://localhost:3001/avatar.jpg:0
[  159828ms] [INFO] %cDownload the React DevTools for a better development experience: https://react.dev/link/react-devtools font-weight:bold @ http://localhost:3001/_next/static/chunks/b2b3e_next_dist_77a734fe._.js:2297
[  159853ms] [LOG] [HMR] connected @ http://localhost:3001/_next/static/chunks/b2b3e_next_dist_77a734fe._.js:2297
[  159968ms] [LOG] [Fast Refresh] rebuilding @ http://localhost:3001/_next/static/chunks/b2b3e_next_dist_77a734fe._.js:2297
[  160272ms] [ERROR] Failed to load resource: the server responded with a status of 404 (Not Found) @ http://localhost:3001/avatar.jpg:0
[  160355ms] [INFO] %cDownload the React DevTools for a better development experience: https://react.dev/link/react-devtools font-weight:bold @ http://localhost:3001/_next/static/chunks/b2b3e_next_dist_77a734fe._.js:2297
[  160375ms] [LOG] [HMR] connected @ http://localhost:3001/_next/static/chunks/b2b3e_next_dist_77a734fe._.js:2297
[  160496ms] [LOG] [Fast Refresh] rebuilding @ http://localhost:3001/_next/static/chunks/b2b3e_next_dist_77a734fe._.js:2297
[  160798ms] [ERROR] Failed to load resource: the server responded with a status of 404 (Not Found) @ http://localhost:3001/avatar.jpg:0
[  160863ms] [INFO] %cDownload the React DevTools for a better development experience: https://react.dev/link/react-devtools font-weight:bold @ http://localhost:3001/_next/static/chunks/b2b3e_next_dist_77a734fe._.js:2297
[  160881ms] [LOG] [HMR] connected @ http://localhost:3001/_next/static/chunks/b2b3e_next_dist_77a734fe._.js:2297
[  161044ms] [LOG] [Fast Refresh] rebuilding @ http://localhost:3001/_next/static/chunks/b2b3e_next_dist_77a734fe._.js:2297
[  161694ms] [ERROR] Failed to load resource: the server responded with a status of 404 (Not Found) @ http://localhost:3001/avatar.jpg:0
[  161747ms] [INFO] %cDownload the React DevTools for a better development experience: https://react.dev/link/react-devtools font-weight:bold @ http://localhost:3001/_next/static/chunks/b2b3e_next_dist_77a734fe._.js:2297
[  161771ms] [LOG] [HMR] connected @ http://localhost:3001/_next/static/chunks/b2b3e_next_dist_77a734fe._.js:2297
[  161875ms] [LOG] [Fast Refresh] rebuilding @ http://localhost:3001/_next/static/chunks/b2b3e_next_dist_77a734fe._.js:2297
[  162168ms] [ERROR] Failed to load resource: the server responded with a status of 404 (Not Found) @ http://localhost:3001/avatar.jpg:0
[  162222ms] [INFO] %cDownload the React DevTools for a better development experience: https://react.dev/link/react-devtools font-weight:bold @ http://localhost:3001/_next/static/chunks/b2b3e_next_dist_77a734fe._.js:2297
[  162245ms] [LOG] [HMR] connected @ http://localhost:3001/_next/static/chunks/b2b3e_next_dist_77a734fe._.js:2297
[  162351ms] [LOG] [Fast Refresh] rebuilding @ http://localhost:3001/_next/static/chunks/b2b3e_next_dist_77a734fe._.js:2297
[  162651ms] [ERROR] Failed to load resource: the server responded with a status of 404 (Not Found) @ http://localhost:3001/avatar.jpg:0
[  162703ms] [INFO] %cDownload the React DevTools for a better development experience: https://react.dev/link/react-devtools font-weight:bold @ http://localhost:3001/_next/static/chunks/b2b3e_next_dist_77a734fe._.js:2297
[  162725ms] [LOG] [HMR] connected @ http://localhost:3001/_next/static/chunks/b2b3e_next_dist_77a734fe._.js:2297
[  162837ms] [LOG] [Fast Refresh] rebuilding @ http://localhost:3001/_next/static/chunks/b2b3e_next_dist_77a734fe._.js:2297
[  163128ms] [ERROR] Failed to load resource: the server responded with a status of 404 (Not Found) @ http://localhost:3001/avatar.jpg:0
[  163181ms] [INFO] %cDownload the React DevTools for a better development experience: https://react.dev/link/react-devtools font-weight:bold @ http://localhost:3001/_next/static/chunks/b2b3e_next_dist_77a734fe._.js:2297
[  163206ms] [LOG] [HMR] connected @ http://localhost:3001/_next/static/chunks/b2b3e_next_dist_77a734fe._.js:2297
[  163319ms] [LOG] [Fast Refresh] rebuilding @ http://localhost:3001/_next/static/chunks/b2b3e_next_dist_77a734fe._.js:2297
[  163622ms] [ERROR] Failed to load resource: the server responded with a status of 404 (Not Found) @ http://localhost:3001/avatar.jpg:0
[  163674ms] [INFO] %cDownload the React DevTools for a better development experience: https://react.dev/link/react-devtools font-weight:bold @ http://localhost:3001/_next/static/chunks/b2b3e_next_dist_77a734fe._.js:2297
[  163696ms] [LOG] [HMR] connected @ http://localhost:3001/_next/static/chunks/b2b3e_next_dist_77a734fe._.js:2297
[  163808ms] [LOG] [Fast Refresh] rebuilding @ http://localhost:3001/_next/static/chunks/b2b3e_next_dist_77a734fe._.js:2297
[  164104ms] [ERROR] Failed to load resource: the server responded with a status of 404 (Not Found) @ http://localhost:3001/avatar.jpg:0
[  164158ms] [INFO] %cDownload the React DevTools for a better development experience: https://react.dev/link/react-devtools font-weight:bold @ http://localhost:3001/_next/static/chunks/b2b3e_next_dist_77a734fe._.js:2297
[  164181ms] [LOG] [HMR] connected @ http://localhost:3001/_next/static/chunks/b2b3e_next_dist_77a734fe._.js:2297
[  164282ms] [LOG] [Fast Refresh] rebuilding @ http://localhost:3001/_next/static/chunks/b2b3e_next_dist_77a734fe._.js:2297
[  164585ms] [ERROR] Failed to load resource: the server responded with a status of 404 (Not Found) @ http://localhost:3001/avatar.jpg:0
[  164641ms] [INFO] %cDownload the React DevTools for a better development experience: https://react.dev/link/react-devtools font-weight:bold @ http://localhost:3001/_next/static/chunks/b2b3e_next_dist_77a734fe._.js:2297
[  164664ms] [LOG] [HMR] connected @ http://localhost:3001/_next/static/chunks/b2b3e_next_dist_77a734fe._.js:2297
[  164767ms] [LOG] [Fast Refresh] rebuilding @ http://localhost:3001/_next/static/chunks/b2b3e_next_dist_77a734fe._.js:2297
[  165053ms] [ERROR] Failed to load resource: the server responded with a status of 404 (Not Found) @ http://localhost:3001/avatar.jpg:0
[  165112ms] [INFO] %cDownload the React DevTools for a better development experience: https://react.dev/link/react-devtools font-weight:bold @ http://localhost:3001/_next/static/chunks/b2b3e_next_dist_77a734fe._.js:2297
[  165134ms] [LOG] [HMR] connected @ http://localhost:3001/_next/static/chunks/b2b3e_next_dist_77a734fe._.js:2297
[  165245ms] [LOG] [Fast Refresh] rebuilding @ http://localhost:3001/_next/static/chunks/b2b3e_next_dist_77a734fe._.js:2297
[  165539ms] [ERROR] Failed to load resource: the server responded with a status of 404 (Not Found) @ http://localhost:3001/avatar.jpg:0
[  165596ms] [INFO] %cDownload the React DevTools for a better development experience: https://react.dev/link/react-devtools font-weight:bold @ http://localhost:3001/_next/static/chunks/b2b3e_next_dist_77a734fe._.js:2297
[  165619ms] [LOG] [HMR] connected @ http://localhost:3001/_next/static/chunks/b2b3e_next_dist_77a734fe._.js:2297
[  165742ms] [LOG] [Fast Refresh] rebuilding @ http://localhost:3001/_next/static/chunks/b2b3e_next_dist_77a734fe._.js:2297
[  166048ms] [ERROR] Failed to load resource: the server responded with a status of 404 (Not Found) @ http://localhost:3001/avatar.jpg:0
[  166101ms] [INFO] %cDownload the React DevTools for a better development experience: https://react.dev/link/react-devtools font-weight:bold @ http://localhost:3001/_next/static/chunks/b2b3e_next_dist_77a734fe._.js:2297
[  166123ms] [LOG] [HMR] connected @ http://localhost:3001/_next/static/chunks/b2b3e_next_dist_77a734fe._.js:2297
[  166229ms] [LOG] [Fast Refresh] rebuilding @ http://localhost:3001/_next/static/chunks/b2b3e_next_dist_77a734fe._.js:2297
[  166520ms] [ERROR] Failed to load resource: the server responded with a status of 404 (Not Found) @ http://localhost:3001/avatar.jpg:0
[  166579ms] [INFO] %cDownload the React DevTools for a better development experience: https://react.dev/link/react-devtools font-weight:bold @ http://localhost:3001/_next/static/chunks/b2b3e_next_dist_77a734fe._.js:2297
[  166601ms] [LOG] [HMR] connected @ http://localhost:3001/_next/static/chunks/b2b3e_next_dist_77a734fe._.js:2297
[  166720ms] [LOG] [Fast Refresh] rebuilding @ http://localhost:3001/_next/static/chunks/b2b3e_next_dist_77a734fe._.js:2297
[  167012ms] [ERROR] Failed to load resource: the server responded with a status of 404 (Not Found) @ http://localhost:3001/avatar.jpg:0
[  167064ms] [INFO] %cDownload the React DevTools for a better development experience: https://react.dev/link/react-devtools font-weight:bold @ http://localhost:3001/_next/static/chunks/b2b3e_next_dist_77a734fe._.js:2297
[  167086ms] [LOG] [HMR] connected @ http://localhost:3001/_next/static/chunks/b2b3e_next_dist_77a734fe._.js:2297
[  167198ms] [LOG] [Fast Refresh] rebuilding @ http://localhost:3001/_next/static/chunks/b2b3e_next_dist_77a734fe._.js:2297
[  167499ms] [ERROR] Failed to load resource: the server responded with a status of 404 (Not Found) @ http://localhost:3001/avatar.jpg:0
[  167551ms] [INFO] %cDownload the React DevTools for a better development experience: https://react.dev/link/react-devtools font-weight:bold @ http://localhost:3001/_next/static/chunks/b2b3e_next_dist_77a734fe._.js:2297
[  167574ms] [LOG] [HMR] connected @ http://localhost:3001/_next/static/chunks/b2b3e_next_dist_77a734fe._.js:2297
[  167698ms] [LOG] [Fast Refresh] rebuilding @ http://localhost:3001/_next/static/chunks/b2b3e_next_dist_77a734fe._.js:2297
[  167986ms] [ERROR] Failed to load resource: the server responded with a status of 404 (Not Found) @ http://localhost:3001/avatar.jpg:0
[  168041ms] [INFO] %cDownload the React DevTools for a better development experience: https://react.dev/link/react-devtools font-weight:bold @ http://localhost:3001/_next/static/chunks/b2b3e_next_dist_77a734fe._.js:2297
[  168062ms] [LOG] [HMR] connected @ http://localhost:3001/_next/static/chunks/b2b3e_next_dist_77a734fe._.js:2297
[  168174ms] [LOG] [Fast Refresh] rebuilding @ http://localhost:3001/_next/static/chunks/b2b3e_next_dist_77a734fe._.js:2297
[  168463ms] [ERROR] Failed to load resource: the server responded with a status of 404 (Not Found) @ http://localhost:3001/avatar.jpg:0
[  168517ms] [INFO] %cDownload the React DevTools for a better development experience: https://react.dev/link/react-devtools font-weight:bold @ http://localhost:3001/_next/static/chunks/b2b3e_next_dist_77a734fe._.js:2297
[  168542ms] [LOG] [HMR] connected @ http://localhost:3001/_next/static/chunks/b2b3e_next_dist_77a734fe._.js:2297
[  168653ms] [LOG] [Fast Refresh] rebuilding @ http://localhost:3001/_next/static/chunks/b2b3e_next_dist_77a734fe._.js:2297
[  168947ms] [ERROR] Failed to load resource: the server responded with a status of 404 (Not Found) @ http://localhost:3001/avatar.jpg:0
[  168999ms] [INFO] %cDownload the React DevTools for a better development experience: https://react.dev/link/react-devtools font-weight:bold @ http://localhost:3001/_next/static/chunks/b2b3e_next_dist_77a734fe._.js:2297
[  169023ms] [LOG] [HMR] connected @ http://localhost:3001/_next/static/chunks/b2b3e_next_dist_77a734fe._.js:2297
[  169147ms] [LOG] [Fast Refresh] rebuilding @ http://localhost:3001/_next/static/chunks/b2b3e_next_dist_77a734fe._.js:2297
[  169433ms] [ERROR] Failed to load resource: the server responded with a status of 404 (Not Found) @ http://localhost:3001/avatar.jpg:0
[  169489ms] [INFO] %cDownload the React DevTools for a better development experience: https://react.dev/link/react-devtools font-weight:bold @ http://localhost:3001/_next/static/chunks/b2b3e_next_dist_77a734fe._.js:2297
[  169504ms] [LOG] [HMR] connected @ http://localhost:3001/_next/static/chunks/b2b3e_next_dist_77a734fe._.js:2297
[  169626ms] [LOG] [Fast Refresh] rebuilding @ http://localhost:3001/_next/static/chunks/b2b3e_next_dist_77a734fe._.js:2297
[  169921ms] [ERROR] Failed to load resource: the server responded with a status of 404 (Not Found) @ http://localhost:3001/avatar.jpg:0
[  169976ms] [INFO] %cDownload the React DevTools for a better development experience: https://react.dev/link/react-devtools font-weight:bold @ http://localhost:3001/_next/static/chunks/b2b3e_next_dist_77a734fe._.js:2297
[  169999ms] [LOG] [HMR] connected @ http://localhost:3001/_next/static/chunks/b2b3e_next_dist_77a734fe._.js:2297
[  170117ms] [LOG] [Fast Refresh] rebuilding @ http://localhost:3001/_next/static/chunks/b2b3e_next_dist_77a734fe._.js:2297
[  170412ms] [ERROR] Failed to load resource: the server responded with a status of 404 (Not Found) @ http://localhost:3001/avatar.jpg:0
[  170471ms] [INFO] %cDownload the React DevTools for a better development experience: https://react.dev/link/react-devtools font-weight:bold @ http://localhost:3001/_next/static/chunks/b2b3e_next_dist_77a734fe._.js:2297
[  170488ms] [LOG] [HMR] connected @ http://localhost:3001/_next/static/chunks/b2b3e_next_dist_77a734fe._.js:2297
[  170622ms] [LOG] [Fast Refresh] rebuilding @ http://localhost:3001/_next/static/chunks/b2b3e_next_dist_77a734fe._.js:2297
[  170933ms] [ERROR] Failed to load resource: the server responded with a status of 404 (Not Found) @ http://localhost:3001/avatar.jpg:0
[  170987ms] [INFO] %cDownload the React DevTools for a better development experience: https://react.dev/link/react-devtools font-weight:bold @ http://localhost:3001/_next/static/chunks/b2b3e_next_dist_77a734fe._.js:2297
[  171012ms] [LOG] [HMR] connected @ http://localhost:3001/_next/static/chunks/b2b3e_next_dist_77a734fe._.js:2297
[  171126ms] [LOG] [Fast Refresh] rebuilding @ http://localhost:3001/_next/static/chunks/b2b3e_next_dist_77a734fe._.js:2297
[  171433ms] [ERROR] Failed to load resource: the server responded with a status of 404 (Not Found) @ http://localhost:3001/avatar.jpg:0
[  171488ms] [INFO] %cDownload the React DevTools for a better development experience: https://react.dev/link/react-devtools font-weight:bold @ http://localhost:3001/_next/static/chunks/b2b3e_next_dist_77a734fe._.js:2297
[  171513ms] [LOG] [HMR] connected @ http://localhost:3001/_next/static/chunks/b2b3e_next_dist_77a734fe._.js:2297
[  171615ms] [LOG] [Fast Refresh] rebuilding @ http://localhost:3001/_next/static/chunks/b2b3e_next_dist_77a734fe._.js:2297
[  171909ms] [ERROR] Failed to load resource: the server responded with a status of 404 (Not Found) @ http://localhost:3001/avatar.jpg:0
[  171970ms] [INFO] %cDownload the React DevTools for a better development experience: https://react.dev/link/react-devtools font-weight:bold @ http://localhost:3001/_next/static/chunks/b2b3e_next_dist_77a734fe._.js:2297
[  171993ms] [LOG] [HMR] connected @ http://localhost:3001/_next/static/chunks/b2b3e_next_dist_77a734fe._.js:2297
[  172108ms] [LOG] [Fast Refresh] rebuilding @ http://localhost:3001/_next/static/chunks/b2b3e_next_dist_77a734fe._.js:2297
[  172398ms] [ERROR] Failed to load resource: the server responded with a status of 404 (Not Found) @ http://localhost:3001/avatar.jpg:0
[  172452ms] [INFO] %cDownload the React DevTools for a better development experience: https://react.dev/link/react-devtools font-weight:bold @ http://localhost:3001/_next/static/chunks/b2b3e_next_dist_77a734fe._.js:2297
[  172474ms] [LOG] [HMR] connected @ http://localhost:3001/_next/static/chunks/b2b3e_next_dist_77a734fe._.js:2297
[  172600ms] [LOG] [Fast Refresh] rebuilding @ http://localhost:3001/_next/static/chunks/b2b3e_next_dist_77a734fe._.js:2297
[  172898ms] [ERROR] Failed to load resource: the server responded with a status of 404 (Not Found) @ http://localhost:3001/avatar.jpg:0
[  172952ms] [INFO] %cDownload the React DevTools for a better development experience: https://react.dev/link/react-devtools font-weight:bold @ http://localhost:3001/_next/static/chunks/b2b3e_next_dist_77a734fe._.js:2297
[  172971ms] [LOG] [HMR] connected @ http://localhost:3001/_next/static/chunks/b2b3e_next_dist_77a734fe._.js:2297
[  173083ms] [LOG] [Fast Refresh] rebuilding @ http://localhost:3001/_next/static/chunks/b2b3e_next_dist_77a734fe._.js:2297
[  173373ms] [ERROR] Failed to load resource: the server responded with a status of 404 (Not Found) @ http://localhost:3001/avatar.jpg:0
[  173428ms] [INFO] %cDownload the React DevTools for a better development experience: https://react.dev/link/react-devtools font-weight:bold @ http://localhost:3001/_next/static/chunks/b2b3e_next_dist_77a734fe._.js:2297
[  173443ms] [LOG] [HMR] connected @ http://localhost:3001/_next/static/chunks/b2b3e_next_dist_77a734fe._.js:2297
[  173578ms] [LOG] [Fast Refresh] rebuilding @ http://localhost:3001/_next/static/chunks/b2b3e_next_dist_77a734fe._.js:2297
[  173859ms] [ERROR] Failed to load resource: the server responded with a status of 404 (Not Found) @ http://localhost:3001/avatar.jpg:0
[  173914ms] [INFO] %cDownload the React DevTools for a better development experience: https://react.dev/link/react-devtools font-weight:bold @ http://localhost:3001/_next/static/chunks/b2b3e_next_dist_77a734fe._.js:2297
[  173935ms] [LOG] [HMR] connected @ http://localhost:3001/_next/static/chunks/b2b3e_next_dist_77a734fe._.js:2297
[  174043ms] [LOG] [Fast Refresh] rebuilding @ http://localhost:3001/_next/static/chunks/b2b3e_next_dist_77a734fe._.js:2297
[  174348ms] [ERROR] Failed to load resource: the server responded with a status of 404 (Not Found) @ http://localhost:3001/avatar.jpg:0
[  174404ms] [INFO] %cDownload the React DevTools for a better development experience: https://react.dev/link/react-devtools font-weight:bold @ http://localhost:3001/_next/static/chunks/b2b3e_next_dist_77a734fe._.js:2297
[  174425ms] [LOG] [HMR] connected @ http://localhost:3001/_next/static/chunks/b2b3e_next_dist_77a734fe._.js:2297
[  174552ms] [LOG] [Fast Refresh] rebuilding @ http://localhost:3001/_next/static/chunks/b2b3e_next_dist_77a734fe._.js:2297
[  174838ms] [ERROR] Failed to load resource: the server responded with a status of 404 (Not Found) @ http://localhost:3001/avatar.jpg:0
[  174893ms] [INFO] %cDownload the React DevTools for a better development experience: https://react.dev/link/react-devtools font-weight:bold @ http://localhost:3001/_next/static/chunks/b2b3e_next_dist_77a734fe._.js:2297
[  174917ms] [LOG] [HMR] connected @ http://localhost:3001/_next/static/chunks/b2b3e_next_dist_77a734fe._.js:2297
[  175033ms] [LOG] [Fast Refresh] rebuilding @ http://localhost:3001/_next/static/chunks/b2b3e_next_dist_77a734fe._.js:2297
[  175325ms] [ERROR] Failed to load resource: the server responded with a status of 404 (Not Found) @ http://localhost:3001/avatar.jpg:0
[  175378ms] [INFO] %cDownload the React DevTools for a better development experience: https://react.dev/link/react-devtools font-weight:bold @ http://localhost:3001/_next/static/chunks/b2b3e_next_dist_77a734fe._.js:2297
[  175402ms] [LOG] [HMR] connected @ http://localhost:3001/_next/static/chunks/b2b3e_next_dist_77a734fe._.js:2297
[  175528ms] [LOG] [Fast Refresh] rebuilding @ http://localhost:3001/_next/static/chunks/b2b3e_next_dist_77a734fe._.js:2297
[  175829ms] [ERROR] Failed to load resource: the server responded with a status of 404 (Not Found) @ http://localhost:3001/avatar.jpg:0
[  175886ms] [INFO] %cDownload the React DevTools for a better development experience: https://react.dev/link/react-devtools font-weight:bold @ http://localhost:3001/_next/static/chunks/b2b3e_next_dist_77a734fe._.js:2297
[  175903ms] [LOG] [HMR] connected @ http://localhost:3001/_next/static/chunks/b2b3e_next_dist_77a734fe._.js:2297
[  176023ms] [LOG] [Fast Refresh] rebuilding @ http://localhost:3001/_next/static/chunks/b2b3e_next_dist_77a734fe._.js:2297
[  176323ms] [ERROR] Failed to load resource: the server responded with a status of 404 (Not Found) @ http://localhost:3001/avatar.jpg:0
[  176374ms] [INFO] %cDownload the React DevTools for a better development experience: https://react.dev/link/react-devtools font-weight:bold @ http://localhost:3001/_next/static/chunks/b2b3e_next_dist_77a734fe._.js:2297
[  176399ms] [LOG] [HMR] connected @ http://localhost:3001/_next/static/chunks/b2b3e_next_dist_77a734fe._.js:2297
[  176536ms] [LOG] [Fast Refresh] rebuilding @ http://localhost:3001/_next/static/chunks/b2b3e_next_dist_77a734fe._.js:2297
[  176830ms] [ERROR] Failed to load resource: the server responded with a status of 404 (Not Found) @ http://localhost:3001/avatar.jpg:0
[  176885ms] [INFO] %cDownload the React DevTools for a better development experience: https://react.dev/link/react-devtools font-weight:bold @ http://localhost:3001/_next/static/chunks/b2b3e_next_dist_77a734fe._.js:2297
[  176905ms] [LOG] [HMR] connected @ http://localhost:3001/_next/static/chunks/b2b3e_next_dist_77a734fe._.js:2297
[  177029ms] [LOG] [Fast Refresh] rebuilding @ http://localhost:3001/_next/static/chunks/b2b3e_next_dist_77a734fe._.js:2297
[  177312ms] [ERROR] Failed to load resource: the server responded with a status of 404 (Not Found) @ http://localhost:3001/avatar.jpg:0
[  177365ms] [INFO] %cDownload the React DevTools for a better development experience: https://react.dev/link/react-devtools font-weight:bold @ http://localhost:3001/_next/static/chunks/b2b3e_next_dist_77a734fe._.js:2297
[  177386ms] [LOG] [HMR] connected @ http://localhost:3001/_next/static/chunks/b2b3e_next_dist_77a734fe._.js:2297
[  177509ms] [LOG] [Fast Refresh] rebuilding @ http://localhost:3001/_next/static/chunks/b2b3e_next_dist_77a734fe._.js:2297
[  177819ms] [ERROR] Failed to load resource: the server responded with a status of 404 (Not Found) @ http://localhost:3001/avatar.jpg:0
[  177869ms] [INFO] %cDownload the React DevTools for a better development experience: https://react.dev/link/react-devtools font-weight:bold @ http://localhost:3001/_next/static/chunks/b2b3e_next_dist_77a734fe._.js:2297
[  177888ms] [LOG] [HMR] connected @ http://localhost:3001/_next/static/chunks/b2b3e_next_dist_77a734fe._.js:2297
[  178004ms] [LOG] [Fast Refresh] rebuilding @ http://localhost:3001/_next/static/chunks/b2b3e_next_dist_77a734fe._.js:2297
[  178294ms] [ERROR] Failed to load resource: the server responded with a status of 404 (Not Found) @ http://localhost:3001/avatar.jpg:0
[  178355ms] [INFO] %cDownload the React DevTools for a better development experience: https://react.dev/link/react-devtools font-weight:bold @ http://localhost:3001/_next/static/chunks/b2b3e_next_dist_77a734fe._.js:2297
[  178378ms] [LOG] [HMR] connected @ http://localhost:3001/_next/static/chunks/b2b3e_next_dist_77a734fe._.js:2297
[  178387ms] [LOG] [Fast Refresh] rebuilding @ http://localhost:3001/_next/static/chunks/b2b3e_next_dist_77a734fe._.js:2297
[  178675ms] [ERROR] Failed to load resource: the server responded with a status of 404 (Not Found) @ http://localhost:3001/avatar.jpg:0
[  178730ms] [INFO] %cDownload the React DevTools for a better development experience: https://react.dev/link/react-devtools font-weight:bold @ http://localhost:3001/_next/static/chunks/b2b3e_next_dist_77a734fe._.js:2297
[  178751ms] [LOG] [HMR] connected @ http://localhost:3001/_next/static/chunks/b2b3e_next_dist_77a734fe._.js:2297
[  178857ms] [LOG] [Fast Refresh] rebuilding @ http://localhost:3001/_next/static/chunks/b2b3e_next_dist_77a734fe._.js:2297
[  179145ms] [ERROR] Failed to load resource: the server responded with a status of 404 (Not Found) @ http://localhost:3001/avatar.jpg:0
[  179196ms] [INFO] %cDownload the React DevTools for a better development experience: https://react.dev/link/react-devtools font-weight:bold @ http://localhost:3001/_next/static/chunks/b2b3e_next_dist_77a734fe._.js:2297
[  179218ms] [LOG] [HMR] connected @ http://localhost:3001/_next/static/chunks/b2b3e_next_dist_77a734fe._.js:2297
[  179334ms] [LOG] [Fast Refresh] rebuilding @ http://localhost:3001/_next/static/chunks/b2b3e_next_dist_77a734fe._.js:2297
[  179638ms] [ERROR] Failed to load resource: the server responded with a status of 404 (Not Found) @ http://localhost:3001/avatar.jpg:0
[  179697ms] [INFO] %cDownload the React DevTools for a better development experience: https://react.dev/link/react-devtools font-weight:bold @ http://localhost:3001/_next/static/chunks/b2b3e_next_dist_77a734fe._.js:2297
[  179721ms] [LOG] [HMR] connected @ http://localhost:3001/_next/static/chunks/b2b3e_next_dist_77a734fe._.js:2297
[  179823ms] [LOG] [Fast Refresh] rebuilding @ http://localhost:3001/_next/static/chunks/b2b3e_next_dist_77a734fe._.js:2297
[  180105ms] [ERROR] Failed to load resource: the server responded with a status of 404 (Not Found) @ http://localhost:3001/avatar.jpg:0
[  180158ms] [INFO] %cDownload the React DevTools for a better development experience: https://react.dev/link/react-devtools font-weight:bold @ http://localhost:3001/_next/static/chunks/b2b3e_next_dist_77a734fe._.js:2297
[  180181ms] [LOG] [HMR] connected @ http://localhost:3001/_next/static/chunks/b2b3e_next_dist_77a734fe._.js:2297
[  180291ms] [LOG] [Fast Refresh] rebuilding @ http://localhost:3001/_next/static/chunks/b2b3e_next_dist_77a734fe._.js:2297
[  180585ms] [ERROR] Failed to load resource: the server responded with a status of 404 (Not Found) @ http://localhost:3001/avatar.jpg:0
[  180645ms] [INFO] %cDownload the React DevTools for a better development experience: https://react.dev/link/react-devtools font-weight:bold @ http://localhost:3001/_next/static/chunks/b2b3e_next_dist_77a734fe._.js:2297
[  180666ms] [LOG] [HMR] connected @ http://localhost:3001/_next/static/chunks/b2b3e_next_dist_77a734fe._.js:2297
[  180783ms] [LOG] [Fast Refresh] rebuilding @ http://localhost:3001/_next/static/chunks/b2b3e_next_dist_77a734fe._.js:2297
[  181351ms] [ERROR] Failed to load resource: the server responded with a status of 404 (Not Found) @ http://localhost:3001/avatar.jpg:0
[  181404ms] [INFO] %cDownload the React DevTools for a better development experience: https://react.dev/link/react-devtools font-weight:bold @ http://localhost:3001/_next/static/chunks/b2b3e_next_dist_77a734fe._.js:2297
[  181426ms] [LOG] [HMR] connected @ http://localhost:3001/_next/static/chunks/b2b3e_next_dist_77a734fe._.js:2297
[  181526ms] [LOG] [Fast Refresh] rebuilding @ http://localhost:3001/_next/static/chunks/b2b3e_next_dist_77a734fe._.js:2297
[  181828ms] [ERROR] Failed to load resource: the server responded with a status of 404 (Not Found) @ http://localhost:3001/avatar.jpg:0
[  181885ms] [INFO] %cDownload the React DevTools for a better development experience: https://react.dev/link/react-devtools font-weight:bold @ http://localhost:3001/_next/static/chunks/b2b3e_next_dist_77a734fe._.js:2297
[  181908ms] [LOG] [HMR] connected @ http://localhost:3001/_next/static/chunks/b2b3e_next_dist_77a734fe._.js:2297
[  182021ms] [LOG] [Fast Refresh] rebuilding @ http://localhost:3001/_next/static/chunks/b2b3e_next_dist_77a734fe._.js:2297
[  182298ms] [ERROR] Failed to load resource: the server responded with a status of 404 (Not Found) @ http://localhost:3001/avatar.jpg:0
[  182353ms] [INFO] %cDownload the React DevTools for a better development experience: https://react.dev/link/react-devtools font-weight:bold @ http://localhost:3001/_next/static/chunks/b2b3e_next_dist_77a734fe._.js:2297
[  182378ms] [LOG] [HMR] connected @ http://localhost:3001/_next/static/chunks/b2b3e_next_dist_77a734fe._.js:2297
[  182475ms] [LOG] [Fast Refresh] rebuilding @ http://localhost:3001/_next/static/chunks/b2b3e_next_dist_77a734fe._.js:2297
[  182767ms] [ERROR] Failed to load resource: the server responded with a status of 404 (Not Found) @ http://localhost:3001/avatar.jpg:0
[  182816ms] [INFO] %cDownload the React DevTools for a better development experience: https://react.dev/link/react-devtools font-weight:bold @ http://localhost:3001/_next/static/chunks/b2b3e_next_dist_77a734fe._.js:2297
[  182838ms] [LOG] [HMR] connected @ http://localhost:3001/_next/static/chunks/b2b3e_next_dist_77a734fe._.js:2297
[  182960ms] [LOG] [Fast Refresh] rebuilding @ http://localhost:3001/_next/static/chunks/b2b3e_next_dist_77a734fe._.js:2297
[  183262ms] [ERROR] Failed to load resource: the server responded with a status of 404 (Not Found) @ http://localhost:3001/avatar.jpg:0
[  183315ms] [INFO] %cDownload the React DevTools for a better development experience: https://react.dev/link/react-devtools font-weight:bold @ http://localhost:3001/_next/static/chunks/b2b3e_next_dist_77a734fe._.js:2297
[  183335ms] [LOG] [HMR] connected @ http://localhost:3001/_next/static/chunks/b2b3e_next_dist_77a734fe._.js:2297
[  183451ms] [LOG] [Fast Refresh] rebuilding @ http://localhost:3001/_next/static/chunks/b2b3e_next_dist_77a734fe._.js:2297
[  183752ms] [ERROR] Failed to load resource: the server responded with a status of 404 (Not Found) @ http://localhost:3001/avatar.jpg:0
[  183813ms] [INFO] %cDownload the React DevTools for a better development experience: https://react.dev/link/react-devtools font-weight:bold @ http://localhost:3001/_next/static/chunks/b2b3e_next_dist_77a734fe._.js:2297
[  183840ms] [LOG] [HMR] connected @ http://localhost:3001/_next/static/chunks/b2b3e_next_dist_77a734fe._.js:2297
[  183945ms] [LOG] [Fast Refresh] rebuilding @ http://localhost:3001/_next/static/chunks/b2b3e_next_dist_77a734fe._.js:2297
[  184255ms] [ERROR] Failed to load resource: the server responded with a status of 404 (Not Found) @ http://localhost:3001/avatar.jpg:0
[  184309ms] [INFO] %cDownload the React DevTools for a better development experience: https://react.dev/link/react-devtools font-weight:bold @ http://localhost:3001/_next/static/chunks/b2b3e_next_dist_77a734fe._.js:2297
[  184335ms] [LOG] [HMR] connected @ http://localhost:3001/_next/static/chunks/b2b3e_next_dist_77a734fe._.js:2297
[  184458ms] [LOG] [Fast Refresh] rebuilding @ http://localhost:3001/_next/static/chunks/b2b3e_next_dist_77a734fe._.js:2297
[  184764ms] [ERROR] Failed to load resource: the server responded with a status of 404 (Not Found) @ http://localhost:3001/avatar.jpg:0
[  184825ms] [INFO] %cDownload the React DevTools for a better development experience: https://react.dev/link/react-devtools font-weight:bold @ http://localhost:3001/_next/static/chunks/b2b3e_next_dist_77a734fe._.js:2297
[  184849ms] [LOG] [HMR] connected @ http://localhost:3001/_next/static/chunks/b2b3e_next_dist_77a734fe._.js:2297
[  184961ms] [LOG] [Fast Refresh] rebuilding @ http://localhost:3001/_next/static/chunks/b2b3e_next_dist_77a734fe._.js:2297
[  185271ms] [ERROR] Failed to load resource: the server responded with a status of 404 (Not Found) @ http://localhost:3001/avatar.jpg:0
[  185335ms] [INFO] %cDownload the React DevTools for a better development experience: https://react.dev/link/react-devtools font-weight:bold @ http://localhost:3001/_next/static/chunks/b2b3e_next_dist_77a734fe._.js:2297
[  185357ms] [LOG] [HMR] connected @ http://localhost:3001/_next/static/chunks/b2b3e_next_dist_77a734fe._.js:2297
[  185495ms] [LOG] [Fast Refresh] rebuilding @ http://localhost:3001/_next/static/chunks/b2b3e_next_dist_77a734fe._.js:2297
[  185793ms] [ERROR] Failed to load resource: the server responded with a status of 404 (Not Found) @ http://localhost:3001/avatar.jpg:0
[  185849ms] [INFO] %cDownload the React DevTools for a better development experience: https://react.dev/link/react-devtools font-weight:bold @ http://localhost:3001/_next/static/chunks/b2b3e_next_dist_77a734fe._.js:2297
[  185869ms] [LOG] [HMR] connected @ http://localhost:3001/_next/static/chunks/b2b3e_next_dist_77a734fe._.js:2297
[  185996ms] [LOG] [Fast Refresh] rebuilding @ http://localhost:3001/_next/static/chunks/b2b3e_next_dist_77a734fe._.js:2297
[  186292ms] [ERROR] Failed to load resource: the server responded with a status of 404 (Not Found) @ http://localhost:3001/avatar.jpg:0
[  186346ms] [INFO] %cDownload the React DevTools for a better development experience: https://react.dev/link/react-devtools font-weight:bold @ http://localhost:3001/_next/static/chunks/b2b3e_next_dist_77a734fe._.js:2297
[  186368ms] [LOG] [HMR] connected @ http://localhost:3001/_next/static/chunks/b2b3e_next_dist_77a734fe._.js:2297
[  186492ms] [LOG] [Fast Refresh] rebuilding @ http://localhost:3001/_next/static/chunks/b2b3e_next_dist_77a734fe._.js:2297
[  186794ms] [ERROR] Failed to load resource: the server responded with a status of 404 (Not Found) @ http://localhost:3001/avatar.jpg:0
[  186849ms] [INFO] %cDownload the React DevTools for a better development experience: https://react.dev/link/react-devtools font-weight:bold @ http://localhost:3001/_next/static/chunks/b2b3e_next_dist_77a734fe._.js:2297
[  186872ms] [LOG] [HMR] connected @ http://localhost:3001/_next/static/chunks/b2b3e_next_dist_77a734fe._.js:2297
[  186998ms] [LOG] [Fast Refresh] rebuilding @ http://localhost:3001/_next/static/chunks/b2b3e_next_dist_77a734fe._.js:2297
[  187305ms] [ERROR] Failed to load resource: the server responded with a status of 404 (Not Found) @ http://localhost:3001/avatar.jpg:0
[  187569ms] [INFO] %cDownload the React DevTools for a better development experience: https://react.dev/link/react-devtools font-weight:bold @ http://localhost:3001/_next/static/chunks/b2b3e_next_dist_77a734fe._.js:2297
[  187599ms] [LOG] [HMR] connected @ http://localhost:3001/_next/static/chunks/b2b3e_next_dist_77a734fe._.js:2297
[  187633ms] [LOG] [Fast Refresh] rebuilding @ http://localhost:3001/_next/static/chunks/b2b3e_next_dist_77a734fe._.js:2297
[  187963ms] [ERROR] Failed to load resource: the server responded with a status of 404 (Not Found) @ http://localhost:3001/avatar.jpg:0
[  188032ms] [INFO] %cDownload the React DevTools for a better development experience: https://react.dev/link/react-devtools font-weight:bold @ http://localhost:3001/_next/static/chunks/b2b3e_next_dist_77a734fe._.js:2297
[  188058ms] [LOG] [HMR] connected @ http://localhost:3001/_next/static/chunks/b2b3e_next_dist_77a734fe._.js:2297
[  188193ms] [LOG] [Fast Refresh] rebuilding @ http://localhost:3001/_next/static/chunks/b2b3e_next_dist_77a734fe._.js:2297
[  188498ms] [ERROR] Failed to load resource: the server responded with a status of 404 (Not Found) @ http://localhost:3001/avatar.jpg:0
[  188552ms] [INFO] %cDownload the React DevTools for a better development experience: https://react.dev/link/react-devtools font-weight:bold @ http://localhost:3001/_next/static/chunks/b2b3e_next_dist_77a734fe._.js:2297
[  188577ms] [LOG] [HMR] connected @ http://localhost:3001/_next/static/chunks/b2b3e_next_dist_77a734fe._.js:2297
[  188694ms] [LOG] [Fast Refresh] rebuilding @ http://localhost:3001/_next/static/chunks/b2b3e_next_dist_77a734fe._.js:2297
[  188977ms] [ERROR] Failed to load resource: the server responded with a status of 404 (Not Found) @ http://localhost:3001/avatar.jpg:0
[  189034ms] [INFO] %cDownload the React DevTools for a better development experience: https://react.dev/link/react-devtools font-weight:bold @ http://localhost:3001/_next/static/chunks/b2b3e_next_dist_77a734fe._.js:2297
[  189055ms] [LOG] [HMR] connected @ http://localhost:3001/_next/static/chunks/b2b3e_next_dist_77a734fe._.js:2297
[  189170ms] [LOG] [Fast Refresh] rebuilding @ http://localhost:3001/_next/static/chunks/b2b3e_next_dist_77a734fe._.js:2297
[  189459ms] [ERROR] Failed to load resource: the server responded with a status of 404 (Not Found) @ http://localhost:3001/avatar.jpg:0
[  189513ms] [INFO] %cDownload the React DevTools for a better development experience: https://react.dev/link/react-devtools font-weight:bold @ http://localhost:3001/_next/static/chunks/b2b3e_next_dist_77a734fe._.js:2297
[  189535ms] [LOG] [HMR] connected @ http://localhost:3001/_next/static/chunks/b2b3e_next_dist_77a734fe._.js:2297
[  189662ms] [LOG] [Fast Refresh] rebuilding @ http://localhost:3001/_next/static/chunks/b2b3e_next_dist_77a734fe._.js:2297
[  189987ms] [ERROR] Failed to load resource: the server responded with a status of 404 (Not Found) @ http://localhost:3001/avatar.jpg:0
[  190041ms] [INFO] %cDownload the React DevTools for a better development experience: https://react.dev/link/react-devtools font-weight:bold @ http://localhost:3001/_next/static/chunks/b2b3e_next_dist_77a734fe._.js:2297
[  190064ms] [LOG] [HMR] connected @ http://localhost:3001/_next/static/chunks/b2b3e_next_dist_77a734fe._.js:2297
[  190182ms] [LOG] [Fast Refresh] rebuilding @ http://localhost:3001/_next/static/chunks/b2b3e_next_dist_77a734fe._.js:2297
[  190473ms] [ERROR] Failed to load resource: the server responded with a status of 404 (Not Found) @ http://localhost:3001/avatar.jpg:0
[  190527ms] [INFO] %cDownload the React DevTools for a better development experience: https://react.dev/link/react-devtools font-weight:bold @ http://localhost:3001/_next/static/chunks/b2b3e_next_dist_77a734fe._.js:2297
[  190551ms] [LOG] [HMR] connected @ http://localhost:3001/_next/static/chunks/b2b3e_next_dist_77a734fe._.js:2297
[  190654ms] [LOG] [Fast Refresh] rebuilding @ http://localhost:3001/_next/static/chunks/b2b3e_next_dist_77a734fe._.js:2297
[  190939ms] [ERROR] Failed to load resource: the server responded with a status of 404 (Not Found) @ http://localhost:3001/avatar.jpg:0
[  190994ms] [INFO] %cDownload the React DevTools for a better development experience: https://react.dev/link/react-devtools font-weight:bold @ http://localhost:3001/_next/static/chunks/b2b3e_next_dist_77a734fe._.js:2297
[  191022ms] [LOG] [HMR] connected @ http://localhost:3001/_next/static/chunks/b2b3e_next_dist_77a734fe._.js:2297
[  191143ms] [LOG] [Fast Refresh] rebuilding @ http://localhost:3001/_next/static/chunks/b2b3e_next_dist_77a734fe._.js:2297
[  191464ms] [ERROR] Failed to load resource: the server responded with a status of 404 (Not Found) @ http://localhost:3001/avatar.jpg:0
[  191518ms] [INFO] %cDownload the React DevTools for a better development experience: https://react.dev/link/react-devtools font-weight:bold @ http://localhost:3001/_next/static/chunks/b2b3e_next_dist_77a734fe._.js:2297
[  191546ms] [LOG] [HMR] connected @ http://localhost:3001/_next/static/chunks/b2b3e_next_dist_77a734fe._.js:2297
[  191665ms] [LOG] [Fast Refresh] rebuilding @ http://localhost:3001/_next/static/chunks/b2b3e_next_dist_77a734fe._.js:2297
[  191966ms] [ERROR] Failed to load resource: the server responded with a status of 404 (Not Found) @ http://localhost:3001/avatar.jpg:0
[  192024ms] [INFO] %cDownload the React DevTools for a better development experience: https://react.dev/link/react-devtools font-weight:bold @ http://localhost:3001/_next/static/chunks/b2b3e_next_dist_77a734fe._.js:2297
[  192047ms] [LOG] [HMR] connected @ http://localhost:3001/_next/static/chunks/b2b3e_next_dist_77a734fe._.js:2297
[  192165ms] [LOG] [Fast Refresh] rebuilding @ http://localhost:3001/_next/static/chunks/b2b3e_next_dist_77a734fe._.js:2297
[  192453ms] [ERROR] Failed to load resource: the server responded with a status of 404 (Not Found) @ http://localhost:3001/avatar.jpg:0
[  192505ms] [INFO] %cDownload the React DevTools for a better development experience: https://react.dev/link/react-devtools font-weight:bold @ http://localhost:3001/_next/static/chunks/b2b3e_next_dist_77a734fe._.js:2297
[  192530ms] [LOG] [HMR] connected @ http://localhost:3001/_next/static/chunks/b2b3e_next_dist_77a734fe._.js:2297
[  192648ms] [LOG] [Fast Refresh] rebuilding @ http://localhost:3001/_next/static/chunks/b2b3e_next_dist_77a734fe._.js:2297
[  192943ms] [ERROR] Failed to load resource: the server responded with a status of 404 (Not Found) @ http://localhost:3001/avatar.jpg:0
[  192995ms] [INFO] %cDownload the React DevTools for a better development experience: https://react.dev/link/react-devtools font-weight:bold @ http://localhost:3001/_next/static/chunks/b2b3e_next_dist_77a734fe._.js:2297
[  193013ms] [LOG] [HMR] connected @ http://localhost:3001/_next/static/chunks/b2b3e_next_dist_77a734fe._.js:2297
[  193126ms] [LOG] [Fast Refresh] rebuilding @ http://localhost:3001/_next/static/chunks/b2b3e_next_dist_77a734fe._.js:2297
[  193421ms] [ERROR] Failed to load resource: the server responded with a status of 404 (Not Found) @ http://localhost:3001/avatar.jpg:0
[  193476ms] [INFO] %cDownload the React DevTools for a better development experience: https://react.dev/link/react-devtools font-weight:bold @ http://localhost:3001/_next/static/chunks/b2b3e_next_dist_77a734fe._.js:2297
[  193497ms] [LOG] [HMR] connected @ http://localhost:3001/_next/static/chunks/b2b3e_next_dist_77a734fe._.js:2297
[  193609ms] [LOG] [Fast Refresh] rebuilding @ http://localhost:3001/_next/static/chunks/b2b3e_next_dist_77a734fe._.js:2297
[  193901ms] [ERROR] Failed to load resource: the server responded with a status of 404 (Not Found) @ http://localhost:3001/avatar.jpg:0
[  193952ms] [INFO] %cDownload the React DevTools for a better development experience: https://react.dev/link/react-devtools font-weight:bold @ http://localhost:3001/_next/static/chunks/b2b3e_next_dist_77a734fe._.js:2297
[  193972ms] [LOG] [HMR] connected @ http://localhost:3001/_next/static/chunks/b2b3e_next_dist_77a734fe._.js:2297
[  194089ms] [LOG] [Fast Refresh] rebuilding @ http://localhost:3001/_next/static/chunks/b2b3e_next_dist_77a734fe._.js:2297
[  194388ms] [ERROR] Failed to load resource: the server responded with a status of 404 (Not Found) @ http://localhost:3001/avatar.jpg:0
[  194446ms] [INFO] %cDownload the React DevTools for a better development experience: https://react.dev/link/react-devtools font-weight:bold @ http://localhost:3001/_next/static/chunks/b2b3e_next_dist_77a734fe._.js:2297
[  194468ms] [LOG] [HMR] connected @ http://localhost:3001/_next/static/chunks/b2b3e_next_dist_77a734fe._.js:2297
[  194569ms] [LOG] [Fast Refresh] rebuilding @ http://localhost:3001/_next/static/chunks/b2b3e_next_dist_77a734fe._.js:2297
[  194861ms] [ERROR] Failed to load resource: the server responded with a status of 404 (Not Found) @ http://localhost:3001/avatar.jpg:0
[  194915ms] [INFO] %cDownload the React DevTools for a better development experience: https://react.dev/link/react-devtools font-weight:bold @ http://localhost:3001/_next/static/chunks/b2b3e_next_dist_77a734fe._.js:2297
[  194936ms] [LOG] [HMR] connected @ http://localhost:3001/_next/static/chunks/b2b3e_next_dist_77a734fe._.js:2297
[  195047ms] [LOG] [Fast Refresh] rebuilding @ http://localhost:3001/_next/static/chunks/b2b3e_next_dist_77a734fe._.js:2297
[  195342ms] [ERROR] Failed to load resource: the server responded with a status of 404 (Not Found) @ http://localhost:3001/avatar.jpg:0
[  195396ms] [INFO] %cDownload the React DevTools for a better development experience: https://react.dev/link/react-devtools font-weight:bold @ http://localhost:3001/_next/static/chunks/b2b3e_next_dist_77a734fe._.js:2297
[  195414ms] [LOG] [HMR] connected @ http://localhost:3001/_next/static/chunks/b2b3e_next_dist_77a734fe._.js:2297
[  195533ms] [LOG] [Fast Refresh] rebuilding @ http://localhost:3001/_next/static/chunks/b2b3e_next_dist_77a734fe._.js:2297
[  195846ms] [ERROR] Failed to load resource: the server responded with a status of 404 (Not Found) @ http://localhost:3001/avatar.jpg:0
[  195913ms] [INFO] %cDownload the React DevTools for a better development experience: https://react.dev/link/react-devtools font-weight:bold @ http://localhost:3001/_next/static/chunks/b2b3e_next_dist_77a734fe._.js:2297
[  195936ms] [LOG] [HMR] connected @ http://localhost:3001/_next/static/chunks/b2b3e_next_dist_77a734fe._.js:2297
[  196049ms] [LOG] [Fast Refresh] rebuilding @ http://localhost:3001/_next/static/chunks/b2b3e_next_dist_77a734fe._.js:2297
[  196361ms] [ERROR] Failed to load resource: the server responded with a status of 404 (Not Found) @ http://localhost:3001/avatar.jpg:0
[  196433ms] [INFO] %cDownload the React DevTools for a better development experience: https://react.dev/link/react-devtools font-weight:bold @ http://localhost:3001/_next/static/chunks/b2b3e_next_dist_77a734fe._.js:2297
[  196456ms] [LOG] [HMR] connected @ http://localhost:3001/_next/static/chunks/b2b3e_next_dist_77a734fe._.js:2297
[  196571ms] [LOG] [Fast Refresh] rebuilding @ http://localhost:3001/_next/static/chunks/b2b3e_next_dist_77a734fe._.js:2297
[  196857ms] [ERROR] Failed to load resource: the server responded with a status of 404 (Not Found) @ http://localhost:3001/avatar.jpg:0
[  196919ms] [INFO] %cDownload the React DevTools for a better development experience: https://react.dev/link/react-devtools font-weight:bold @ http://localhost:3001/_next/static/chunks/b2b3e_next_dist_77a734fe._.js:2297
[  196942ms] [LOG] [HMR] connected @ http://localhost:3001/_next/static/chunks/b2b3e_next_dist_77a734fe._.js:2297
[  197057ms] [LOG] [Fast Refresh] rebuilding @ http://localhost:3001/_next/static/chunks/b2b3e_next_dist_77a734fe._.js:2297
[  197350ms] [ERROR] Failed to load resource: the server responded with a status of 404 (Not Found) @ http://localhost:3001/avatar.jpg:0
[  197412ms] [INFO] %cDownload the React DevTools for a better development experience: https://react.dev/link/react-devtools font-weight:bold @ http://localhost:3001/_next/static/chunks/b2b3e_next_dist_77a734fe._.js:2297
[  197435ms] [LOG] [HMR] connected @ http://localhost:3001/_next/static/chunks/b2b3e_next_dist_77a734fe._.js:2297
[  197561ms] [LOG] [Fast Refresh] rebuilding @ http://localhost:3001/_next/static/chunks/b2b3e_next_dist_77a734fe._.js:2297
[  197852ms] [ERROR] Failed to load resource: the server responded with a status of 404 (Not Found) @ http://localhost:3001/avatar.jpg:0
[  197912ms] [INFO] %cDownload the React DevTools for a better development experience: https://react.dev/link/react-devtools font-weight:bold @ http://localhost:3001/_next/static/chunks/b2b3e_next_dist_77a734fe._.js:2297
[  197937ms] [LOG] [HMR] connected @ http://localhost:3001/_next/static/chunks/b2b3e_next_dist_77a734fe._.js:2297
[  198038ms] [LOG] [Fast Refresh] rebuilding @ http://localhost:3001/_next/static/chunks/b2b3e_next_dist_77a734fe._.js:2297
[  198328ms] [ERROR] Failed to load resource: the server responded with a status of 404 (Not Found) @ http://localhost:3001/avatar.jpg:0
[  198393ms] [INFO] %cDownload the React DevTools for a better development experience: https://react.dev/link/react-devtools font-weight:bold @ http://localhost:3001/_next/static/chunks/b2b3e_next_dist_77a734fe._.js:2297
[  198419ms] [LOG] [HMR] connected @ http://localhost:3001/_next/static/chunks/b2b3e_next_dist_77a734fe._.js:2297
[  198550ms] [LOG] [Fast Refresh] rebuilding @ http://localhost:3001/_next/static/chunks/b2b3e_next_dist_77a734fe._.js:2297
[  198816ms] [ERROR] Failed to load resource: the server responded with a status of 404 (Not Found) @ http://localhost:3001/avatar.jpg:0
[  198877ms] [INFO] %cDownload the React DevTools for a better development experience: https://react.dev/link/react-devtools font-weight:bold @ http://localhost:3001/_next/static/chunks/b2b3e_next_dist_77a734fe._.js:2297
[  198900ms] [LOG] [HMR] connected @ http://localhost:3001/_next/static/chunks/b2b3e_next_dist_77a734fe._.js:2297
[  199022ms] [LOG] [Fast Refresh] rebuilding @ http://localhost:3001/_next/static/chunks/b2b3e_next_dist_77a734fe._.js:2297
[  199309ms] [ERROR] Failed to load resource: the server responded with a status of 404 (Not Found) @ http://localhost:3001/avatar.jpg:0
[  199366ms] [INFO] %cDownload the React DevTools for a better development experience: https://react.dev/link/react-devtools font-weight:bold @ http://localhost:3001/_next/static/chunks/b2b3e_next_dist_77a734fe._.js:2297
[  199391ms] [LOG] [HMR] connected @ http://localhost:3001/_next/static/chunks/b2b3e_next_dist_77a734fe._.js:2297
[  199537ms] [LOG] [Fast Refresh] rebuilding @ http://localhost:3001/_next/static/chunks/b2b3e_next_dist_77a734fe._.js:2297
[  199821ms] [ERROR] Failed to load resource: the server responded with a status of 404 (Not Found) @ http://localhost:3001/avatar.jpg:0
[  199880ms] [INFO] %cDownload the React DevTools for a better development experience: https://react.dev/link/react-devtools font-weight:bold @ http://localhost:3001/_next/static/chunks/b2b3e_next_dist_77a734fe._.js:2297
[  199894ms] [LOG] [HMR] connected @ http://localhost:3001/_next/static/chunks/b2b3e_next_dist_77a734fe._.js:2297
[  200024ms] [LOG] [Fast Refresh] rebuilding @ http://localhost:3001/_next/static/chunks/b2b3e_next_dist_77a734fe._.js:2297
[  200305ms] [ERROR] Failed to load resource: the server responded with a status of 404 (Not Found) @ http://localhost:3001/avatar.jpg:0
[  200360ms] [INFO] %cDownload the React DevTools for a better development experience: https://react.dev/link/react-devtools font-weight:bold @ http://localhost:3001/_next/static/chunks/b2b3e_next_dist_77a734fe._.js:2297
[  200378ms] [LOG] [HMR] connected @ http://localhost:3001/_next/static/chunks/b2b3e_next_dist_77a734fe._.js:2297
[  200524ms] [LOG] [Fast Refresh] rebuilding @ http://localhost:3001/_next/static/chunks/b2b3e_next_dist_77a734fe._.js:2297
[  200801ms] [ERROR] Failed to load resource: the server responded with a status of 404 (Not Found) @ http://localhost:3001/avatar.jpg:0
[  200857ms] [INFO] %cDownload the React DevTools for a better development experience: https://react.dev/link/react-devtools font-weight:bold @ http://localhost:3001/_next/static/chunks/b2b3e_next_dist_77a734fe._.js:2297
[  200882ms] [LOG] [HMR] connected @ http://localhost:3001/_next/static/chunks/b2b3e_next_dist_77a734fe._.js:2297
[  200988ms] [LOG] [Fast Refresh] rebuilding @ http://localhost:3001/_next/static/chunks/b2b3e_next_dist_77a734fe._.js:2297
[  201282ms] [ERROR] Failed to load resource: the server responded with a status of 404 (Not Found) @ http://localhost:3001/avatar.jpg:0
[  201343ms] [INFO] %cDownload the React DevTools for a better development experience: https://react.dev/link/react-devtools font-weight:bold @ http://localhost:3001/_next/static/chunks/b2b3e_next_dist_77a734fe._.js:2297
[  201367ms] [LOG] [HMR] connected @ http://localhost:3001/_next/static/chunks/b2b3e_next_dist_77a734fe._.js:2297
[  201530ms] [LOG] [Fast Refresh] rebuilding @ http://localhost:3001/_next/static/chunks/b2b3e_next_dist_77a734fe._.js:2297
[  202087ms] [ERROR] Failed to load resource: the server responded with a status of 404 (Not Found) @ http://localhost:3001/avatar.jpg:0
[  202145ms] [INFO] %cDownload the React DevTools for a better development experience: https://react.dev/link/react-devtools font-weight:bold @ http://localhost:3001/_next/static/chunks/b2b3e_next_dist_77a734fe._.js:2297
[  202170ms] [LOG] [HMR] connected @ http://localhost:3001/_next/static/chunks/b2b3e_next_dist_77a734fe._.js:2297
[  202297ms] [LOG] [Fast Refresh] rebuilding @ http://localhost:3001/_next/static/chunks/b2b3e_next_dist_77a734fe._.js:2297
[  202597ms] [ERROR] Failed to load resource: the server responded with a status of 404 (Not Found) @ http://localhost:3001/avatar.jpg:0
[  202652ms] [INFO] %cDownload the React DevTools for a better development experience: https://react.dev/link/react-devtools font-weight:bold @ http://localhost:3001/_next/static/chunks/b2b3e_next_dist_77a734fe._.js:2297
[  202676ms] [LOG] [HMR] connected @ http://localhost:3001/_next/static/chunks/b2b3e_next_dist_77a734fe._.js:2297
[  202795ms] [LOG] [Fast Refresh] rebuilding @ http://localhost:3001/_next/static/chunks/b2b3e_next_dist_77a734fe._.js:2297
[  203081ms] [ERROR] Failed to load resource: the server responded with a status of 404 (Not Found) @ http://localhost:3001/avatar.jpg:0
[  203142ms] [INFO] %cDownload the React DevTools for a better development experience: https://react.dev/link/react-devtools font-weight:bold @ http://localhost:3001/_next/static/chunks/b2b3e_next_dist_77a734fe._.js:2297
[  203166ms] [LOG] [HMR] connected @ http://localhost:3001/_next/static/chunks/b2b3e_next_dist_77a734fe._.js:2297
[  203293ms] [LOG] [Fast Refresh] rebuilding @ http://localhost:3001/_next/static/chunks/b2b3e_next_dist_77a734fe._.js:2297
[  203581ms] [ERROR] Failed to load resource: the server responded with a status of 404 (Not Found) @ http://localhost:3001/avatar.jpg:0
[  203629ms] [INFO] %cDownload the React DevTools for a better development experience: https://react.dev/link/react-devtools font-weight:bold @ http://localhost:3001/_next/static/chunks/b2b3e_next_dist_77a734fe._.js:2297
[  203652ms] [LOG] [HMR] connected @ http://localhost:3001/_next/static/chunks/b2b3e_next_dist_77a734fe._.js:2297
[  203773ms] [LOG] [Fast Refresh] rebuilding @ http://localhost:3001/_next/static/chunks/b2b3e_next_dist_77a734fe._.js:2297
[  204061ms] [ERROR] Failed to load resource: the server responded with a status of 404 (Not Found) @ http://localhost:3001/avatar.jpg:0
[  204117ms] [INFO] %cDownload the React DevTools for a better development experience: https://react.dev/link/react-devtools font-weight:bold @ http://localhost:3001/_next/static/chunks/b2b3e_next_dist_77a734fe._.js:2297
[  204140ms] [LOG] [HMR] connected @ http://localhost:3001/_next/static/chunks/b2b3e_next_dist_77a734fe._.js:2297
[  204256ms] [LOG] [Fast Refresh] rebuilding @ http://localhost:3001/_next/static/chunks/b2b3e_next_dist_77a734fe._.js:2297
[  204549ms] [ERROR] Failed to load resource: the server responded with a status of 404 (Not Found) @ http://localhost:3001/avatar.jpg:0
[  204602ms] [INFO] %cDownload the React DevTools for a better development experience: https://react.dev/link/react-devtools font-weight:bold @ http://localhost:3001/_next/static/chunks/b2b3e_next_dist_77a734fe._.js:2297
[  204623ms] [LOG] [HMR] connected @ http://localhost:3001/_next/static/chunks/b2b3e_next_dist_77a734fe._.js:2297
[  204749ms] [LOG] [Fast Refresh] rebuilding @ http://localhost:3001/_next/static/chunks/b2b3e_next_dist_77a734fe._.js:2297
[  205026ms] [ERROR] Failed to load resource: the server responded with a status of 404 (Not Found) @ http://localhost:3001/avatar.jpg:0
[  205089ms] [INFO] %cDownload the React DevTools for a better development experience: https://react.dev/link/react-devtools font-weight:bold @ http://localhost:3001/_next/static/chunks/b2b3e_next_dist_77a734fe._.js:2297
[  205112ms] [LOG] [HMR] connected @ http://localhost:3001/_next/static/chunks/b2b3e_next_dist_77a734fe._.js:2297
[  205233ms] [LOG] [Fast Refresh] rebuilding @ http://localhost:3001/_next/static/chunks/b2b3e_next_dist_77a734fe._.js:2297
[  205512ms] [ERROR] Failed to load resource: the server responded with a status of 404 (Not Found) @ http://localhost:3001/avatar.jpg:0
[  205574ms] [INFO] %cDownload the React DevTools for a better development experience: https://react.dev/link/react-devtools font-weight:bold @ http://localhost:3001/_next/static/chunks/b2b3e_next_dist_77a734fe._.js:2297
[  205600ms] [LOG] [HMR] connected @ http://localhost:3001/_next/static/chunks/b2b3e_next_dist_77a734fe._.js:2297
[  205727ms] [LOG] [Fast Refresh] rebuilding @ http://localhost:3001/_next/static/chunks/b2b3e_next_dist_77a734fe._.js:2297
[  206002ms] [ERROR] Failed to load resource: the server responded with a status of 404 (Not Found) @ http://localhost:3001/avatar.jpg:0
[  206058ms] [INFO] %cDownload the React DevTools for a better development experience: https://react.dev/link/react-devtools font-weight:bold @ http://localhost:3001/_next/static/chunks/b2b3e_next_dist_77a734fe._.js:2297
[  206085ms] [LOG] [HMR] connected @ http://localhost:3001/_next/static/chunks/b2b3e_next_dist_77a734fe._.js:2297
[  206205ms] [LOG] [Fast Refresh] rebuilding @ http://localhost:3001/_next/static/chunks/b2b3e_next_dist_77a734fe._.js:2297
[  206495ms] [ERROR] Failed to load resource: the server responded with a status of 404 (Not Found) @ http://localhost:3001/avatar.jpg:0
[  206553ms] [INFO] %cDownload the React DevTools for a better development experience: https://react.dev/link/react-devtools font-weight:bold @ http://localhost:3001/_next/static/chunks/b2b3e_next_dist_77a734fe._.js:2297
[  206576ms] [LOG] [HMR] connected @ http://localhost:3001/_next/static/chunks/b2b3e_next_dist_77a734fe._.js:2297
[  206709ms] [LOG] [Fast Refresh] rebuilding @ http://localhost:3001/_next/static/chunks/b2b3e_next_dist_77a734fe._.js:2297
[  206993ms] [ERROR] Failed to load resource: the server responded with a status of 404 (Not Found) @ http://localhost:3001/avatar.jpg:0
[  207047ms] [INFO] %cDownload the React DevTools for a better development experience: https://react.dev/link/react-devtools font-weight:bold @ http://localhost:3001/_next/static/chunks/b2b3e_next_dist_77a734fe._.js:2297
[  207071ms] [LOG] [HMR] connected @ http://localhost:3001/_next/static/chunks/b2b3e_next_dist_77a734fe._.js:2297
[  207208ms] [LOG] [Fast Refresh] rebuilding @ http://localhost:3001/_next/static/chunks/b2b3e_next_dist_77a734fe._.js:2297
[  207490ms] [ERROR] Failed to load resource: the server responded with a status of 404 (Not Found) @ http://localhost:3001/avatar.jpg:0
[  207553ms] [INFO] %cDownload the React DevTools for a better development experience: https://react.dev/link/react-devtools font-weight:bold @ http://localhost:3001/_next/static/chunks/b2b3e_next_dist_77a734fe._.js:2297
[  207579ms] [LOG] [HMR] connected @ http://localhost:3001/_next/static/chunks/b2b3e_next_dist_77a734fe._.js:2297
[  207693ms] [LOG] [Fast Refresh] rebuilding @ http://localhost:3001/_next/static/chunks/b2b3e_next_dist_77a734fe._.js:2297
[  207989ms] [ERROR] Failed to load resource: the server responded with a status of 404 (Not Found) @ http://localhost:3001/avatar.jpg:0
[  208048ms] [INFO] %cDownload the React DevTools for a better development experience: https://react.dev/link/react-devtools font-weight:bold @ http://localhost:3001/_next/static/chunks/b2b3e_next_dist_77a734fe._.js:2297
[  208069ms] [LOG] [HMR] connected @ http://localhost:3001/_next/static/chunks/b2b3e_next_dist_77a734fe._.js:2297
[  208181ms] [LOG] [Fast Refresh] rebuilding @ http://localhost:3001/_next/static/chunks/b2b3e_next_dist_77a734fe._.js:2297
[  208377ms] [ERROR] Failed to load resource: the server responded with a status of 404 (Not Found) @ http://localhost:3001/avatar.jpg:0
[  208435ms] [INFO] %cDownload the React DevTools for a better development experience: https://react.dev/link/react-devtools font-weight:bold @ http://localhost:3001/_next/static/chunks/b2b3e_next_dist_77a734fe._.js:2297
[  208461ms] [LOG] [HMR] connected @ http://localhost:3001/_next/static/chunks/b2b3e_next_dist_77a734fe._.js:2297
[  208586ms] [LOG] [Fast Refresh] rebuilding @ http://localhost:3001/_next/static/chunks/b2b3e_next_dist_77a734fe._.js:2297
[  208864ms] [ERROR] Failed to load resource: the server responded with a status of 404 (Not Found) @ http://localhost:3001/avatar.jpg:0
[  208920ms] [INFO] %cDownload the React DevTools for a better development experience: https://react.dev/link/react-devtools font-weight:bold @ http://localhost:3001/_next/static/chunks/b2b3e_next_dist_77a734fe._.js:2297
[  208944ms] [LOG] [HMR] connected @ http://localhost:3001/_next/static/chunks/b2b3e_next_dist_77a734fe._.js:2297
[  209069ms] [LOG] [Fast Refresh] rebuilding @ http://localhost:3001/_next/static/chunks/b2b3e_next_dist_77a734fe._.js:2297
[  209345ms] [ERROR] Failed to load resource: the server responded with a status of 404 (Not Found) @ http://localhost:3001/avatar.jpg:0
[  209402ms] [INFO] %cDownload the React DevTools for a better development experience: https://react.dev/link/react-devtools font-weight:bold @ http://localhost:3001/_next/static/chunks/b2b3e_next_dist_77a734fe._.js:2297
[  209423ms] [LOG] [HMR] connected @ http://localhost:3001/_next/static/chunks/b2b3e_next_dist_77a734fe._.js:2297
[  209551ms] [LOG] [Fast Refresh] rebuilding @ http://localhost:3001/_next/static/chunks/b2b3e_next_dist_77a734fe._.js:2297
[  209815ms] [ERROR] Failed to load resource: the server responded with a status of 404 (Not Found) @ http://localhost:3001/avatar.jpg:0
[  209872ms] [INFO] %cDownload the React DevTools for a better development experience: https://react.dev/link/react-devtools font-weight:bold @ http://localhost:3001/_next/static/chunks/b2b3e_next_dist_77a734fe._.js:2297
[  209896ms] [LOG] [HMR] connected @ http://localhost:3001/_next/static/chunks/b2b3e_next_dist_77a734fe._.js:2297
[  210012ms] [LOG] [Fast Refresh] rebuilding @ http://localhost:3001/_next/static/chunks/b2b3e_next_dist_77a734fe._.js:2297
[  210294ms] [ERROR] Failed to load resource: the server responded with a status of 404 (Not Found) @ http://localhost:3001/avatar.jpg:0
[  210352ms] [INFO] %cDownload the React DevTools for a better development experience: https://react.dev/link/react-devtools font-weight:bold @ http://localhost:3001/_next/static/chunks/b2b3e_next_dist_77a734fe._.js:2297
[  210369ms] [LOG] [HMR] connected @ http://localhost:3001/_next/static/chunks/b2b3e_next_dist_77a734fe._.js:2297
[  210495ms] [LOG] [Fast Refresh] rebuilding @ http://localhost:3001/_next/static/chunks/b2b3e_next_dist_77a734fe._.js:2297
[  210778ms] [ERROR] Failed to load resource: the server responded with a status of 404 (Not Found) @ http://localhost:3001/avatar.jpg:0
[  210833ms] [INFO] %cDownload the React DevTools for a better development experience: https://react.dev/link/react-devtools font-weight:bold @ http://localhost:3001/_next/static/chunks/b2b3e_next_dist_77a734fe._.js:2297
[  210855ms] [LOG] [HMR] connected @ http://localhost:3001/_next/static/chunks/b2b3e_next_dist_77a734fe._.js:2297
[  210957ms] [LOG] [Fast Refresh] rebuilding @ http://localhost:3001/_next/static/chunks/b2b3e_next_dist_77a734fe._.js:2297
[  211227ms] [ERROR] Failed to load resource: the server responded with a status of 404 (Not Found) @ http://localhost:3001/avatar.jpg:0
[  211293ms] [INFO] %cDownload the React DevTools for a better development experience: https://react.dev/link/react-devtools font-weight:bold @ http://localhost:3001/_next/static/chunks/b2b3e_next_dist_77a734fe._.js:2297
[  211314ms] [LOG] [HMR] connected @ http://localhost:3001/_next/static/chunks/b2b3e_next_dist_77a734fe._.js:2297
[  211447ms] [LOG] [Fast Refresh] rebuilding @ http://localhost:3001/_next/static/chunks/b2b3e_next_dist_77a734fe._.js:2297
[  211742ms] [ERROR] Failed to load resource: the server responded with a status of 404 (Not Found) @ http://localhost:3001/avatar.jpg:0
[  211811ms] [INFO] %cDownload the React DevTools for a better development experience: https://react.dev/link/react-devtools font-weight:bold @ http://localhost:3001/_next/static/chunks/b2b3e_next_dist_77a734fe._.js:2297
[  211839ms] [LOG] [HMR] connected @ http://localhost:3001/_next/static/chunks/b2b3e_next_dist_77a734fe._.js:2297
[  211971ms] [LOG] [Fast Refresh] rebuilding @ http://localhost:3001/_next/static/chunks/b2b3e_next_dist_77a734fe._.js:2297
[  212236ms] [ERROR] Failed to load resource: the server responded with a status of 404 (Not Found) @ http://localhost:3001/avatar.jpg:0
[  212292ms] [INFO] %cDownload the React DevTools for a better development experience: https://react.dev/link/react-devtools font-weight:bold @ http://localhost:3001/_next/static/chunks/b2b3e_next_dist_77a734fe._.js:2297
[  212314ms] [LOG] [HMR] connected @ http://localhost:3001/_next/static/chunks/b2b3e_next_dist_77a734fe._.js:2297
[  212457ms] [LOG] [Fast Refresh] rebuilding @ http://localhost:3001/_next/static/chunks/b2b3e_next_dist_77a734fe._.js:2297
[  212736ms] [ERROR] Failed to load resource: the server responded with a status of 404 (Not Found) @ http://localhost:3001/avatar.jpg:0
[  212793ms] [INFO] %cDownload the React DevTools for a better development experience: https://react.dev/link/react-devtools font-weight:bold @ http://localhost:3001/_next/static/chunks/b2b3e_next_dist_77a734fe._.js:2297
[  212818ms] [LOG] [HMR] connected @ http://localhost:3001/_next/static/chunks/b2b3e_next_dist_77a734fe._.js:2297
[  212942ms] [LOG] [Fast Refresh] rebuilding @ http://localhost:3001/_next/static/chunks/b2b3e_next_dist_77a734fe._.js:2297
[  213220ms] [ERROR] Failed to load resource: the server responded with a status of 404 (Not Found) @ http://localhost:3001/avatar.jpg:0
[  213277ms] [INFO] %cDownload the React DevTools for a better development experience: https://react.dev/link/react-devtools font-weight:bold @ http://localhost:3001/_next/static/chunks/b2b3e_next_dist_77a734fe._.js:2297
[  213301ms] [LOG] [HMR] connected @ http://localhost:3001/_next/static/chunks/b2b3e_next_dist_77a734fe._.js:2297
[  213426ms] [LOG] [Fast Refresh] rebuilding @ http://localhost:3001/_next/static/chunks/b2b3e_next_dist_77a734fe._.js:2297
[  213699ms] [ERROR] Failed to load resource: the server responded with a status of 404 (Not Found) @ http://localhost:3001/avatar.jpg:0
[  213762ms] [INFO] %cDownload the React DevTools for a better development experience: https://react.dev/link/react-devtools font-weight:bold @ http://localhost:3001/_next/static/chunks/b2b3e_next_dist_77a734fe._.js:2297
[  213779ms] [LOG] [HMR] connected @ http://localhost:3001/_next/static/chunks/b2b3e_next_dist_77a734fe._.js:2297
[  213913ms] [LOG] [Fast Refresh] rebuilding @ http://localhost:3001/_next/static/chunks/b2b3e_next_dist_77a734fe._.js:2297
[  214196ms] [ERROR] Failed to load resource: the server responded with a status of 404 (Not Found) @ http://localhost:3001/avatar.jpg:0
[  214249ms] [INFO] %cDownload the React DevTools for a better development experience: https://react.dev/link/react-devtools font-weight:bold @ http://localhost:3001/_next/static/chunks/b2b3e_next_dist_77a734fe._.js:2297
[  214272ms] [LOG] [HMR] connected @ http://localhost:3001/_next/static/chunks/b2b3e_next_dist_77a734fe._.js:2297
[  214395ms] [LOG] [Fast Refresh] rebuilding @ http://localhost:3001/_next/static/chunks/b2b3e_next_dist_77a734fe._.js:2297
[  214678ms] [ERROR] Failed to load resource: the server responded with a status of 404 (Not Found) @ http://localhost:3001/avatar.jpg:0
[  214734ms] [INFO] %cDownload the React DevTools for a better development experience: https://react.dev/link/react-devtools font-weight:bold @ http://localhost:3001/_next/static/chunks/b2b3e_next_dist_77a734fe._.js:2297
[  214760ms] [LOG] [HMR] connected @ http://localhost:3001/_next/static/chunks/b2b3e_next_dist_77a734fe._.js:2297
[  214872ms] [LOG] [Fast Refresh] rebuilding @ http://localhost:3001/_next/static/chunks/b2b3e_next_dist_77a734fe._.js:2297
[  215153ms] [ERROR] Failed to load resource: the server responded with a status of 404 (Not Found) @ http://localhost:3001/avatar.jpg:0
[  215209ms] [INFO] %cDownload the React DevTools for a better development experience: https://react.dev/link/react-devtools font-weight:bold @ http://localhost:3001/_next/static/chunks/b2b3e_next_dist_77a734fe._.js:2297
[  215232ms] [LOG] [HMR] connected @ http://localhost:3001/_next/static/chunks/b2b3e_next_dist_77a734fe._.js:2297
[  215358ms] [LOG] [Fast Refresh] rebuilding @ http://localhost:3001/_next/static/chunks/b2b3e_next_dist_77a734fe._.js:2297
[  215641ms] [ERROR] Failed to load resource: the server responded with a status of 404 (Not Found) @ http://localhost:3001/avatar.jpg:0
[  215692ms] [INFO] %cDownload the React DevTools for a better development experience: https://react.dev/link/react-devtools font-weight:bold @ http://localhost:3001/_next/static/chunks/b2b3e_next_dist_77a734fe._.js:2297
[  215716ms] [LOG] [HMR] connected @ http://localhost:3001/_next/static/chunks/b2b3e_next_dist_77a734fe._.js:2297
[  215836ms] [LOG] [Fast Refresh] rebuilding @ http://localhost:3001/_next/static/chunks/b2b3e_next_dist_77a734fe._.js:2297
[  216119ms] [ERROR] Failed to load resource: the server responded with a status of 404 (Not Found) @ http://localhost:3001/avatar.jpg:0
[  216177ms] [INFO] %cDownload the React DevTools for a better development experience: https://react.dev/link/react-devtools font-weight:bold @ http://localhost:3001/_next/static/chunks/b2b3e_next_dist_77a734fe._.js:2297
[  216201ms] [LOG] [HMR] connected @ http://localhost:3001/_next/static/chunks/b2b3e_next_dist_77a734fe._.js:2297
[  216344ms] [LOG] [Fast Refresh] rebuilding @ http://localhost:3001/_next/static/chunks/b2b3e_next_dist_77a734fe._.js:2297
[  216615ms] [ERROR] Failed to load resource: the server responded with a status of 404 (Not Found) @ http://localhost:3001/avatar.jpg:0
[  216671ms] [INFO] %cDownload the React DevTools for a better development experience: https://react.dev/link/react-devtools font-weight:bold @ http://localhost:3001/_next/static/chunks/b2b3e_next_dist_77a734fe._.js:2297
[  216693ms] [LOG] [HMR] connected @ http://localhost:3001/_next/static/chunks/b2b3e_next_dist_77a734fe._.js:2297
[  216821ms] [LOG] [Fast Refresh] rebuilding @ http://localhost:3001/_next/static/chunks/b2b3e_next_dist_77a734fe._.js:2297
[  217100ms] [ERROR] Failed to load resource: the server responded with a status of 404 (Not Found) @ http://localhost:3001/avatar.jpg:0
[  217160ms] [INFO] %cDownload the React DevTools for a better development experience: https://react.dev/link/react-devtools font-weight:bold @ http://localhost:3001/_next/static/chunks/b2b3e_next_dist_77a734fe._.js:2297
[  217181ms] [LOG] [HMR] connected @ http://localhost:3001/_next/static/chunks/b2b3e_next_dist_77a734fe._.js:2297
[  217304ms] [LOG] [Fast Refresh] rebuilding @ http://localhost:3001/_next/static/chunks/b2b3e_next_dist_77a734fe._.js:2297
[  217597ms] [ERROR] Failed to load resource: the server responded with a status of 404 (Not Found) @ http://localhost:3001/avatar.jpg:0
[  217651ms] [INFO] %cDownload the React DevTools for a better development experience: https://react.dev/link/react-devtools font-weight:bold @ http://localhost:3001/_next/static/chunks/b2b3e_next_dist_77a734fe._.js:2297
[  217676ms] [LOG] [HMR] connected @ http://localhost:3001/_next/static/chunks/b2b3e_next_dist_77a734fe._.js:2297
[  217799ms] [LOG] [Fast Refresh] rebuilding @ http://localhost:3001/_next/static/chunks/b2b3e_next_dist_77a734fe._.js:2297
[  218075ms] [ERROR] Failed to load resource: the server responded with a status of 404 (Not Found) @ http://localhost:3001/avatar.jpg:0
[  218129ms] [INFO] %cDownload the React DevTools for a better development experience: https://react.dev/link/react-devtools font-weight:bold @ http://localhost:3001/_next/static/chunks/b2b3e_next_dist_77a734fe._.js:2297
[  218154ms] [LOG] [HMR] connected @ http://localhost:3001/_next/static/chunks/b2b3e_next_dist_77a734fe._.js:2297
[  218275ms] [LOG] [Fast Refresh] rebuilding @ http://localhost:3001/_next/static/chunks/b2b3e_next_dist_77a734fe._.js:2297
[  218556ms] [ERROR] Failed to load resource: the server responded with a status of 404 (Not Found) @ http://localhost:3001/avatar.jpg:0
[  218613ms] [INFO] %cDownload the React DevTools for a better development experience: https://react.dev/link/react-devtools font-weight:bold @ http://localhost:3001/_next/static/chunks/b2b3e_next_dist_77a734fe._.js:2297
[  218635ms] [LOG] [HMR] connected @ http://localhost:3001/_next/static/chunks/b2b3e_next_dist_77a734fe._.js:2297
[  218922ms] [LOG] [Fast Refresh] rebuilding @ http://localhost:3001/_next/static/chunks/b2b3e_next_dist_77a734fe._.js:2297
[  219219ms] [ERROR] Failed to load resource: the server responded with a status of 404 (Not Found) @ http://localhost:3001/avatar.jpg:0
[  219277ms] [INFO] %cDownload the React DevTools for a better development experience: https://react.dev/link/react-devtools font-weight:bold @ http://localhost:3001/_next/static/chunks/b2b3e_next_dist_77a734fe._.js:2297
[  219303ms] [LOG] [HMR] connected @ http://localhost:3001/_next/static/chunks/b2b3e_next_dist_77a734fe._.js:2297
[  219405ms] [LOG] [Fast Refresh] rebuilding @ http://localhost:3001/_next/static/chunks/b2b3e_next_dist_77a734fe._.js:2297
[  219694ms] [ERROR] Failed to load resource: the server responded with a status of 404 (Not Found) @ http://localhost:3001/avatar.jpg:0
[  219755ms] [INFO] %cDownload the React DevTools for a better development experience: https://react.dev/link/react-devtools font-weight:bold @ http://localhost:3001/_next/static/chunks/b2b3e_next_dist_77a734fe._.js:2297
[  219778ms] [LOG] [HMR] connected @ http://localhost:3001/_next/static/chunks/b2b3e_next_dist_77a734fe._.js:2297
[  219905ms] [LOG] [Fast Refresh] rebuilding @ http://localhost:3001/_next/static/chunks/b2b3e_next_dist_77a734fe._.js:2297
[  220185ms] [ERROR] Failed to load resource: the server responded with a status of 404 (Not Found) @ http://localhost:3001/avatar.jpg:0
[  220242ms] [INFO] %cDownload the React DevTools for a better development experience: https://react.dev/link/react-devtools font-weight:bold @ http://localhost:3001/_next/static/chunks/b2b3e_next_dist_77a734fe._.js:2297
[  220265ms] [LOG] [HMR] connected @ http://localhost:3001/_next/static/chunks/b2b3e_next_dist_77a734fe._.js:2297
[  220385ms] [LOG] [Fast Refresh] rebuilding @ http://localhost:3001/_next/static/chunks/b2b3e_next_dist_77a734fe._.js:2297
[  220673ms] [ERROR] Failed to load resource: the server responded with a status of 404 (Not Found) @ http://localhost:3001/avatar.jpg:0
[  220733ms] [INFO] %cDownload the React DevTools for a better development experience: https://react.dev/link/react-devtools font-weight:bold @ http://localhost:3001/_next/static/chunks/b2b3e_next_dist_77a734fe._.js:2297
[  220755ms] [LOG] [HMR] connected @ http://localhost:3001/_next/static/chunks/b2b3e_next_dist_77a734fe._.js:2297
[  220889ms] [LOG] [Fast Refresh] rebuilding @ http://localhost:3001/_next/static/chunks/b2b3e_next_dist_77a734fe._.js:2297
[  221172ms] [ERROR] Failed to load resource: the server responded with a status of 404 (Not Found) @ http://localhost:3001/avatar.jpg:0
[  221230ms] [INFO] %cDownload the React DevTools for a better development experience: https://react.dev/link/react-devtools font-weight:bold @ http://localhost:3001/_next/static/chunks/b2b3e_next_dist_77a734fe._.js:2297
[  221254ms] [LOG] [HMR] connected @ http://localhost:3001/_next/static/chunks/b2b3e_next_dist_77a734fe._.js:2297
[  221392ms] [LOG] [Fast Refresh] rebuilding @ http://localhost:3001/_next/static/chunks/b2b3e_next_dist_77a734fe._.js:2297
[  221668ms] [ERROR] Failed to load resource: the server responded with a status of 404 (Not Found) @ http://localhost:3001/avatar.jpg:0
[  221721ms] [INFO] %cDownload the React DevTools for a better development experience: https://react.dev/link/react-devtools font-weight:bold @ http://localhost:3001/_next/static/chunks/b2b3e_next_dist_77a734fe._.js:2297
[  221741ms] [LOG] [HMR] connected @ http://localhost:3001/_next/static/chunks/b2b3e_next_dist_77a734fe._.js:2297
[  221886ms] [LOG] [Fast Refresh] rebuilding @ http://localhost:3001/_next/static/chunks/b2b3e_next_dist_77a734fe._.js:2297
[  222171ms] [ERROR] Failed to load resource: the server responded with a status of 404 (Not Found) @ http://localhost:3001/avatar.jpg:0
[  222264ms] [INFO] %cDownload the React DevTools for a better development experience: https://react.dev/link/react-devtools font-weight:bold @ http://localhost:3001/_next/static/chunks/b2b3e_next_dist_77a734fe._.js:2297
[  222287ms] [LOG] [HMR] connected @ http://localhost:3001/_next/static/chunks/b2b3e_next_dist_77a734fe._.js:2297
[  222407ms] [LOG] [Fast Refresh] rebuilding @ http://localhost:3001/_next/static/chunks/b2b3e_next_dist_77a734fe._.js:2297
[  222686ms] [ERROR] Failed to load resource: the server responded with a status of 404 (Not Found) @ http://localhost:3001/avatar.jpg:0
[  222739ms] [INFO] %cDownload the React DevTools for a better development experience: https://react.dev/link/react-devtools font-weight:bold @ http://localhost:3001/_next/static/chunks/b2b3e_next_dist_77a734fe._.js:2297
[  222756ms] [LOG] [HMR] connected @ http://localhost:3001/_next/static/chunks/b2b3e_next_dist_77a734fe._.js:2297
[  222875ms] [LOG] [Fast Refresh] rebuilding @ http://localhost:3001/_next/static/chunks/b2b3e_next_dist_77a734fe._.js:2297
[  223456ms] [ERROR] Failed to load resource: the server responded with a status of 404 (Not Found) @ http://localhost:3001/avatar.jpg:0
[  223522ms] [INFO] %cDownload the React DevTools for a better development experience: https://react.dev/link/react-devtools font-weight:bold @ http://localhost:3001/_next/static/chunks/b2b3e_next_dist_77a734fe._.js:2297
[  223544ms] [LOG] [HMR] connected @ http://localhost:3001/_next/static/chunks/b2b3e_next_dist_77a734fe._.js:2297
[  223664ms] [LOG] [Fast Refresh] rebuilding @ http://localhost:3001/_next/static/chunks/b2b3e_next_dist_77a734fe._.js:2297
[  223943ms] [ERROR] Failed to load resource: the server responded with a status of 404 (Not Found) @ http://localhost:3001/avatar.jpg:0
[  223998ms] [INFO] %cDownload the React DevTools for a better development experience: https://react.dev/link/react-devtools font-weight:bold @ http://localhost:3001/_next/static/chunks/b2b3e_next_dist_77a734fe._.js:2297
[  224025ms] [LOG] [HMR] connected @ http://localhost:3001/_next/static/chunks/b2b3e_next_dist_77a734fe._.js:2297
[  224149ms] [LOG] [Fast Refresh] rebuilding @ http://localhost:3001/_next/static/chunks/b2b3e_next_dist_77a734fe._.js:2297
[  224439ms] [ERROR] Failed to load resource: the server responded with a status of 404 (Not Found) @ http://localhost:3001/avatar.jpg:0
[  224497ms] [INFO] %cDownload the React DevTools for a better development experience: https://react.dev/link/react-devtools font-weight:bold @ http://localhost:3001/_next/static/chunks/b2b3e_next_dist_77a734fe._.js:2297
[  224519ms] [LOG] [HMR] connected @ http://localhost:3001/_next/static/chunks/b2b3e_next_dist_77a734fe._.js:2297
[  224639ms] [LOG] [Fast Refresh] rebuilding @ http://localhost:3001/_next/static/chunks/b2b3e_next_dist_77a734fe._.js:2297
[  224924ms] [ERROR] Failed to load resource: the server responded with a status of 404 (Not Found) @ http://localhost:3001/avatar.jpg:0
[  224980ms] [INFO] %cDownload the React DevTools for a better development experience: https://react.dev/link/react-devtools font-weight:bold @ http://localhost:3001/_next/static/chunks/b2b3e_next_dist_77a734fe._.js:2297
[  225000ms] [LOG] [HMR] connected @ http://localhost:3001/_next/static/chunks/b2b3e_next_dist_77a734fe._.js:2297
[  225129ms] [LOG] [Fast Refresh] rebuilding @ http://localhost:3001/_next/static/chunks/b2b3e_next_dist_77a734fe._.js:2297
[  225420ms] [ERROR] Failed to load resource: the server responded with a status of 404 (Not Found) @ http://localhost:3001/avatar.jpg:0
[  225483ms] [INFO] %cDownload the React DevTools for a better development experience: https://react.dev/link/react-devtools font-weight:bold @ http://localhost:3001/_next/static/chunks/b2b3e_next_dist_77a734fe._.js:2297
[  225506ms] [LOG] [HMR] connected @ http://localhost:3001/_next/static/chunks/b2b3e_next_dist_77a734fe._.js:2297
[  225626ms] [LOG] [Fast Refresh] rebuilding @ http://localhost:3001/_next/static/chunks/b2b3e_next_dist_77a734fe._.js:2297
[  225901ms] [ERROR] Failed to load resource: the server responded with a status of 404 (Not Found) @ http://localhost:3001/avatar.jpg:0
[  225953ms] [INFO] %cDownload the React DevTools for a better development experience: https://react.dev/link/react-devtools font-weight:bold @ http://localhost:3001/_next/static/chunks/b2b3e_next_dist_77a734fe._.js:2297
[  225975ms] [LOG] [HMR] connected @ http://localhost:3001/_next/static/chunks/b2b3e_next_dist_77a734fe._.js:2297
[  226103ms] [LOG] [Fast Refresh] rebuilding @ http://localhost:3001/_next/static/chunks/b2b3e_next_dist_77a734fe._.js:2297
[  226393ms] [ERROR] Failed to load resource: the server responded with a status of 404 (Not Found) @ http://localhost:3001/avatar.jpg:0
[  226446ms] [INFO] %cDownload the React DevTools for a better development experience: https://react.dev/link/react-devtools font-weight:bold @ http://localhost:3001/_next/static/chunks/b2b3e_next_dist_77a734fe._.js:2297
[  226468ms] [LOG] [HMR] connected @ http://localhost:3001/_next/static/chunks/b2b3e_next_dist_77a734fe._.js:2297
[  226601ms] [LOG] [Fast Refresh] rebuilding @ http://localhost:3001/_next/static/chunks/b2b3e_next_dist_77a734fe._.js:2297
[  226891ms] [ERROR] Failed to load resource: the server responded with a status of 404 (Not Found) @ http://localhost:3001/avatar.jpg:0
[  226945ms] [INFO] %cDownload the React DevTools for a better development experience: https://react.dev/link/react-devtools font-weight:bold @ http://localhost:3001/_next/static/chunks/b2b3e_next_dist_77a734fe._.js:2297
[  226965ms] [LOG] [HMR] connected @ http://localhost:3001/_next/static/chunks/b2b3e_next_dist_77a734fe._.js:2297
[  227099ms] [LOG] [Fast Refresh] rebuilding @ http://localhost:3001/_next/static/chunks/b2b3e_next_dist_77a734fe._.js:2297
[  227405ms] [ERROR] Failed to load resource: the server responded with a status of 404 (Not Found) @ http://localhost:3001/avatar.jpg:0
[  227463ms] [INFO] %cDownload the React DevTools for a better development experience: https://react.dev/link/react-devtools font-weight:bold @ http://localhost:3001/_next/static/chunks/b2b3e_next_dist_77a734fe._.js:2297
[  227486ms] [LOG] [HMR] connected @ http://localhost:3001/_next/static/chunks/b2b3e_next_dist_77a734fe._.js:2297
[  227604ms] [LOG] [Fast Refresh] rebuilding @ http://localhost:3001/_next/static/chunks/b2b3e_next_dist_77a734fe._.js:2297
[  227883ms] [ERROR] Failed to load resource: the server responded with a status of 404 (Not Found) @ http://localhost:3001/avatar.jpg:0
[  227939ms] [INFO] %cDownload the React DevTools for a better development experience: https://react.dev/link/react-devtools font-weight:bold @ http://localhost:3001/_next/static/chunks/b2b3e_next_dist_77a734fe._.js:2297
[  227952ms] [LOG] [HMR] connected @ http://localhost:3001/_next/static/chunks/b2b3e_next_dist_77a734fe._.js:2297
[  228089ms] [LOG] [Fast Refresh] rebuilding @ http://localhost:3001/_next/static/chunks/b2b3e_next_dist_77a734fe._.js:2297
[  228386ms] [ERROR] Failed to load resource: the server responded with a status of 404 (Not Found) @ http://localhost:3001/avatar.jpg:0
[  228447ms] [INFO] %cDownload the React DevTools for a better development experience: https://react.dev/link/react-devtools font-weight:bold @ http://localhost:3001/_next/static/chunks/b2b3e_next_dist_77a734fe._.js:2297
[  228470ms] [LOG] [HMR] connected @ http://localhost:3001/_next/static/chunks/b2b3e_next_dist_77a734fe._.js:2297
[  228589ms] [LOG] [Fast Refresh] rebuilding @ http://localhost:3001/_next/static/chunks/b2b3e_next_dist_77a734fe._.js:2297
[  228865ms] [ERROR] Failed to load resource: the server responded with a status of 404 (Not Found) @ http://localhost:3001/avatar.jpg:0
[  228922ms] [INFO] %cDownload the React DevTools for a better development experience: https://react.dev/link/react-devtools font-weight:bold @ http://localhost:3001/_next/static/chunks/b2b3e_next_dist_77a734fe._.js:2297
[  228942ms] [LOG] [HMR] connected @ http://localhost:3001/_next/static/chunks/b2b3e_next_dist_77a734fe._.js:2297
[  229070ms] [LOG] [Fast Refresh] rebuilding @ http://localhost:3001/_next/static/chunks/b2b3e_next_dist_77a734fe._.js:2297
[  229365ms] [ERROR] Failed to load resource: the server responded with a status of 404 (Not Found) @ http://localhost:3001/avatar.jpg:0
[  229432ms] [INFO] %cDownload the React DevTools for a better development experience: https://react.dev/link/react-devtools font-weight:bold @ http://localhost:3001/_next/static/chunks/b2b3e_next_dist_77a734fe._.js:2297
[  229451ms] [LOG] [HMR] connected @ http://localhost:3001/_next/static/chunks/b2b3e_next_dist_77a734fe._.js:2297
[  229588ms] [LOG] [Fast Refresh] rebuilding @ http://localhost:3001/_next/static/chunks/b2b3e_next_dist_77a734fe._.js:2297
[  229877ms] [ERROR] Failed to load resource: the server responded with a status of 404 (Not Found) @ http://localhost:3001/avatar.jpg:0
[  229933ms] [INFO] %cDownload the React DevTools for a better development experience: https://react.dev/link/react-devtools font-weight:bold @ http://localhost:3001/_next/static/chunks/b2b3e_next_dist_77a734fe._.js:2297
[  229957ms] [LOG] [HMR] connected @ http://localhost:3001/_next/static/chunks/b2b3e_next_dist_77a734fe._.js:2297
[  230077ms] [LOG] [Fast Refresh] rebuilding @ http://localhost:3001/_next/static/chunks/b2b3e_next_dist_77a734fe._.js:2297
[  230353ms] [ERROR] Failed to load resource: the server responded with a status of 404 (Not Found) @ http://localhost:3001/avatar.jpg:0
[  230410ms] [INFO] %cDownload the React DevTools for a better development experience: https://react.dev/link/react-devtools font-weight:bold @ http://localhost:3001/_next/static/chunks/b2b3e_next_dist_77a734fe._.js:2297
[  230430ms] [LOG] [HMR] connected @ http://localhost:3001/_next/static/chunks/b2b3e_next_dist_77a734fe._.js:2297
[  230547ms] [LOG] [Fast Refresh] rebuilding @ http://localhost:3001/_next/static/chunks/b2b3e_next_dist_77a734fe._.js:2297
[  230826ms] [ERROR] Failed to load resource: the server responded with a status of 404 (Not Found) @ http://localhost:3001/avatar.jpg:0
[  230894ms] [INFO] %cDownload the React DevTools for a better development experience: https://react.dev/link/react-devtools font-weight:bold @ http://localhost:3001/_next/static/chunks/b2b3e_next_dist_77a734fe._.js:2297
[  230916ms] [LOG] [HMR] connected @ http://localhost:3001/_next/static/chunks/b2b3e_next_dist_77a734fe._.js:2297
[  231035ms] [LOG] [Fast Refresh] rebuilding @ http://localhost:3001/_next/static/chunks/b2b3e_next_dist_77a734fe._.js:2297
[  231315ms] [ERROR] Failed to load resource: the server responded with a status of 404 (Not Found) @ http://localhost:3001/avatar.jpg:0
[  231374ms] [INFO] %cDownload the React DevTools for a better development experience: https://react.dev/link/react-devtools font-weight:bold @ http://localhost:3001/_next/static/chunks/b2b3e_next_dist_77a734fe._.js:2297
[  231394ms] [LOG] [HMR] connected @ http://localhost:3001/_next/static/chunks/b2b3e_next_dist_77a734fe._.js:2297
[  231524ms] [LOG] [Fast Refresh] rebuilding @ http://localhost:3001/_next/static/chunks/b2b3e_next_dist_77a734fe._.js:2297
[  231811ms] [ERROR] Failed to load resource: the server responded with a status of 404 (Not Found) @ http://localhost:3001/avatar.jpg:0
[  231868ms] [INFO] %cDownload the React DevTools for a better development experience: https://react.dev/link/react-devtools font-weight:bold @ http://localhost:3001/_next/static/chunks/b2b3e_next_dist_77a734fe._.js:2297
[  231887ms] [LOG] [HMR] connected @ http://localhost:3001/_next/static/chunks/b2b3e_next_dist_77a734fe._.js:2297
[  232024ms] [LOG] [Fast Refresh] rebuilding @ http://localhost:3001/_next/static/chunks/b2b3e_next_dist_77a734fe._.js:2297
[  232308ms] [ERROR] Failed to load resource: the server responded with a status of 404 (Not Found) @ http://localhost:3001/avatar.jpg:0
[  232370ms] [INFO] %cDownload the React DevTools for a better development experience: https://react.dev/link/react-devtools font-weight:bold @ http://localhost:3001/_next/static/chunks/b2b3e_next_dist_77a734fe._.js:2297
[  232395ms] [LOG] [HMR] connected @ http://localhost:3001/_next/static/chunks/b2b3e_next_dist_77a734fe._.js:2297
[  232514ms] [LOG] [Fast Refresh] rebuilding @ http://localhost:3001/_next/static/chunks/b2b3e_next_dist_77a734fe._.js:2297
[  232802ms] [ERROR] Failed to load resource: the server responded with a status of 404 (Not Found) @ http://localhost:3001/avatar.jpg:0
[  232858ms] [INFO] %cDownload the React DevTools for a better development experience: https://react.dev/link/react-devtools font-weight:bold @ http://localhost:3001/_next/static/chunks/b2b3e_next_dist_77a734fe._.js:2297
[  232881ms] [LOG] [HMR] connected @ http://localhost:3001/_next/static/chunks/b2b3e_next_dist_77a734fe._.js:2297
[  233025ms] [LOG] [Fast Refresh] rebuilding @ http://localhost:3001/_next/static/chunks/b2b3e_next_dist_77a734fe._.js:2297
[  233340ms] [ERROR] Failed to load resource: the server responded with a status of 404 (Not Found) @ http://localhost:3001/avatar.jpg:0
[  233401ms] [INFO] %cDownload the React DevTools for a better development experience: https://react.dev/link/react-devtools font-weight:bold @ http://localhost:3001/_next/static/chunks/b2b3e_next_dist_77a734fe._.js:2297
[  233422ms] [LOG] [HMR] connected @ http://localhost:3001/_next/static/chunks/b2b3e_next_dist_77a734fe._.js:2297
[  233553ms] [LOG] [Fast Refresh] rebuilding @ http://localhost:3001/_next/static/chunks/b2b3e_next_dist_77a734fe._.js:2297
[  233834ms] [ERROR] Failed to load resource: the server responded with a status of 404 (Not Found) @ http://localhost:3001/avatar.jpg:0
[  233896ms] [INFO] %cDownload the React DevTools for a better development experience: https://react.dev/link/react-devtools font-weight:bold @ http://localhost:3001/_next/static/chunks/b2b3e_next_dist_77a734fe._.js:2297
[  233920ms] [LOG] [HMR] connected @ http://localhost:3001/_next/static/chunks/b2b3e_next_dist_77a734fe._.js:2297
[  234039ms] [LOG] [Fast Refresh] rebuilding @ http://localhost:3001/_next/static/chunks/b2b3e_next_dist_77a734fe._.js:2297
[  234330ms] [ERROR] Failed to load resource: the server responded with a status of 404 (Not Found) @ http://localhost:3001/avatar.jpg:0
[  234392ms] [INFO] %cDownload the React DevTools for a better development experience: https://react.dev/link/react-devtools font-weight:bold @ http://localhost:3001/_next/static/chunks/b2b3e_next_dist_77a734fe._.js:2297
[  234413ms] [LOG] [HMR] connected @ http://localhost:3001/_next/static/chunks/b2b3e_next_dist_77a734fe._.js:2297
[  234536ms] [LOG] [Fast Refresh] rebuilding @ http://localhost:3001/_next/static/chunks/b2b3e_next_dist_77a734fe._.js:2297
[  234804ms] [ERROR] Failed to load resource: the server responded with a status of 404 (Not Found) @ http://localhost:3001/avatar.jpg:0
[  234858ms] [INFO] %cDownload the React DevTools for a better development experience: https://react.dev/link/react-devtools font-weight:bold @ http://localhost:3001/_next/static/chunks/b2b3e_next_dist_77a734fe._.js:2297
[  234878ms] [LOG] [HMR] connected @ http://localhost:3001/_next/static/chunks/b2b3e_next_dist_77a734fe._.js:2297
[  235021ms] [LOG] [Fast Refresh] rebuilding @ http://localhost:3001/_next/static/chunks/b2b3e_next_dist_77a734fe._.js:2297
[  235307ms] [ERROR] Failed to load resource: the server responded with a status of 404 (Not Found) @ http://localhost:3001/avatar.jpg:0
[  235373ms] [INFO] %cDownload the React DevTools for a better development experience: https://react.dev/link/react-devtools font-weight:bold @ http://localhost:3001/_next/static/chunks/b2b3e_next_dist_77a734fe._.js:2297
[  235393ms] [LOG] [HMR] connected @ http://localhost:3001/_next/static/chunks/b2b3e_next_dist_77a734fe._.js:2297
[  235524ms] [LOG] [Fast Refresh] rebuilding @ http://localhost:3001/_next/static/chunks/b2b3e_next_dist_77a734fe._.js:2297
[  235816ms] [ERROR] Failed to load resource: the server responded with a status of 404 (Not Found) @ http://localhost:3001/avatar.jpg:0
[  235873ms] [INFO] %cDownload the React DevTools for a better development experience: https://react.dev/link/react-devtools font-weight:bold @ http://localhost:3001/_next/static/chunks/b2b3e_next_dist_77a734fe._.js:2297
[  235894ms] [LOG] [HMR] connected @ http://localhost:3001/_next/static/chunks/b2b3e_next_dist_77a734fe._.js:2297
[  236022ms] [LOG] [Fast Refresh] rebuilding @ http://localhost:3001/_next/static/chunks/b2b3e_next_dist_77a734fe._.js:2297
[  236330ms] [ERROR] Failed to load resource: the server responded with a status of 404 (Not Found) @ http://localhost:3001/avatar.jpg:0
[  236396ms] [INFO] %cDownload the React DevTools for a better development experience: https://react.dev/link/react-devtools font-weight:bold @ http://localhost:3001/_next/static/chunks/b2b3e_next_dist_77a734fe._.js:2297
[  236417ms] [LOG] [HMR] connected @ http://localhost:3001/_next/static/chunks/b2b3e_next_dist_77a734fe._.js:2297
[  236573ms] [LOG] [Fast Refresh] rebuilding @ http://localhost:3001/_next/static/chunks/b2b3e_next_dist_77a734fe._.js:2297
[  236877ms] [ERROR] Failed to load resource: the server responded with a status of 404 (Not Found) @ http://localhost:3001/avatar.jpg:0
[  236937ms] [INFO] %cDownload the React DevTools for a better development experience: https://react.dev/link/react-devtools font-weight:bold @ http://localhost:3001/_next/static/chunks/b2b3e_next_dist_77a734fe._.js:2297
[  236958ms] [LOG] [HMR] connected @ http://localhost:3001/_next/static/chunks/b2b3e_next_dist_77a734fe._.js:2297
[  237094ms] [LOG] [Fast Refresh] rebuilding @ http://localhost:3001/_next/static/chunks/b2b3e_next_dist_77a734fe._.js:2297
[  237412ms] [ERROR] Failed to load resource: the server responded with a status of 404 (Not Found) @ http://localhost:3001/avatar.jpg:0
[  237469ms] [INFO] %cDownload the React DevTools for a better development experience: https://react.dev/link/react-devtools font-weight:bold @ http://localhost:3001/_next/static/chunks/b2b3e_next_dist_77a734fe._.js:2297
[  237491ms] [LOG] [HMR] connected @ http://localhost:3001/_next/static/chunks/b2b3e_next_dist_77a734fe._.js:2297
[  237613ms] [LOG] [Fast Refresh] rebuilding @ http://localhost:3001/_next/static/chunks/b2b3e_next_dist_77a734fe._.js:2297
[  237909ms] [ERROR] Failed to load resource: the server responded with a status of 404 (Not Found) @ http://localhost:3001/avatar.jpg:0
[  237967ms] [INFO] %cDownload the React DevTools for a better development experience: https://react.dev/link/react-devtools font-weight:bold @ http://localhost:3001/_next/static/chunks/b2b3e_next_dist_77a734fe._.js:2297
[  237989ms] [LOG] [HMR] connected @ http://localhost:3001/_next/static/chunks/b2b3e_next_dist_77a734fe._.js:2297
[  238116ms] [LOG] [Fast Refresh] rebuilding @ http://localhost:3001/_next/static/chunks/b2b3e_next_dist_77a734fe._.js:2297
[  238355ms] [ERROR] Failed to load resource: the server responded with a status of 404 (Not Found) @ http://localhost:3001/avatar.jpg:0
[  238421ms] [INFO] %cDownload the React DevTools for a better development experience: https://react.dev/link/react-devtools font-weight:bold @ http://localhost:3001/_next/static/chunks/b2b3e_next_dist_77a734fe._.js:2297
[  238446ms] [LOG] [HMR] connected @ http://localhost:3001/_next/static/chunks/b2b3e_next_dist_77a734fe._.js:2297
[  238573ms] [LOG] [Fast Refresh] rebuilding @ http://localhost:3001/_next/static/chunks/b2b3e_next_dist_77a734fe._.js:2297
[  238876ms] [ERROR] Failed to load resource: the server responded with a status of 404 (Not Found) @ http://localhost:3001/avatar.jpg:0
[  238935ms] [INFO] %cDownload the React DevTools for a better development experience: https://react.dev/link/react-devtools font-weight:bold @ http://localhost:3001/_next/static/chunks/b2b3e_next_dist_77a734fe._.js:2297
[  238955ms] [LOG] [HMR] connected @ http://localhost:3001/_next/static/chunks/b2b3e_next_dist_77a734fe._.js:2297
[  239066ms] [LOG] [Fast Refresh] rebuilding @ http://localhost:3001/_next/static/chunks/b2b3e_next_dist_77a734fe._.js:2297
[  239341ms] [ERROR] Failed to load resource: the server responded with a status of 404 (Not Found) @ http://localhost:3001/avatar.jpg:0
[  239395ms] [INFO] %cDownload the React DevTools for a better development experience: https://react.dev/link/react-devtools font-weight:bold @ http://localhost:3001/_next/static/chunks/b2b3e_next_dist_77a734fe._.js:2297
[  239419ms] [LOG] [HMR] connected @ http://localhost:3001/_next/static/chunks/b2b3e_next_dist_77a734fe._.js:2297
[  239539ms] [LOG] [Fast Refresh] rebuilding @ http://localhost:3001/_next/static/chunks/b2b3e_next_dist_77a734fe._.js:2297
[  239810ms] [ERROR] Failed to load resource: the server responded with a status of 404 (Not Found) @ http://localhost:3001/avatar.jpg:0
[  239866ms] [INFO] %cDownload the React DevTools for a better development experience: https://react.dev/link/react-devtools font-weight:bold @ http://localhost:3001/_next/static/chunks/b2b3e_next_dist_77a734fe._.js:2297
[  239887ms] [LOG] [HMR] connected @ http://localhost:3001/_next/static/chunks/b2b3e_next_dist_77a734fe._.js:2297
[  240015ms] [LOG] [Fast Refresh] rebuilding @ http://localhost:3001/_next/static/chunks/b2b3e_next_dist_77a734fe._.js:2297
[  240310ms] [ERROR] Failed to load resource: the server responded with a status of 404 (Not Found) @ http://localhost:3001/avatar.jpg:0
[  240364ms] [INFO] %cDownload the React DevTools for a better development experience: https://react.dev/link/react-devtools font-weight:bold @ http://localhost:3001/_next/static/chunks/b2b3e_next_dist_77a734fe._.js:2297
[  240385ms] [LOG] [HMR] connected @ http://localhost:3001/_next/static/chunks/b2b3e_next_dist_77a734fe._.js:2297
[  240506ms] [LOG] [Fast Refresh] rebuilding @ http://localhost:3001/_next/static/chunks/b2b3e_next_dist_77a734fe._.js:2297
[  240789ms] [ERROR] Failed to load resource: the server responded with a status of 404 (Not Found) @ http://localhost:3001/avatar.jpg:0
[  240844ms] [INFO] %cDownload the React DevTools for a better development experience: https://react.dev/link/react-devtools font-weight:bold @ http://localhost:3001/_next/static/chunks/b2b3e_next_dist_77a734fe._.js:2297
[  240867ms] [LOG] [HMR] connected @ http://localhost:3001/_next/static/chunks/b2b3e_next_dist_77a734fe._.js:2297
[  241000ms] [LOG] [Fast Refresh] rebuilding @ http://localhost:3001/_next/static/chunks/b2b3e_next_dist_77a734fe._.js:2297
[  241292ms] [ERROR] Failed to load resource: the server responded with a status of 404 (Not Found) @ http://localhost:3001/avatar.jpg:0
[  241350ms] [INFO] %cDownload the React DevTools for a better development experience: https://react.dev/link/react-devtools font-weight:bold @ http://localhost:3001/_next/static/chunks/b2b3e_next_dist_77a734fe._.js:2297
[  241373ms] [LOG] [HMR] connected @ http://localhost:3001/_next/static/chunks/b2b3e_next_dist_77a734fe._.js:2297
[  241487ms] [LOG] [Fast Refresh] rebuilding @ http://localhost:3001/_next/static/chunks/b2b3e_next_dist_77a734fe._.js:2297
[  241780ms] [ERROR] Failed to load resource: the server responded with a status of 404 (Not Found) @ http://localhost:3001/avatar.jpg:0
[  241837ms] [INFO] %cDownload the React DevTools for a better development experience: https://react.dev/link/react-devtools font-weight:bold @ http://localhost:3001/_next/static/chunks/b2b3e_next_dist_77a734fe._.js:2297
[  241860ms] [LOG] [HMR] connected @ http://localhost:3001/_next/static/chunks/b2b3e_next_dist_77a734fe._.js:2297
[  241978ms] [LOG] [Fast Refresh] rebuilding @ http://localhost:3001/_next/static/chunks/b2b3e_next_dist_77a734fe._.js:2297
[  242264ms] [ERROR] Failed to load resource: the server responded with a status of 404 (Not Found) @ http://localhost:3001/avatar.jpg:0
[  242330ms] [INFO] %cDownload the React DevTools for a better development experience: https://react.dev/link/react-devtools font-weight:bold @ http://localhost:3001/_next/static/chunks/b2b3e_next_dist_77a734fe._.js:2297
[  242350ms] [LOG] [HMR] connected @ http://localhost:3001/_next/static/chunks/b2b3e_next_dist_77a734fe._.js:2297
[  242469ms] [LOG] [Fast Refresh] rebuilding @ http://localhost:3001/_next/static/chunks/b2b3e_next_dist_77a734fe._.js:2297
[  242764ms] [ERROR] Failed to load resource: the server responded with a status of 404 (Not Found) @ http://localhost:3001/avatar.jpg:0
[  242825ms] [INFO] %cDownload the React DevTools for a better development experience: https://react.dev/link/react-devtools font-weight:bold @ http://localhost:3001/_next/static/chunks/b2b3e_next_dist_77a734fe._.js:2297
[  242845ms] [LOG] [HMR] connected @ http://localhost:3001/_next/static/chunks/b2b3e_next_dist_77a734fe._.js:2297
[  242984ms] [LOG] [Fast Refresh] rebuilding @ http://localhost:3001/_next/static/chunks/b2b3e_next_dist_77a734fe._.js:2297
[  243281ms] [ERROR] Failed to load resource: the server responded with a status of 404 (Not Found) @ http://localhost:3001/avatar.jpg:0
[  243340ms] [INFO] %cDownload the React DevTools for a better development experience: https://react.dev/link/react-devtools font-weight:bold @ http://localhost:3001/_next/static/chunks/b2b3e_next_dist_77a734fe._.js:2297
[  243363ms] [LOG] [HMR] connected @ http://localhost:3001/_next/static/chunks/b2b3e_next_dist_77a734fe._.js:2297
[  243478ms] [LOG] [Fast Refresh] rebuilding @ http://localhost:3001/_next/static/chunks/b2b3e_next_dist_77a734fe._.js:2297
[  243763ms] [ERROR] Failed to load resource: the server responded with a status of 404 (Not Found) @ http://localhost:3001/avatar.jpg:0
[  243859ms] [INFO] %cDownload the React DevTools for a better development experience: https://react.dev/link/react-devtools font-weight:bold @ http://localhost:3001/_next/static/chunks/b2b3e_next_dist_77a734fe._.js:2297
[  243881ms] [LOG] [HMR] connected @ http://localhost:3001/_next/static/chunks/b2b3e_next_dist_77a734fe._.js:2297
[  243994ms] [LOG] [Fast Refresh] rebuilding @ http://localhost:3001/_next/static/chunks/b2b3e_next_dist_77a734fe._.js:2297
[  244276ms] [ERROR] Failed to load resource: the server responded with a status of 404 (Not Found) @ http://localhost:3001/avatar.jpg:0
[  244338ms] [INFO] %cDownload the React DevTools for a better development experience: https://react.dev/link/react-devtools font-weight:bold @ http://localhost:3001/_next/static/chunks/b2b3e_next_dist_77a734fe._.js:2297
[  244362ms] [LOG] [HMR] connected @ http://localhost:3001/_next/static/chunks/b2b3e_next_dist_77a734fe._.js:2297
[  244482ms] [LOG] [Fast Refresh] rebuilding @ http://localhost:3001/_next/static/chunks/b2b3e_next_dist_77a734fe._.js:2297
[  244760ms] [ERROR] Failed to load resource: the server responded with a status of 404 (Not Found) @ http://localhost:3001/avatar.jpg:0
[  244815ms] [INFO] %cDownload the React DevTools for a better development experience: https://react.dev/link/react-devtools font-weight:bold @ http://localhost:3001/_next/static/chunks/b2b3e_next_dist_77a734fe._.js:2297
[  244833ms] [LOG] [HMR] connected @ http://localhost:3001/_next/static/chunks/b2b3e_next_dist_77a734fe._.js:2297
[  244978ms] [LOG] [Fast Refresh] rebuilding @ http://localhost:3001/_next/static/chunks/b2b3e_next_dist_77a734fe._.js:2297
[  245573ms] [ERROR] Failed to load resource: the server responded with a status of 404 (Not Found) @ http://localhost:3001/avatar.jpg:0
[  245631ms] [INFO] %cDownload the React DevTools for a better development experience: https://react.dev/link/react-devtools font-weight:bold @ http://localhost:3001/_next/static/chunks/b2b3e_next_dist_77a734fe._.js:2297
[  245654ms] [LOG] [HMR] connected @ http://localhost:3001/_next/static/chunks/b2b3e_next_dist_77a734fe._.js:2297
[  245768ms] [LOG] [Fast Refresh] rebuilding @ http://localhost:3001/_next/static/chunks/b2b3e_next_dist_77a734fe._.js:2297
[  246074ms] [ERROR] Failed to load resource: the server responded with a status of 404 (Not Found) @ http://localhost:3001/avatar.jpg:0
[  246132ms] [INFO] %cDownload the React DevTools for a better development experience: https://react.dev/link/react-devtools font-weight:bold @ http://localhost:3001/_next/static/chunks/b2b3e_next_dist_77a734fe._.js:2297
[  246157ms] [LOG] [HMR] connected @ http://localhost:3001/_next/static/chunks/b2b3e_next_dist_77a734fe._.js:2297
[  246280ms] [LOG] [Fast Refresh] rebuilding @ http://localhost:3001/_next/static/chunks/b2b3e_next_dist_77a734fe._.js:2297
[  246556ms] [ERROR] Failed to load resource: the server responded with a status of 404 (Not Found) @ http://localhost:3001/avatar.jpg:0
[  246613ms] [INFO] %cDownload the React DevTools for a better development experience: https://react.dev/link/react-devtools font-weight:bold @ http://localhost:3001/_next/static/chunks/b2b3e_next_dist_77a734fe._.js:2297
[  246637ms] [LOG] [HMR] connected @ http://localhost:3001/_next/static/chunks/b2b3e_next_dist_77a734fe._.js:2297
[  246757ms] [LOG] [Fast Refresh] rebuilding @ http://localhost:3001/_next/static/chunks/b2b3e_next_dist_77a734fe._.js:2297
[  247055ms] [ERROR] Failed to load resource: the server responded with a status of 404 (Not Found) @ http://localhost:3001/avatar.jpg:0
[  247113ms] [INFO] %cDownload the React DevTools for a better development experience: https://react.dev/link/react-devtools font-weight:bold @ http://localhost:3001/_next/static/chunks/b2b3e_next_dist_77a734fe._.js:2297
[  247139ms] [LOG] [HMR] connected @ http://localhost:3001/_next/static/chunks/b2b3e_next_dist_77a734fe._.js:2297
[  247256ms] [LOG] [Fast Refresh] rebuilding @ http://localhost:3001/_next/static/chunks/b2b3e_next_dist_77a734fe._.js:2297
[  247533ms] [ERROR] Failed to load resource: the server responded with a status of 404 (Not Found) @ http://localhost:3001/avatar.jpg:0
[  247592ms] [INFO] %cDownload the React DevTools for a better development experience: https://react.dev/link/react-devtools font-weight:bold @ http://localhost:3001/_next/static/chunks/b2b3e_next_dist_77a734fe._.js:2297
[  247615ms] [LOG] [HMR] connected @ http://localhost:3001/_next/static/chunks/b2b3e_next_dist_77a734fe._.js:2297
[  247735ms] [LOG] [Fast Refresh] rebuilding @ http://localhost:3001/_next/static/chunks/b2b3e_next_dist_77a734fe._.js:2297
[  248027ms] [ERROR] Failed to load resource: the server responded with a status of 404 (Not Found) @ http://localhost:3001/avatar.jpg:0
[  248082ms] [INFO] %cDownload the React DevTools for a better development experience: https://react.dev/link/react-devtools font-weight:bold @ http://localhost:3001/_next/static/chunks/b2b3e_next_dist_77a734fe._.js:2297
[  248105ms] [LOG] [HMR] connected @ http://localhost:3001/_next/static/chunks/b2b3e_next_dist_77a734fe._.js:2297
[  248235ms] [LOG] [Fast Refresh] rebuilding @ http://localhost:3001/_next/static/chunks/b2b3e_next_dist_77a734fe._.js:2297
[  248525ms] [ERROR] Failed to load resource: the server responded with a status of 404 (Not Found) @ http://localhost:3001/avatar.jpg:0
[  248583ms] [INFO] %cDownload the React DevTools for a better development experience: https://react.dev/link/react-devtools font-weight:bold @ http://localhost:3001/_next/static/chunks/b2b3e_next_dist_77a734fe._.js:2297
[  248597ms] [LOG] [HMR] connected @ http://localhost:3001/_next/static/chunks/b2b3e_next_dist_77a734fe._.js:2297
[  248730ms] [LOG] [Fast Refresh] rebuilding @ http://localhost:3001/_next/static/chunks/b2b3e_next_dist_77a734fe._.js:2297
[  249051ms] [ERROR] Failed to load resource: the server responded with a status of 404 (Not Found) @ http://localhost:3001/avatar.jpg:0
[  249097ms] [INFO] %cDownload the React DevTools for a better development experience: https://react.dev/link/react-devtools font-weight:bold @ http://localhost:3001/_next/static/chunks/b2b3e_next_dist_77a734fe._.js:2297
[  249122ms] [LOG] [HMR] connected @ http://localhost:3001/_next/static/chunks/b2b3e_next_dist_77a734fe._.js:2297
[  249273ms] [LOG] [Fast Refresh] rebuilding @ http://localhost:3001/_next/static/chunks/b2b3e_next_dist_77a734fe._.js:2297
[  249587ms] [ERROR] Failed to load resource: the server responded with a status of 404 (Not Found) @ http://localhost:3001/avatar.jpg:0
[  249639ms] [INFO] %cDownload the React DevTools for a better development experience: https://react.dev/link/react-devtools font-weight:bold @ http://localhost:3001/_next/static/chunks/b2b3e_next_dist_77a734fe._.js:2297
[  249664ms] [LOG] [HMR] connected @ http://localhost:3001/_next/static/chunks/b2b3e_next_dist_77a734fe._.js:2297
[  249848ms] [LOG] [Fast Refresh] rebuilding @ http://localhost:3001/_next/static/chunks/b2b3e_next_dist_77a734fe._.js:2297
[  250145ms] [ERROR] Failed to load resource: the server responded with a status of 404 (Not Found) @ http://localhost:3001/avatar.jpg:0
[  250214ms] [INFO] %cDownload the React DevTools for a better development experience: https://react.dev/link/react-devtools font-weight:bold @ http://localhost:3001/_next/static/chunks/b2b3e_next_dist_77a734fe._.js:2297
[  250235ms] [LOG] [HMR] connected @ http://localhost:3001/_next/static/chunks/b2b3e_next_dist_77a734fe._.js:2297
[  250372ms] [LOG] [Fast Refresh] rebuilding @ http://localhost:3001/_next/static/chunks/b2b3e_next_dist_77a734fe._.js:2297
[  250684ms] [ERROR] Failed to load resource: the server responded with a status of 404 (Not Found) @ http://localhost:3001/avatar.jpg:0
[  250737ms] [INFO] %cDownload the React DevTools for a better development experience: https://react.dev/link/react-devtools font-weight:bold @ http://localhost:3001/_next/static/chunks/b2b3e_next_dist_77a734fe._.js:2297
[  250759ms] [LOG] [HMR] connected @ http://localhost:3001/_next/static/chunks/b2b3e_next_dist_77a734fe._.js:2297
[  250879ms] [LOG] [Fast Refresh] rebuilding @ http://localhost:3001/_next/static/chunks/b2b3e_next_dist_77a734fe._.js:2297
[  251188ms] [ERROR] Failed to load resource: the server responded with a status of 404 (Not Found) @ http://localhost:3001/avatar.jpg:0
[  251247ms] [INFO] %cDownload the React DevTools for a better development experience: https://react.dev/link/react-devtools font-weight:bold @ http://localhost:3001/_next/static/chunks/b2b3e_next_dist_77a734fe._.js:2297
[  251269ms] [LOG] [HMR] connected @ http://localhost:3001/_next/static/chunks/b2b3e_next_dist_77a734fe._.js:2297
[  251406ms] [LOG] [Fast Refresh] rebuilding @ http://localhost:3001/_next/static/chunks/b2b3e_next_dist_77a734fe._.js:2297
[  251712ms] [ERROR] Failed to load resource: the server responded with a status of 404 (Not Found) @ http://localhost:3001/avatar.jpg:0
[  251771ms] [INFO] %cDownload the React DevTools for a better development experience: https://react.dev/link/react-devtools font-weight:bold @ http://localhost:3001/_next/static/chunks/b2b3e_next_dist_77a734fe._.js:2297
[  251795ms] [LOG] [HMR] connected @ http://localhost:3001/_next/static/chunks/b2b3e_next_dist_77a734fe._.js:2297
[  251932ms] [LOG] [Fast Refresh] rebuilding @ http://localhost:3001/_next/static/chunks/b2b3e_next_dist_77a734fe._.js:2297
[  252243ms] [ERROR] Failed to load resource: the server responded with a status of 404 (Not Found) @ http://localhost:3001/avatar.jpg:0
[  252299ms] [INFO] %cDownload the React DevTools for a better development experience: https://react.dev/link/react-devtools font-weight:bold @ http://localhost:3001/_next/static/chunks/b2b3e_next_dist_77a734fe._.js:2297
[  252316ms] [LOG] [HMR] connected @ http://localhost:3001/_next/static/chunks/b2b3e_next_dist_77a734fe._.js:2297
[  252465ms] [LOG] [Fast Refresh] rebuilding @ http://localhost:3001/_next/static/chunks/b2b3e_next_dist_77a734fe._.js:2297
[  252765ms] [ERROR] Failed to load resource: the server responded with a status of 404 (Not Found) @ http://localhost:3001/avatar.jpg:0
[  252822ms] [INFO] %cDownload the React DevTools for a better development experience: https://react.dev/link/react-devtools font-weight:bold @ http://localhost:3001/_next/static/chunks/b2b3e_next_dist_77a734fe._.js:2297
[  252846ms] [LOG] [HMR] connected @ http://localhost:3001/_next/static/chunks/b2b3e_next_dist_77a734fe._.js:2297
[  252983ms] [LOG] [Fast Refresh] rebuilding @ http://localhost:3001/_next/static/chunks/b2b3e_next_dist_77a734fe._.js:2297
[  253293ms] [ERROR] Failed to load resource: the server responded with a status of 404 (Not Found) @ http://localhost:3001/avatar.jpg:0
[  253349ms] [INFO] %cDownload the React DevTools for a better development experience: https://react.dev/link/react-devtools font-weight:bold @ http://localhost:3001/_next/static/chunks/b2b3e_next_dist_77a734fe._.js:2297
[  253377ms] [LOG] [HMR] connected @ http://localhost:3001/_next/static/chunks/b2b3e_next_dist_77a734fe._.js:2297
[  253516ms] [LOG] [Fast Refresh] rebuilding @ http://localhost:3001/_next/static/chunks/b2b3e_next_dist_77a734fe._.js:2297
[  253820ms] [ERROR] Failed to load resource: the server responded with a status of 404 (Not Found) @ http://localhost:3001/avatar.jpg:0
[  253880ms] [INFO] %cDownload the React DevTools for a better development experience: https://react.dev/link/react-devtools font-weight:bold @ http://localhost:3001/_next/static/chunks/b2b3e_next_dist_77a734fe._.js:2297
[  253902ms] [LOG] [HMR] connected @ http://localhost:3001/_next/static/chunks/b2b3e_next_dist_77a734fe._.js:2297
[  254041ms] [LOG] [Fast Refresh] rebuilding @ http://localhost:3001/_next/static/chunks/b2b3e_next_dist_77a734fe._.js:2297
[  254350ms] [ERROR] Failed to load resource: the server responded with a status of 404 (Not Found) @ http://localhost:3001/avatar.jpg:0
[  254414ms] [INFO] %cDownload the React DevTools for a better development experience: https://react.dev/link/react-devtools font-weight:bold @ http://localhost:3001/_next/static/chunks/b2b3e_next_dist_77a734fe._.js:2297
[  254436ms] [LOG] [HMR] connected @ http://localhost:3001/_next/static/chunks/b2b3e_next_dist_77a734fe._.js:2297
[  254577ms] [LOG] [Fast Refresh] rebuilding @ http://localhost:3001/_next/static/chunks/b2b3e_next_dist_77a734fe._.js:2297
[  254862ms] [ERROR] Failed to load resource: the server responded with a status of 404 (Not Found) @ http://localhost:3001/avatar.jpg:0
[  254920ms] [INFO] %cDownload the React DevTools for a better development experience: https://react.dev/link/react-devtools font-weight:bold @ http://localhost:3001/_next/static/chunks/b2b3e_next_dist_77a734fe._.js:2297
[  254935ms] [LOG] [HMR] connected @ http://localhost:3001/_next/static/chunks/b2b3e_next_dist_77a734fe._.js:2297
[  255067ms] [LOG] [Fast Refresh] rebuilding @ http://localhost:3001/_next/static/chunks/b2b3e_next_dist_77a734fe._.js:2297
[  255357ms] [ERROR] Failed to load resource: the server responded with a status of 404 (Not Found) @ http://localhost:3001/avatar.jpg:0
[  255414ms] [INFO] %cDownload the React DevTools for a better development experience: https://react.dev/link/react-devtools font-weight:bold @ http://localhost:3001/_next/static/chunks/b2b3e_next_dist_77a734fe._.js:2297
[  255436ms] [LOG] [HMR] connected @ http://localhost:3001/_next/static/chunks/b2b3e_next_dist_77a734fe._.js:2297
[  255553ms] [LOG] [Fast Refresh] rebuilding @ http://localhost:3001/_next/static/chunks/b2b3e_next_dist_77a734fe._.js:2297
[  255845ms] [ERROR] Failed to load resource: the server responded with a status of 404 (Not Found) @ http://localhost:3001/avatar.jpg:0
[  255903ms] [INFO] %cDownload the React DevTools for a better development experience: https://react.dev/link/react-devtools font-weight:bold @ http://localhost:3001/_next/static/chunks/b2b3e_next_dist_77a734fe._.js:2297
[  255925ms] [LOG] [HMR] connected @ http://localhost:3001/_next/static/chunks/b2b3e_next_dist_77a734fe._.js:2297
[  256042ms] [LOG] [Fast Refresh] rebuilding @ http://localhost:3001/_next/static/chunks/b2b3e_next_dist_77a734fe._.js:2297
[  256331ms] [ERROR] Failed to load resource: the server responded with a status of 404 (Not Found) @ http://localhost:3001/avatar.jpg:0
[  256387ms] [INFO] %cDownload the React DevTools for a better development experience: https://react.dev/link/react-devtools font-weight:bold @ http://localhost:3001/_next/static/chunks/b2b3e_next_dist_77a734fe._.js:2297
[  256414ms] [LOG] [HMR] connected @ http://localhost:3001/_next/static/chunks/b2b3e_next_dist_77a734fe._.js:2297
[  256535ms] [LOG] [Fast Refresh] rebuilding @ http://localhost:3001/_next/static/chunks/b2b3e_next_dist_77a734fe._.js:2297
[  256816ms] [ERROR] Failed to load resource: the server responded with a status of 404 (Not Found) @ http://localhost:3001/avatar.jpg:0
[  256882ms] [INFO] %cDownload the React DevTools for a better development experience: https://react.dev/link/react-devtools font-weight:bold @ http://localhost:3001/_next/static/chunks/b2b3e_next_dist_77a734fe._.js:2297
[  256906ms] [LOG] [HMR] connected @ http://localhost:3001/_next/static/chunks/b2b3e_next_dist_77a734fe._.js:2297
[  257020ms] [LOG] [Fast Refresh] rebuilding @ http://localhost:3001/_next/static/chunks/b2b3e_next_dist_77a734fe._.js:2297
[  257307ms] [ERROR] Failed to load resource: the server responded with a status of 404 (Not Found) @ http://localhost:3001/avatar.jpg:0
[  257366ms] [INFO] %cDownload the React DevTools for a better development experience: https://react.dev/link/react-devtools font-weight:bold @ http://localhost:3001/_next/static/chunks/b2b3e_next_dist_77a734fe._.js:2297
[  257386ms] [LOG] [HMR] connected @ http://localhost:3001/_next/static/chunks/b2b3e_next_dist_77a734fe._.js:2297
[  257526ms] [LOG] [Fast Refresh] rebuilding @ http://localhost:3001/_next/static/chunks/b2b3e_next_dist_77a734fe._.js:2297
[  257808ms] [ERROR] Failed to load resource: the server responded with a status of 404 (Not Found) @ http://localhost:3001/avatar.jpg:0
[  257872ms] [INFO] %cDownload the React DevTools for a better development experience: https://react.dev/link/react-devtools font-weight:bold @ http://localhost:3001/_next/static/chunks/b2b3e_next_dist_77a734fe._.js:2297
[  257896ms] [LOG] [HMR] connected @ http://localhost:3001/_next/static/chunks/b2b3e_next_dist_77a734fe._.js:2297
[  258011ms] [LOG] [Fast Refresh] rebuilding @ http://localhost:3001/_next/static/chunks/b2b3e_next_dist_77a734fe._.js:2297
[  258296ms] [ERROR] Failed to load resource: the server responded with a status of 404 (Not Found) @ http://localhost:3001/avatar.jpg:0
[  258357ms] [INFO] %cDownload the React DevTools for a better development experience: https://react.dev/link/react-devtools font-weight:bold @ http://localhost:3001/_next/static/chunks/b2b3e_next_dist_77a734fe._.js:2297
[  258382ms] [LOG] [HMR] connected @ http://localhost:3001/_next/static/chunks/b2b3e_next_dist_77a734fe._.js:2297
[  258505ms] [LOG] [Fast Refresh] rebuilding @ http://localhost:3001/_next/static/chunks/b2b3e_next_dist_77a734fe._.js:2297
[  258798ms] [ERROR] Failed to load resource: the server responded with a status of 404 (Not Found) @ http://localhost:3001/avatar.jpg:0
[  258852ms] [INFO] %cDownload the React DevTools for a better development experience: https://react.dev/link/react-devtools font-weight:bold @ http://localhost:3001/_next/static/chunks/b2b3e_next_dist_77a734fe._.js:2297
[  258870ms] [LOG] [HMR] connected @ http://localhost:3001/_next/static/chunks/b2b3e_next_dist_77a734fe._.js:2297
[  259002ms] [LOG] [Fast Refresh] rebuilding @ http://localhost:3001/_next/static/chunks/b2b3e_next_dist_77a734fe._.js:2297
[  259286ms] [ERROR] Failed to load resource: the server responded with a status of 404 (Not Found) @ http://localhost:3001/avatar.jpg:0
[  259356ms] [INFO] %cDownload the React DevTools for a better development experience: https://react.dev/link/react-devtools font-weight:bold @ http://localhost:3001/_next/static/chunks/b2b3e_next_dist_77a734fe._.js:2297
[  259379ms] [LOG] [HMR] connected @ http://localhost:3001/_next/static/chunks/b2b3e_next_dist_77a734fe._.js:2297
[  259496ms] [LOG] [Fast Refresh] rebuilding @ http://localhost:3001/_next/static/chunks/b2b3e_next_dist_77a734fe._.js:2297
[  259788ms] [ERROR] Failed to load resource: the server responded with a status of 404 (Not Found) @ http://localhost:3001/avatar.jpg:0
[  259844ms] [INFO] %cDownload the React DevTools for a better development experience: https://react.dev/link/react-devtools font-weight:bold @ http://localhost:3001/_next/static/chunks/b2b3e_next_dist_77a734fe._.js:2297
[  259870ms] [LOG] [HMR] connected @ http://localhost:3001/_next/static/chunks/b2b3e_next_dist_77a734fe._.js:2297
[  260003ms] [LOG] [Fast Refresh] rebuilding @ http://localhost:3001/_next/static/chunks/b2b3e_next_dist_77a734fe._.js:2297
[  260291ms] [ERROR] Failed to load resource: the server responded with a status of 404 (Not Found) @ http://localhost:3001/avatar.jpg:0
[  260350ms] [INFO] %cDownload the React DevTools for a better development experience: https://react.dev/link/react-devtools font-weight:bold @ http://localhost:3001/_next/static/chunks/b2b3e_next_dist_77a734fe._.js:2297
[  260373ms] [LOG] [HMR] connected @ http://localhost:3001/_next/static/chunks/b2b3e_next_dist_77a734fe._.js:2297
[  260496ms] [LOG] [Fast Refresh] rebuilding @ http://localhost:3001/_next/static/chunks/b2b3e_next_dist_77a734fe._.js:2297
[  260792ms] [ERROR] Failed to load resource: the server responded with a status of 404 (Not Found) @ http://localhost:3001/avatar.jpg:0
[  260854ms] [INFO] %cDownload the React DevTools for a better development experience: https://react.dev/link/react-devtools font-weight:bold @ http://localhost:3001/_next/static/chunks/b2b3e_next_dist_77a734fe._.js:2297
[  260876ms] [LOG] [HMR] connected @ http://localhost:3001/_next/static/chunks/b2b3e_next_dist_77a734fe._.js:2297
[  261003ms] [LOG] [Fast Refresh] rebuilding @ http://localhost:3001/_next/static/chunks/b2b3e_next_dist_77a734fe._.js:2297
[  261290ms] [ERROR] Failed to load resource: the server responded with a status of 404 (Not Found) @ http://localhost:3001/avatar.jpg:0
[  261352ms] [INFO] %cDownload the React DevTools for a better development experience: https://react.dev/link/react-devtools font-weight:bold @ http://localhost:3001/_next/static/chunks/b2b3e_next_dist_77a734fe._.js:2297
[  261367ms] [LOG] [HMR] connected @ http://localhost:3001/_next/static/chunks/b2b3e_next_dist_77a734fe._.js:2297
[  261499ms] [LOG] [Fast Refresh] rebuilding @ http://localhost:3001/_next/static/chunks/b2b3e_next_dist_77a734fe._.js:2297
[  261781ms] [ERROR] Failed to load resource: the server responded with a status of 404 (Not Found) @ http://localhost:3001/avatar.jpg:0
[  261840ms] [INFO] %cDownload the React DevTools for a better development experience: https://react.dev/link/react-devtools font-weight:bold @ http://localhost:3001/_next/static/chunks/b2b3e_next_dist_77a734fe._.js:2297
[  261863ms] [LOG] [HMR] connected @ http://localhost:3001/_next/static/chunks/b2b3e_next_dist_77a734fe._.js:2297
[  261996ms] [LOG] [Fast Refresh] rebuilding @ http://localhost:3001/_next/static/chunks/b2b3e_next_dist_77a734fe._.js:2297
[  262315ms] [ERROR] Failed to load resource: the server responded with a status of 404 (Not Found) @ http://localhost:3001/avatar.jpg:0
[  262383ms] [INFO] %cDownload the React DevTools for a better development experience: https://react.dev/link/react-devtools font-weight:bold @ http://localhost:3001/_next/static/chunks/b2b3e_next_dist_77a734fe._.js:2297
[  262406ms] [LOG] [HMR] connected @ http://localhost:3001/_next/static/chunks/b2b3e_next_dist_77a734fe._.js:2297
[  262541ms] [LOG] [Fast Refresh] rebuilding @ http://localhost:3001/_next/static/chunks/b2b3e_next_dist_77a734fe._.js:2297
[  262836ms] [ERROR] Failed to load resource: the server responded with a status of 404 (Not Found) @ http://localhost:3001/avatar.jpg:0
[  262897ms] [INFO] %cDownload the React DevTools for a better development experience: https://react.dev/link/react-devtools font-weight:bold @ http://localhost:3001/_next/static/chunks/b2b3e_next_dist_77a734fe._.js:2297
[  262920ms] [LOG] [HMR] connected @ http://localhost:3001/_next/static/chunks/b2b3e_next_dist_77a734fe._.js:2297
[  263067ms] [LOG] [Fast Refresh] rebuilding @ http://localhost:3001/_next/static/chunks/b2b3e_next_dist_77a734fe._.js:2297
[  265145ms] [ERROR] Failed to load resource: the server responded with a status of 404 (Not Found) @ http://localhost:3001/avatar.jpg:0
[  265337ms] [INFO] %cDownload the React DevTools for a better development experience: https://react.dev/link/react-devtools font-weight:bold @ http://localhost:3001/_next/static/chunks/b2b3e_next_dist_77a734fe._.js:2297
[  265354ms] [LOG] [HMR] connected @ http://localhost:3001/_next/static/chunks/b2b3e_next_dist_77a734fe._.js:2297
[  265719ms] [LOG] [Fast Refresh] rebuilding @ http://localhost:3001/_next/static/chunks/b2b3e_next_dist_77a734fe._.js:2297
[  266036ms] [ERROR] Failed to load resource: the server responded with a status of 404 (Not Found) @ http://localhost:3001/avatar.jpg:0
[  266098ms] [INFO] %cDownload the React DevTools for a better development experience: https://react.dev/link/react-devtools font-weight:bold @ http://localhost:3001/_next/static/chunks/b2b3e_next_dist_77a734fe._.js:2297
[  266133ms] [LOG] [HMR] connected @ http://localhost:3001/_next/static/chunks/b2b3e_next_dist_77a734fe._.js:2297
[  266246ms] [LOG] [Fast Refresh] rebuilding @ http://localhost:3001/_next/static/chunks/b2b3e_next_dist_77a734fe._.js:2297
[  266557ms] [ERROR] Failed to load resource: the server responded with a status of 404 (Not Found) @ http://localhost:3001/avatar.jpg:0
[  266617ms] [INFO] %cDownload the React DevTools for a better development experience: https://react.dev/link/react-devtools font-weight:bold @ http://localhost:3001/_next/static/chunks/b2b3e_next_dist_77a734fe._.js:2297
[  266649ms] [LOG] [HMR] connected @ http://localhost:3001/_next/static/chunks/b2b3e_next_dist_77a734fe._.js:2297
[  266775ms] [LOG] [Fast Refresh] rebuilding @ http://localhost:3001/_next/static/chunks/b2b3e_next_dist_77a734fe._.js:2297
[  267087ms] [ERROR] Failed to load resource: the server responded with a status of 404 (Not Found) @ http://localhost:3001/avatar.jpg:0
[  267163ms] [INFO] %cDownload the React DevTools for a better development experience: https://react.dev/link/react-devtools font-weight:bold @ http://localhost:3001/_next/static/chunks/b2b3e_next_dist_77a734fe._.js:2297
[  267186ms] [LOG] [HMR] connected @ http://localhost:3001/_next/static/chunks/b2b3e_next_dist_77a734fe._.js:2297
[  267307ms] [LOG] [Fast Refresh] rebuilding @ http://localhost:3001/_next/static/chunks/b2b3e_next_dist_77a734fe._.js:2297
[  267617ms] [ERROR] Failed to load resource: the server responded with a status of 404 (Not Found) @ http://localhost:3001/avatar.jpg:0
[  267682ms] [INFO] %cDownload the React DevTools for a better development experience: https://react.dev/link/react-devtools font-weight:bold @ http://localhost:3001/_next/static/chunks/b2b3e_next_dist_77a734fe._.js:2297
[  267706ms] [LOG] [HMR] connected @ http://localhost:3001/_next/static/chunks/b2b3e_next_dist_77a734fe._.js:2297
[  267828ms] [LOG] [Fast Refresh] rebuilding @ http://localhost:3001/_next/static/chunks/b2b3e_next_dist_77a734fe._.js:2297
[  268027ms] [ERROR] Failed to load resource: the server responded with a status of 404 (Not Found) @ http://localhost:3001/avatar.jpg:0
[  268104ms] [INFO] %cDownload the React DevTools for a better development experience: https://react.dev/link/react-devtools font-weight:bold @ http://localhost:3001/_next/static/chunks/b2b3e_next_dist_77a734fe._.js:2297
[  268128ms] [LOG] [HMR] connected @ http://localhost:3001/_next/static/chunks/b2b3e_next_dist_77a734fe._.js:2297
[  268271ms] [LOG] [Fast Refresh] rebuilding @ http://localhost:3001/_next/static/chunks/b2b3e_next_dist_77a734fe._.js:2297
[  268598ms] [ERROR] Failed to load resource: the server responded with a status of 404 (Not Found) @ http://localhost:3001/avatar.jpg:0
[  268692ms] [INFO] %cDownload the React DevTools for a better development experience: https://react.dev/link/react-devtools font-weight:bold @ http://localhost:3001/_next/static/chunks/b2b3e_next_dist_77a734fe._.js:2297
[  268711ms] [LOG] [HMR] connected @ http://localhost:3001/_next/static/chunks/b2b3e_next_dist_77a734fe._.js:2297
[  268837ms] [LOG] [Fast Refresh] rebuilding @ http://localhost:3001/_next/static/chunks/b2b3e_next_dist_77a734fe._.js:2297
[  269131ms] [ERROR] Failed to load resource: the server responded with a status of 404 (Not Found) @ http://localhost:3001/avatar.jpg:0
[  269198ms] [INFO] %cDownload the React DevTools for a better development experience: https://react.dev/link/react-devtools font-weight:bold @ http://localhost:3001/_next/static/chunks/b2b3e_next_dist_77a734fe._.js:2297
[  269231ms] [LOG] [HMR] connected @ http://localhost:3001/_next/static/chunks/b2b3e_next_dist_77a734fe._.js:2297
[  269358ms] [LOG] [Fast Refresh] rebuilding @ http://localhost:3001/_next/static/chunks/b2b3e_next_dist_77a734fe._.js:2297
[  269939ms] [ERROR] Failed to load resource: the server responded with a status of 404 (Not Found) @ http://localhost:3001/avatar.jpg:0
[  270002ms] [INFO] %cDownload the React DevTools for a better development experience: https://react.dev/link/react-devtools font-weight:bold @ http://localhost:3001/_next/static/chunks/b2b3e_next_dist_77a734fe._.js:2297
[  270038ms] [LOG] [HMR] connected @ http://localhost:3001/_next/static/chunks/b2b3e_next_dist_77a734fe._.js:2297
[  270157ms] [LOG] [Fast Refresh] rebuilding @ http://localhost:3001/_next/static/chunks/b2b3e_next_dist_77a734fe._.js:2297
[  270462ms] [ERROR] Failed to load resource: the server responded with a status of 404 (Not Found) @ http://localhost:3001/avatar.jpg:0
[  270524ms] [INFO] %cDownload the React DevTools for a better development experience: https://react.dev/link/react-devtools font-weight:bold @ http://localhost:3001/_next/static/chunks/b2b3e_next_dist_77a734fe._.js:2297
[  270549ms] [LOG] [HMR] connected @ http://localhost:3001/_next/static/chunks/b2b3e_next_dist_77a734fe._.js:2297
[  270669ms] [LOG] [Fast Refresh] rebuilding @ http://localhost:3001/_next/static/chunks/b2b3e_next_dist_77a734fe._.js:2297
[  270968ms] [ERROR] Failed to load resource: the server responded with a status of 404 (Not Found) @ http://localhost:3001/avatar.jpg:0
[  271025ms] [INFO] %cDownload the React DevTools for a better development experience: https://react.dev/link/react-devtools font-weight:bold @ http://localhost:3001/_next/static/chunks/b2b3e_next_dist_77a734fe._.js:2297
[  271047ms] [LOG] [HMR] connected @ http://localhost:3001/_next/static/chunks/b2b3e_next_dist_77a734fe._.js:2297
[  271199ms] [LOG] [Fast Refresh] rebuilding @ http://localhost:3001/_next/static/chunks/b2b3e_next_dist_77a734fe._.js:2297
[  271540ms] [ERROR] Failed to load resource: the server responded with a status of 404 (Not Found) @ http://localhost:3001/avatar.jpg:0
[  271597ms] [INFO] %cDownload the React DevTools for a better development experience: https://react.dev/link/react-devtools font-weight:bold @ http://localhost:3001/_next/static/chunks/b2b3e_next_dist_77a734fe._.js:2297
[  271621ms] [LOG] [HMR] connected @ http://localhost:3001/_next/static/chunks/b2b3e_next_dist_77a734fe._.js:2297
[  271833ms] [LOG] [Fast Refresh] rebuilding @ http://localhost:3001/_next/static/chunks/b2b3e_next_dist_77a734fe._.js:2297
[  272390ms] [ERROR] Failed to load resource: the server responded with a status of 404 (Not Found) @ http://localhost:3001/avatar.jpg:0
[  272502ms] [INFO] %cDownload the React DevTools for a better development experience: https://react.dev/link/react-devtools font-weight:bold @ http://localhost:3001/_next/static/chunks/b2b3e_next_dist_77a734fe._.js:2297
[  272543ms] [LOG] [HMR] connected @ http://localhost:3001/_next/static/chunks/b2b3e_next_dist_77a734fe._.js:2297
[  272665ms] [LOG] [Fast Refresh] rebuilding @ http://localhost:3001/_next/static/chunks/b2b3e_next_dist_77a734fe._.js:2297
[  272986ms] [ERROR] Failed to load resource: the server responded with a status of 404 (Not Found) @ http://localhost:3001/avatar.jpg:0
[  273042ms] [INFO] %cDownload the React DevTools for a better development experience: https://react.dev/link/react-devtools font-weight:bold @ http://localhost:3001/_next/static/chunks/b2b3e_next_dist_77a734fe._.js:2297
[  273068ms] [LOG] [HMR] connected @ http://localhost:3001/_next/static/chunks/b2b3e_next_dist_77a734fe._.js:2297
[  273214ms] [LOG] [Fast Refresh] rebuilding @ http://localhost:3001/_next/static/chunks/b2b3e_next_dist_77a734fe._.js:2297
[  273536ms] [ERROR] Failed to load resource: the server responded with a status of 404 (Not Found) @ http://localhost:3001/avatar.jpg:0
[  273603ms] [INFO] %cDownload the React DevTools for a better development experience: https://react.dev/link/react-devtools font-weight:bold @ http://localhost:3001/_next/static/chunks/b2b3e_next_dist_77a734fe._.js:2297
[  273629ms] [LOG] [HMR] connected @ http://localhost:3001/_next/static/chunks/b2b3e_next_dist_77a734fe._.js:2297
[  273868ms] [LOG] [Fast Refresh] rebuilding @ http://localhost:3001/_next/static/chunks/b2b3e_next_dist_77a734fe._.js:2297
[  274221ms] [ERROR] Failed to load resource: the server responded with a status of 404 (Not Found) @ http://localhost:3001/avatar.jpg:0
[  274293ms] [INFO] %cDownload the React DevTools for a better development experience: https://react.dev/link/react-devtools font-weight:bold @ http://localhost:3001/_next/static/chunks/b2b3e_next_dist_77a734fe._.js:2297
[  274311ms] [LOG] [HMR] connected @ http://localhost:3001/_next/static/chunks/b2b3e_next_dist_77a734fe._.js:2297
[  274479ms] [LOG] [Fast Refresh] rebuilding @ http://localhost:3001/_next/static/chunks/b2b3e_next_dist_77a734fe._.js:2297
[  274786ms] [ERROR] Failed to load resource: the server responded with a status of 404 (Not Found) @ http://localhost:3001/avatar.jpg:0
[  274858ms] [INFO] %cDownload the React DevTools for a better development experience: https://react.dev/link/react-devtools font-weight:bold @ http://localhost:3001/_next/static/chunks/b2b3e_next_dist_77a734fe._.js:2297
[  274881ms] [LOG] [HMR] connected @ http://localhost:3001/_next/static/chunks/b2b3e_next_dist_77a734fe._.js:2297
[  275019ms] [LOG] [Fast Refresh] rebuilding @ http://localhost:3001/_next/static/chunks/b2b3e_next_dist_77a734fe._.js:2297
[  275336ms] [ERROR] Failed to load resource: the server responded with a status of 404 (Not Found) @ http://localhost:3001/avatar.jpg:0
[  275406ms] [INFO] %cDownload the React DevTools for a better development experience: https://react.dev/link/react-devtools font-weight:bold @ http://localhost:3001/_next/static/chunks/b2b3e_next_dist_77a734fe._.js:2297
[  275427ms] [LOG] [HMR] connected @ http://localhost:3001/_next/static/chunks/b2b3e_next_dist_77a734fe._.js:2297
[  275571ms] [LOG] [Fast Refresh] rebuilding @ http://localhost:3001/_next/static/chunks/b2b3e_next_dist_77a734fe._.js:2297
[  276191ms] [ERROR] Failed to load resource: the server responded with a status of 404 (Not Found) @ http://localhost:3001/avatar.jpg:0
[  276291ms] [INFO] %cDownload the React DevTools for a better development experience: https://react.dev/link/react-devtools font-weight:bold @ http://localhost:3001/_next/static/chunks/b2b3e_next_dist_77a734fe._.js:2297
[  276312ms] [LOG] [HMR] connected @ http://localhost:3001/_next/static/chunks/b2b3e_next_dist_77a734fe._.js:2297
[  276549ms] [LOG] [Fast Refresh] rebuilding @ http://localhost:3001/_next/static/chunks/b2b3e_next_dist_77a734fe._.js:2297
[  276884ms] [ERROR] Failed to load resource: the server responded with a status of 404 (Not Found) @ http://localhost:3001/avatar.jpg:0
[  276954ms] [INFO] %cDownload the React DevTools for a better development experience: https://react.dev/link/react-devtools font-weight:bold @ http://localhost:3001/_next/static/chunks/b2b3e_next_dist_77a734fe._.js:2297
[  276969ms] [LOG] [HMR] connected @ http://localhost:3001/_next/static/chunks/b2b3e_next_dist_77a734fe._.js:2297
[  277126ms] [LOG] [Fast Refresh] rebuilding @ http://localhost:3001/_next/static/chunks/b2b3e_next_dist_77a734fe._.js:2297
[  277435ms] [ERROR] Failed to load resource: the server responded with a status of 404 (Not Found) @ http://localhost:3001/avatar.jpg:0
[  277508ms] [INFO] %cDownload the React DevTools for a better development experience: https://react.dev/link/react-devtools font-weight:bold @ http://localhost:3001/_next/static/chunks/b2b3e_next_dist_77a734fe._.js:2297
[  277527ms] [LOG] [HMR] connected @ http://localhost:3001/_next/static/chunks/b2b3e_next_dist_77a734fe._.js:2297
[  277732ms] [LOG] [Fast Refresh] rebuilding @ http://localhost:3001/_next/static/chunks/b2b3e_next_dist_77a734fe._.js:2297
[  278170ms] [ERROR] Failed to load resource: the server responded with a status of 404 (Not Found) @ http://localhost:3001/avatar.jpg:0
[  278240ms] [INFO] %cDownload the React DevTools for a better development experience: https://react.dev/link/react-devtools font-weight:bold @ http://localhost:3001/_next/static/chunks/b2b3e_next_dist_77a734fe._.js:2297
[  278259ms] [LOG] [HMR] connected @ http://localhost:3001/_next/static/chunks/b2b3e_next_dist_77a734fe._.js:2297
[  278450ms] [LOG] [Fast Refresh] rebuilding @ http://localhost:3001/_next/static/chunks/b2b3e_next_dist_77a734fe._.js:2297
[  278785ms] [ERROR] Failed to load resource: the server responded with a status of 404 (Not Found) @ http://localhost:3001/avatar.jpg:0
[  278855ms] [INFO] %cDownload the React DevTools for a better development experience: https://react.dev/link/react-devtools font-weight:bold @ http://localhost:3001/_next/static/chunks/b2b3e_next_dist_77a734fe._.js:2297
[  278880ms] [LOG] [HMR] connected @ http://localhost:3001/_next/static/chunks/b2b3e_next_dist_77a734fe._.js:2297
[  279039ms] [LOG] [Fast Refresh] rebuilding @ http://localhost:3001/_next/static/chunks/b2b3e_next_dist_77a734fe._.js:2297
[  279324ms] [ERROR] Failed to load resource: the server responded with a status of 404 (Not Found) @ http://localhost:3001/avatar.jpg:0
[  279377ms] [INFO] %cDownload the React DevTools for a better development experience: https://react.dev/link/react-devtools font-weight:bold @ http://localhost:3001/_next/static/chunks/b2b3e_next_dist_77a734fe._.js:2297
[  279399ms] [LOG] [HMR] connected @ http://localhost:3001/_next/static/chunks/b2b3e_next_dist_77a734fe._.js:2297
[  279538ms] [LOG] [Fast Refresh] rebuilding @ http://localhost:3001/_next/static/chunks/b2b3e_next_dist_77a734fe._.js:2297
[  279836ms] [ERROR] Failed to load resource: the server responded with a status of 404 (Not Found) @ http://localhost:3001/avatar.jpg:0
[  279893ms] [INFO] %cDownload the React DevTools for a better development experience: https://react.dev/link/react-devtools font-weight:bold @ http://localhost:3001/_next/static/chunks/b2b3e_next_dist_77a734fe._.js:2297
[  279917ms] [LOG] [HMR] connected @ http://localhost:3001/_next/static/chunks/b2b3e_next_dist_77a734fe._.js:2297
[  280044ms] [LOG] [Fast Refresh] rebuilding @ http://localhost:3001/_next/static/chunks/b2b3e_next_dist_77a734fe._.js:2297
[  280353ms] [ERROR] Failed to load resource: the server responded with a status of 404 (Not Found) @ http://localhost:3001/avatar.jpg:0
[  280415ms] [INFO] %cDownload the React DevTools for a better development experience: https://react.dev/link/react-devtools font-weight:bold @ http://localhost:3001/_next/static/chunks/b2b3e_next_dist_77a734fe._.js:2297
[  280438ms] [LOG] [HMR] connected @ http://localhost:3001/_next/static/chunks/b2b3e_next_dist_77a734fe._.js:2297
[  280558ms] [LOG] [Fast Refresh] rebuilding @ http://localhost:3001/_next/static/chunks/b2b3e_next_dist_77a734fe._.js:2297
[  280860ms] [ERROR] Failed to load resource: the server responded with a status of 404 (Not Found) @ http://localhost:3001/avatar.jpg:0
[  280916ms] [INFO] %cDownload the React DevTools for a better development experience: https://react.dev/link/react-devtools font-weight:bold @ http://localhost:3001/_next/static/chunks/b2b3e_next_dist_77a734fe._.js:2297
[  280940ms] [LOG] [HMR] connected @ http://localhost:3001/_next/static/chunks/b2b3e_next_dist_77a734fe._.js:2297
[  281076ms] [LOG] [Fast Refresh] rebuilding @ http://localhost:3001/_next/static/chunks/b2b3e_next_dist_77a734fe._.js:2297
[  281409ms] [ERROR] Failed to load resource: the server responded with a status of 404 (Not Found) @ http://localhost:3001/avatar.jpg:0
[  281467ms] [INFO] %cDownload the React DevTools for a better development experience: https://react.dev/link/react-devtools font-weight:bold @ http://localhost:3001/_next/static/chunks/b2b3e_next_dist_77a734fe._.js:2297
[  281493ms] [LOG] [HMR] connected @ http://localhost:3001/_next/static/chunks/b2b3e_next_dist_77a734fe._.js:2297
[  281647ms] [LOG] [Fast Refresh] rebuilding @ http://localhost:3001/_next/static/chunks/b2b3e_next_dist_77a734fe._.js:2297
[  281968ms] [ERROR] Failed to load resource: the server responded with a status of 404 (Not Found) @ http://localhost:3001/avatar.jpg:0
[  282025ms] [INFO] %cDownload the React DevTools for a better development experience: https://react.dev/link/react-devtools font-weight:bold @ http://localhost:3001/_next/static/chunks/b2b3e_next_dist_77a734fe._.js:2297
[  282046ms] [LOG] [HMR] connected @ http://localhost:3001/_next/static/chunks/b2b3e_next_dist_77a734fe._.js:2297
[  282254ms] [LOG] [Fast Refresh] rebuilding @ http://localhost:3001/_next/static/chunks/b2b3e_next_dist_77a734fe._.js:2297
[  282534ms] [ERROR] Failed to load resource: the server responded with a status of 404 (Not Found) @ http://localhost:3001/avatar.jpg:0
[  282591ms] [INFO] %cDownload the React DevTools for a better development experience: https://react.dev/link/react-devtools font-weight:bold @ http://localhost:3001/_next/static/chunks/b2b3e_next_dist_77a734fe._.js:2297
[  282616ms] [LOG] [HMR] connected @ http://localhost:3001/_next/static/chunks/b2b3e_next_dist_77a734fe._.js:2297
[  282738ms] [LOG] [Fast Refresh] rebuilding @ http://localhost:3001/_next/static/chunks/b2b3e_next_dist_77a734fe._.js:2297
[  283047ms] [ERROR] Failed to load resource: the server responded with a status of 404 (Not Found) @ http://localhost:3001/avatar.jpg:0
[  283117ms] [INFO] %cDownload the React DevTools for a better development experience: https://react.dev/link/react-devtools font-weight:bold @ http://localhost:3001/_next/static/chunks/b2b3e_next_dist_77a734fe._.js:2297
[  283141ms] [LOG] [HMR] connected @ http://localhost:3001/_next/static/chunks/b2b3e_next_dist_77a734fe._.js:2297
[  283359ms] [LOG] [Fast Refresh] rebuilding @ http://localhost:3001/_next/static/chunks/b2b3e_next_dist_77a734fe._.js:2297
[  283672ms] [ERROR] Failed to load resource: the server responded with a status of 404 (Not Found) @ http://localhost:3001/avatar.jpg:0
[  283729ms] [INFO] %cDownload the React DevTools for a better development experience: https://react.dev/link/react-devtools font-weight:bold @ http://localhost:3001/_next/static/chunks/b2b3e_next_dist_77a734fe._.js:2297
[  283745ms] [LOG] [HMR] connected @ http://localhost:3001/_next/static/chunks/b2b3e_next_dist_77a734fe._.js:2297
[  283884ms] [LOG] [Fast Refresh] rebuilding @ http://localhost:3001/_next/static/chunks/b2b3e_next_dist_77a734fe._.js:2297
[  284211ms] [ERROR] Failed to load resource: the server responded with a status of 404 (Not Found) @ http://localhost:3001/avatar.jpg:0
[  284263ms] [INFO] %cDownload the React DevTools for a better development experience: https://react.dev/link/react-devtools font-weight:bold @ http://localhost:3001/_next/static/chunks/b2b3e_next_dist_77a734fe._.js:2297
[  284289ms] [LOG] [HMR] connected @ http://localhost:3001/_next/static/chunks/b2b3e_next_dist_77a734fe._.js:2297
[  284531ms] [LOG] [Fast Refresh] rebuilding @ http://localhost:3001/_next/static/chunks/b2b3e_next_dist_77a734fe._.js:2297
[  284917ms] [ERROR] Failed to load resource: the server responded with a status of 404 (Not Found) @ http://localhost:3001/avatar.jpg:0
[  284980ms] [INFO] %cDownload the React DevTools for a better development experience: https://react.dev/link/react-devtools font-weight:bold @ http://localhost:3001/_next/static/chunks/b2b3e_next_dist_77a734fe._.js:2297
[  285002ms] [LOG] [HMR] connected @ http://localhost:3001/_next/static/chunks/b2b3e_next_dist_77a734fe._.js:2297
[  285124ms] [LOG] [Fast Refresh] rebuilding @ http://localhost:3001/_next/static/chunks/b2b3e_next_dist_77a734fe._.js:2297
[  285461ms] [ERROR] Failed to load resource: the server responded with a status of 404 (Not Found) @ http://localhost:3001/avatar.jpg:0
[  285526ms] [INFO] %cDownload the React DevTools for a better development experience: https://react.dev/link/react-devtools font-weight:bold @ http://localhost:3001/_next/static/chunks/b2b3e_next_dist_77a734fe._.js:2297
[  285549ms] [LOG] [HMR] connected @ http://localhost:3001/_next/static/chunks/b2b3e_next_dist_77a734fe._.js:2297
[  285728ms] [LOG] [Fast Refresh] rebuilding @ http://localhost:3001/_next/static/chunks/b2b3e_next_dist_77a734fe._.js:2297
[  286012ms] [ERROR] Failed to load resource: the server responded with a status of 404 (Not Found) @ http://localhost:3001/avatar.jpg:0
[  286068ms] [INFO] %cDownload the React DevTools for a better development experience: https://react.dev/link/react-devtools font-weight:bold @ http://localhost:3001/_next/static/chunks/b2b3e_next_dist_77a734fe._.js:2297
[  286083ms] [LOG] [HMR] connected @ http://localhost:3001/_next/static/chunks/b2b3e_next_dist_77a734fe._.js:2297
[  286230ms] [LOG] [Fast Refresh] rebuilding @ http://localhost:3001/_next/static/chunks/b2b3e_next_dist_77a734fe._.js:2297
[  286516ms] [ERROR] Failed to load resource: the server responded with a status of 404 (Not Found) @ http://localhost:3001/avatar.jpg:0
[  286577ms] [INFO] %cDownload the React DevTools for a better development experience: https://react.dev/link/react-devtools font-weight:bold @ http://localhost:3001/_next/static/chunks/b2b3e_next_dist_77a734fe._.js:2297
[  286597ms] [LOG] [HMR] connected @ http://localhost:3001/_next/static/chunks/b2b3e_next_dist_77a734fe._.js:2297
[  286789ms] [LOG] [Fast Refresh] rebuilding @ http://localhost:3001/_next/static/chunks/b2b3e_next_dist_77a734fe._.js:2297
[  287064ms] [ERROR] Failed to load resource: the server responded with a status of 404 (Not Found) @ http://localhost:3001/avatar.jpg:0
[  287125ms] [INFO] %cDownload the React DevTools for a better development experience: https://react.dev/link/react-devtools font-weight:bold @ http://localhost:3001/_next/static/chunks/b2b3e_next_dist_77a734fe._.js:2297
[  287148ms] [LOG] [HMR] connected @ http://localhost:3001/_next/static/chunks/b2b3e_next_dist_77a734fe._.js:2297
[  287283ms] [LOG] [Fast Refresh] rebuilding @ http://localhost:3001/_next/static/chunks/b2b3e_next_dist_77a734fe._.js:2297
[  287558ms] [ERROR] Failed to load resource: the server responded with a status of 404 (Not Found) @ http://localhost:3001/avatar.jpg:0
[  287615ms] [INFO] %cDownload the React DevTools for a better development experience: https://react.dev/link/react-devtools font-weight:bold @ http://localhost:3001/_next/static/chunks/b2b3e_next_dist_77a734fe._.js:2297
[  287640ms] [LOG] [HMR] connected @ http://localhost:3001/_next/static/chunks/b2b3e_next_dist_77a734fe._.js:2297
[  287814ms] [LOG] [Fast Refresh] rebuilding @ http://localhost:3001/_next/static/chunks/b2b3e_next_dist_77a734fe._.js:2297
[  288090ms] [ERROR] Failed to load resource: the server responded with a status of 404 (Not Found) @ http://localhost:3001/avatar.jpg:0
[  288152ms] [INFO] %cDownload the React DevTools for a better development experience: https://react.dev/link/react-devtools font-weight:bold @ http://localhost:3001/_next/static/chunks/b2b3e_next_dist_77a734fe._.js:2297
[  288175ms] [LOG] [HMR] connected @ http://localhost:3001/_next/static/chunks/b2b3e_next_dist_77a734fe._.js:2297
[  288312ms] [LOG] [Fast Refresh] rebuilding @ http://localhost:3001/_next/static/chunks/b2b3e_next_dist_77a734fe._.js:2297
[  288590ms] [ERROR] Failed to load resource: the server responded with a status of 404 (Not Found) @ http://localhost:3001/avatar.jpg:0
[  288648ms] [INFO] %cDownload the React DevTools for a better development experience: https://react.dev/link/react-devtools font-weight:bold @ http://localhost:3001/_next/static/chunks/b2b3e_next_dist_77a734fe._.js:2297
[  288676ms] [LOG] [HMR] connected @ http://localhost:3001/_next/static/chunks/b2b3e_next_dist_77a734fe._.js:2297
[  288840ms] [LOG] [Fast Refresh] rebuilding @ http://localhost:3001/_next/static/chunks/b2b3e_next_dist_77a734fe._.js:2297
[  289123ms] [ERROR] Failed to load resource: the server responded with a status of 404 (Not Found) @ http://localhost:3001/avatar.jpg:0
[  289184ms] [INFO] %cDownload the React DevTools for a better development experience: https://react.dev/link/react-devtools font-weight:bold @ http://localhost:3001/_next/static/chunks/b2b3e_next_dist_77a734fe._.js:2297
[  289209ms] [LOG] [HMR] connected @ http://localhost:3001/_next/static/chunks/b2b3e_next_dist_77a734fe._.js:2297
[  289321ms] [LOG] [Fast Refresh] rebuilding @ http://localhost:3001/_next/static/chunks/b2b3e_next_dist_77a734fe._.js:2297
[  289609ms] [ERROR] Failed to load resource: the server responded with a status of 404 (Not Found) @ http://localhost:3001/avatar.jpg:0
[  289674ms] [INFO] %cDownload the React DevTools for a better development experience: https://react.dev/link/react-devtools font-weight:bold @ http://localhost:3001/_next/static/chunks/b2b3e_next_dist_77a734fe._.js:2297
[  289695ms] [LOG] [HMR] connected @ http://localhost:3001/_next/static/chunks/b2b3e_next_dist_77a734fe._.js:2297
[  289865ms] [LOG] [Fast Refresh] rebuilding @ http://localhost:3001/_next/static/chunks/b2b3e_next_dist_77a734fe._.js:2297
[  290133ms] [ERROR] Failed to load resource: the server responded with a status of 404 (Not Found) @ http://localhost:3001/avatar.jpg:0
[  290195ms] [INFO] %cDownload the React DevTools for a better development experience: https://react.dev/link/react-devtools font-weight:bold @ http://localhost:3001/_next/static/chunks/b2b3e_next_dist_77a734fe._.js:2297
[  290220ms] [LOG] [HMR] connected @ http://localhost:3001/_next/static/chunks/b2b3e_next_dist_77a734fe._.js:2297
[  290352ms] [LOG] [Fast Refresh] rebuilding @ http://localhost:3001/_next/static/chunks/b2b3e_next_dist_77a734fe._.js:2297
[  290641ms] [ERROR] Failed to load resource: the server responded with a status of 404 (Not Found) @ http://localhost:3001/avatar.jpg:0
[  290702ms] [INFO] %cDownload the React DevTools for a better development experience: https://react.dev/link/react-devtools font-weight:bold @ http://localhost:3001/_next/static/chunks/b2b3e_next_dist_77a734fe._.js:2297
[  290718ms] [LOG] [HMR] connected @ http://localhost:3001/_next/static/chunks/b2b3e_next_dist_77a734fe._.js:2297
[  290905ms] [LOG] [Fast Refresh] rebuilding @ http://localhost:3001/_next/static/chunks/b2b3e_next_dist_77a734fe._.js:2297
[  291181ms] [ERROR] Failed to load resource: the server responded with a status of 404 (Not Found) @ http://localhost:3001/avatar.jpg:0
[  291250ms] [INFO] %cDownload the React DevTools for a better development experience: https://react.dev/link/react-devtools font-weight:bold @ http://localhost:3001/_next/static/chunks/b2b3e_next_dist_77a734fe._.js:2297
[  291274ms] [LOG] [HMR] connected @ http://localhost:3001/_next/static/chunks/b2b3e_next_dist_77a734fe._.js:2297
[  291401ms] [LOG] [Fast Refresh] rebuilding @ http://localhost:3001/_next/static/chunks/b2b3e_next_dist_77a734fe._.js:2297
[  291692ms] [ERROR] Failed to load resource: the server responded with a status of 404 (Not Found) @ http://localhost:3001/avatar.jpg:0
[  291747ms] [INFO] %cDownload the React DevTools for a better development experience: https://react.dev/link/react-devtools font-weight:bold @ http://localhost:3001/_next/static/chunks/b2b3e_next_dist_77a734fe._.js:2297
[  291769ms] [LOG] [HMR] connected @ http://localhost:3001/_next/static/chunks/b2b3e_next_dist_77a734fe._.js:2297
[  291950ms] [LOG] [Fast Refresh] rebuilding @ http://localhost:3001/_next/static/chunks/b2b3e_next_dist_77a734fe._.js:2297
[  292251ms] [ERROR] Failed to load resource: the server responded with a status of 404 (Not Found) @ http://localhost:3001/avatar.jpg:0
[  292311ms] [INFO] %cDownload the React DevTools for a better development experience: https://react.dev/link/react-devtools font-weight:bold @ http://localhost:3001/_next/static/chunks/b2b3e_next_dist_77a734fe._.js:2297
[  292333ms] [LOG] [HMR] connected @ http://localhost:3001/_next/static/chunks/b2b3e_next_dist_77a734fe._.js:2297
[  292458ms] [LOG] [Fast Refresh] rebuilding @ http://localhost:3001/_next/static/chunks/b2b3e_next_dist_77a734fe._.js:2297
[  292745ms] [ERROR] Failed to load resource: the server responded with a status of 404 (Not Found) @ http://localhost:3001/avatar.jpg:0
[  292805ms] [INFO] %cDownload the React DevTools for a better development experience: https://react.dev/link/react-devtools font-weight:bold @ http://localhost:3001/_next/static/chunks/b2b3e_next_dist_77a734fe._.js:2297
[  292827ms] [LOG] [HMR] connected @ http://localhost:3001/_next/static/chunks/b2b3e_next_dist_77a734fe._.js:2297
[  292984ms] [LOG] [Fast Refresh] rebuilding @ http://localhost:3001/_next/static/chunks/b2b3e_next_dist_77a734fe._.js:2297
[  293257ms] [ERROR] Failed to load resource: the server responded with a status of 404 (Not Found) @ http://localhost:3001/avatar.jpg:0
[  293348ms] [INFO] %cDownload the React DevTools for a better development experience: https://react.dev/link/react-devtools font-weight:bold @ http://localhost:3001/_next/static/chunks/b2b3e_next_dist_77a734fe._.js:2297
[  293367ms] [LOG] [HMR] connected @ http://localhost:3001/_next/static/chunks/b2b3e_next_dist_77a734fe._.js:2297
[  293505ms] [LOG] [Fast Refresh] rebuilding @ http://localhost:3001/_next/static/chunks/b2b3e_next_dist_77a734fe._.js:2297
[  293782ms] [ERROR] Failed to load resource: the server responded with a status of 404 (Not Found) @ http://localhost:3001/avatar.jpg:0
[  293846ms] [INFO] %cDownload the React DevTools for a better development experience: https://react.dev/link/react-devtools font-weight:bold @ http://localhost:3001/_next/static/chunks/b2b3e_next_dist_77a734fe._.js:2297
[  293869ms] [LOG] [HMR] connected @ http://localhost:3001/_next/static/chunks/b2b3e_next_dist_77a734fe._.js:2297
[  294013ms] [LOG] [Fast Refresh] rebuilding @ http://localhost:3001/_next/static/chunks/b2b3e_next_dist_77a734fe._.js:2297
[  294309ms] [ERROR] Failed to load resource: the server responded with a status of 404 (Not Found) @ http://localhost:3001/avatar.jpg:0
[  294365ms] [INFO] %cDownload the React DevTools for a better development experience: https://react.dev/link/react-devtools font-weight:bold @ http://localhost:3001/_next/static/chunks/b2b3e_next_dist_77a734fe._.js:2297
[  294386ms] [LOG] [HMR] connected @ http://localhost:3001/_next/static/chunks/b2b3e_next_dist_77a734fe._.js:2297
[  294503ms] [LOG] [Fast Refresh] rebuilding @ http://localhost:3001/_next/static/chunks/b2b3e_next_dist_77a734fe._.js:2297
[  294802ms] [ERROR] Failed to load resource: the server responded with a status of 404 (Not Found) @ http://localhost:3001/avatar.jpg:0
[  294854ms] [INFO] %cDownload the React DevTools for a better development experience: https://react.dev/link/react-devtools font-weight:bold @ http://localhost:3001/_next/static/chunks/b2b3e_next_dist_77a734fe._.js:2297
[  294877ms] [LOG] [HMR] connected @ http://localhost:3001/_next/static/chunks/b2b3e_next_dist_77a734fe._.js:2297
[  295058ms] [LOG] [Fast Refresh] rebuilding @ http://localhost:3001/_next/static/chunks/b2b3e_next_dist_77a734fe._.js:2297
[  295364ms] [ERROR] Failed to load resource: the server responded with a status of 404 (Not Found) @ http://localhost:3001/avatar.jpg:0
[  295421ms] [INFO] %cDownload the React DevTools for a better development experience: https://react.dev/link/react-devtools font-weight:bold @ http://localhost:3001/_next/static/chunks/b2b3e_next_dist_77a734fe._.js:2297
[  295443ms] [LOG] [HMR] connected @ http://localhost:3001/_next/static/chunks/b2b3e_next_dist_77a734fe._.js:2297
[  295591ms] [LOG] [Fast Refresh] rebuilding @ http://localhost:3001/_next/static/chunks/b2b3e_next_dist_77a734fe._.js:2297
[  295902ms] [ERROR] Failed to load resource: the server responded with a status of 404 (Not Found) @ http://localhost:3001/avatar.jpg:0
[  295968ms] [INFO] %cDownload the React DevTools for a better development experience: https://react.dev/link/react-devtools font-weight:bold @ http://localhost:3001/_next/static/chunks/b2b3e_next_dist_77a734fe._.js:2297
[  295991ms] [LOG] [HMR] connected @ http://localhost:3001/_next/static/chunks/b2b3e_next_dist_77a734fe._.js:2297
[  296190ms] [LOG] [Fast Refresh] rebuilding @ http://localhost:3001/_next/static/chunks/b2b3e_next_dist_77a734fe._.js:2297
[  296504ms] [ERROR] Failed to load resource: the server responded with a status of 404 (Not Found) @ http://localhost:3001/avatar.jpg:0
[  296559ms] [INFO] %cDownload the React DevTools for a better development experience: https://react.dev/link/react-devtools font-weight:bold @ http://localhost:3001/_next/static/chunks/b2b3e_next_dist_77a734fe._.js:2297
[  296579ms] [LOG] [HMR] connected @ http://localhost:3001/_next/static/chunks/b2b3e_next_dist_77a734fe._.js:2297
[  296718ms] [LOG] [Fast Refresh] rebuilding @ http://localhost:3001/_next/static/chunks/b2b3e_next_dist_77a734fe._.js:2297
[  297370ms] [ERROR] Failed to load resource: the server responded with a status of 404 (Not Found) @ http://localhost:3001/avatar.jpg:0
[  297430ms] [INFO] %cDownload the React DevTools for a better development experience: https://react.dev/link/react-devtools font-weight:bold @ http://localhost:3001/_next/static/chunks/b2b3e_next_dist_77a734fe._.js:2297
[  297454ms] [LOG] [HMR] connected @ http://localhost:3001/_next/static/chunks/b2b3e_next_dist_77a734fe._.js:2297
[  297630ms] [LOG] [Fast Refresh] rebuilding @ http://localhost:3001/_next/static/chunks/b2b3e_next_dist_77a734fe._.js:2297
[  297936ms] [ERROR] Failed to load resource: the server responded with a status of 404 (Not Found) @ http://localhost:3001/avatar.jpg:0
[  297995ms] [INFO] %cDownload the React DevTools for a better development experience: https://react.dev/link/react-devtools font-weight:bold @ http://localhost:3001/_next/static/chunks/b2b3e_next_dist_77a734fe._.js:2297
[  298020ms] [LOG] [HMR] connected @ http://localhost:3001/_next/static/chunks/b2b3e_next_dist_77a734fe._.js:2297
[  298044ms] [LOG] [Fast Refresh] rebuilding @ http://localhost:3001/_next/static/chunks/b2b3e_next_dist_77a734fe._.js:2297
[  298369ms] [ERROR] Failed to load resource: the server responded with a status of 404 (Not Found) @ http://localhost:3001/avatar.jpg:0
[  298429ms] [INFO] %cDownload the React DevTools for a better development experience: https://react.dev/link/react-devtools font-weight:bold @ http://localhost:3001/_next/static/chunks/b2b3e_next_dist_77a734fe._.js:2297
[  298453ms] [LOG] [HMR] connected @ http://localhost:3001/_next/static/chunks/b2b3e_next_dist_77a734fe._.js:2297
[  298624ms] [LOG] [Fast Refresh] rebuilding @ http://localhost:3001/_next/static/chunks/b2b3e_next_dist_77a734fe._.js:2297
[  298925ms] [ERROR] Failed to load resource: the server responded with a status of 404 (Not Found) @ http://localhost:3001/avatar.jpg:0
[  298982ms] [INFO] %cDownload the React DevTools for a better development experience: https://react.dev/link/react-devtools font-weight:bold @ http://localhost:3001/_next/static/chunks/b2b3e_next_dist_77a734fe._.js:2297
[  299001ms] [LOG] [HMR] connected @ http://localhost:3001/_next/static/chunks/b2b3e_next_dist_77a734fe._.js:2297
[  299135ms] [LOG] [Fast Refresh] rebuilding @ http://localhost:3001/_next/static/chunks/b2b3e_next_dist_77a734fe._.js:2297
[  299448ms] [ERROR] Failed to load resource: the server responded with a status of 404 (Not Found) @ http://localhost:3001/avatar.jpg:0
[  299510ms] [INFO] %cDownload the React DevTools for a better development experience: https://react.dev/link/react-devtools font-weight:bold @ http://localhost:3001/_next/static/chunks/b2b3e_next_dist_77a734fe._.js:2297
[  299531ms] [LOG] [HMR] connected @ http://localhost:3001/_next/static/chunks/b2b3e_next_dist_77a734fe._.js:2297
[  299719ms] [LOG] [Fast Refresh] rebuilding @ http://localhost:3001/_next/static/chunks/b2b3e_next_dist_77a734fe._.js:2297
[  300020ms] [ERROR] Failed to load resource: the server responded with a status of 404 (Not Found) @ http://localhost:3001/avatar.jpg:0
[  300073ms] [INFO] %cDownload the React DevTools for a better development experience: https://react.dev/link/react-devtools font-weight:bold @ http://localhost:3001/_next/static/chunks/b2b3e_next_dist_77a734fe._.js:2297
[  300091ms] [LOG] [HMR] connected @ http://localhost:3001/_next/static/chunks/b2b3e_next_dist_77a734fe._.js:2297
[  300234ms] [LOG] [Fast Refresh] rebuilding @ http://localhost:3001/_next/static/chunks/b2b3e_next_dist_77a734fe._.js:2297
[  300534ms] [ERROR] Failed to load resource: the server responded with a status of 404 (Not Found) @ http://localhost:3001/avatar.jpg:0
[  300592ms] [INFO] %cDownload the React DevTools for a better development experience: https://react.dev/link/react-devtools font-weight:bold @ http://localhost:3001/_next/static/chunks/b2b3e_next_dist_77a734fe._.js:2297
[  300615ms] [LOG] [HMR] connected @ http://localhost:3001/_next/static/chunks/b2b3e_next_dist_77a734fe._.js:2297
[  300784ms] [LOG] [Fast Refresh] rebuilding @ http://localhost:3001/_next/static/chunks/b2b3e_next_dist_77a734fe._.js:2297
[  301083ms] [ERROR] Failed to load resource: the server responded with a status of 404 (Not Found) @ http://localhost:3001/avatar.jpg:0
[  301146ms] [INFO] %cDownload the React DevTools for a better development experience: https://react.dev/link/react-devtools font-weight:bold @ http://localhost:3001/_next/static/chunks/b2b3e_next_dist_77a734fe._.js:2297
[  301166ms] [LOG] [HMR] connected @ http://localhost:3001/_next/static/chunks/b2b3e_next_dist_77a734fe._.js:2297
[  301283ms] [LOG] [Fast Refresh] rebuilding @ http://localhost:3001/_next/static/chunks/b2b3e_next_dist_77a734fe._.js:2297
[  301586ms] [ERROR] Failed to load resource: the server responded with a status of 404 (Not Found) @ http://localhost:3001/avatar.jpg:0
[  301647ms] [INFO] %cDownload the React DevTools for a better development experience: https://react.dev/link/react-devtools font-weight:bold @ http://localhost:3001/_next/static/chunks/b2b3e_next_dist_77a734fe._.js:2297
[  301671ms] [LOG] [HMR] connected @ http://localhost:3001/_next/static/chunks/b2b3e_next_dist_77a734fe._.js:2297
[  301855ms] [LOG] [Fast Refresh] rebuilding @ http://localhost:3001/_next/static/chunks/b2b3e_next_dist_77a734fe._.js:2297
[  302165ms] [ERROR] Failed to load resource: the server responded with a status of 404 (Not Found) @ http://localhost:3001/avatar.jpg:0
[  302231ms] [INFO] %cDownload the React DevTools for a better development experience: https://react.dev/link/react-devtools font-weight:bold @ http://localhost:3001/_next/static/chunks/b2b3e_next_dist_77a734fe._.js:2297
[  302253ms] [LOG] [HMR] connected @ http://localhost:3001/_next/static/chunks/b2b3e_next_dist_77a734fe._.js:2297
[  302364ms] [LOG] [Fast Refresh] rebuilding @ http://localhost:3001/_next/static/chunks/b2b3e_next_dist_77a734fe._.js:2297
[  302664ms] [ERROR] Failed to load resource: the server responded with a status of 404 (Not Found) @ http://localhost:3001/avatar.jpg:0
[  302725ms] [INFO] %cDownload the React DevTools for a better development experience: https://react.dev/link/react-devtools font-weight:bold @ http://localhost:3001/_next/static/chunks/b2b3e_next_dist_77a734fe._.js:2297
[  302751ms] [LOG] [HMR] connected @ http://localhost:3001/_next/static/chunks/b2b3e_next_dist_77a734fe._.js:2297
[  302934ms] [LOG] [Fast Refresh] rebuilding @ http://localhost:3001/_next/static/chunks/b2b3e_next_dist_77a734fe._.js:2297
[  303224ms] [ERROR] Failed to load resource: the server responded with a status of 404 (Not Found) @ http://localhost:3001/avatar.jpg:0
[  303277ms] [INFO] %cDownload the React DevTools for a better development experience: https://react.dev/link/react-devtools font-weight:bold @ http://localhost:3001/_next/static/chunks/b2b3e_next_dist_77a734fe._.js:2297
[  303300ms] [LOG] [HMR] connected @ http://localhost:3001/_next/static/chunks/b2b3e_next_dist_77a734fe._.js:2297
[  303400ms] [LOG] [Fast Refresh] rebuilding @ http://localhost:3001/_next/static/chunks/b2b3e_next_dist_77a734fe._.js:2297
[  303700ms] [ERROR] Failed to load resource: the server responded with a status of 404 (Not Found) @ http://localhost:3001/avatar.jpg:0
[  303758ms] [INFO] %cDownload the React DevTools for a better development experience: https://react.dev/link/react-devtools font-weight:bold @ http://localhost:3001/_next/static/chunks/b2b3e_next_dist_77a734fe._.js:2297
[  303778ms] [LOG] [HMR] connected @ http://localhost:3001/_next/static/chunks/b2b3e_next_dist_77a734fe._.js:2297
[  303976ms] [LOG] [Fast Refresh] rebuilding @ http://localhost:3001/_next/static/chunks/b2b3e_next_dist_77a734fe._.js:2297
[  304293ms] [ERROR] Failed to load resource: the server responded with a status of 404 (Not Found) @ http://localhost:3001/avatar.jpg:0
[  304347ms] [INFO] %cDownload the React DevTools for a better development experience: https://react.dev/link/react-devtools font-weight:bold @ http://localhost:3001/_next/static/chunks/b2b3e_next_dist_77a734fe._.js:2297
[  304370ms] [LOG] [HMR] connected @ http://localhost:3001/_next/static/chunks/b2b3e_next_dist_77a734fe._.js:2297
[  304488ms] [LOG] [Fast Refresh] rebuilding @ http://localhost:3001/_next/static/chunks/b2b3e_next_dist_77a734fe._.js:2297
[  304782ms] [ERROR] Failed to load resource: the server responded with a status of 404 (Not Found) @ http://localhost:3001/avatar.jpg:0
[  304841ms] [INFO] %cDownload the React DevTools for a better development experience: https://react.dev/link/react-devtools font-weight:bold @ http://localhost:3001/_next/static/chunks/b2b3e_next_dist_77a734fe._.js:2297
[  304861ms] [LOG] [HMR] connected @ http://localhost:3001/_next/static/chunks/b2b3e_next_dist_77a734fe._.js:2297
[  305006ms] [LOG] [Fast Refresh] rebuilding @ http://localhost:3001/_next/static/chunks/b2b3e_next_dist_77a734fe._.js:2297
[  305299ms] [ERROR] Failed to load resource: the server responded with a status of 404 (Not Found) @ http://localhost:3001/avatar.jpg:0
[  305354ms] [INFO] %cDownload the React DevTools for a better development experience: https://react.dev/link/react-devtools font-weight:bold @ http://localhost:3001/_next/static/chunks/b2b3e_next_dist_77a734fe._.js:2297
[  305376ms] [LOG] [HMR] connected @ http://localhost:3001/_next/static/chunks/b2b3e_next_dist_77a734fe._.js:2297
[  305509ms] [LOG] [Fast Refresh] rebuilding @ http://localhost:3001/_next/static/chunks/b2b3e_next_dist_77a734fe._.js:2297
[  305812ms] [ERROR] Failed to load resource: the server responded with a status of 404 (Not Found) @ http://localhost:3001/avatar.jpg:0
[  305869ms] [INFO] %cDownload the React DevTools for a better development experience: https://react.dev/link/react-devtools font-weight:bold @ http://localhost:3001/_next/static/chunks/b2b3e_next_dist_77a734fe._.js:2297
[  305889ms] [LOG] [HMR] connected @ http://localhost:3001/_next/static/chunks/b2b3e_next_dist_77a734fe._.js:2297
[  306069ms] [LOG] [Fast Refresh] rebuilding @ http://localhost:3001/_next/static/chunks/b2b3e_next_dist_77a734fe._.js:2297
[  306370ms] [ERROR] Failed to load resource: the server responded with a status of 404 (Not Found) @ http://localhost:3001/avatar.jpg:0
[  306429ms] [INFO] %cDownload the React DevTools for a better development experience: https://react.dev/link/react-devtools font-weight:bold @ http://localhost:3001/_next/static/chunks/b2b3e_next_dist_77a734fe._.js:2297
[  306454ms] [LOG] [HMR] connected @ http://localhost:3001/_next/static/chunks/b2b3e_next_dist_77a734fe._.js:2297
[  306590ms] [LOG] [Fast Refresh] rebuilding @ http://localhost:3001/_next/static/chunks/b2b3e_next_dist_77a734fe._.js:2297
[  306890ms] [ERROR] Failed to load resource: the server responded with a status of 404 (Not Found) @ http://localhost:3001/avatar.jpg:0
[  306958ms] [INFO] %cDownload the React DevTools for a better development experience: https://react.dev/link/react-devtools font-weight:bold @ http://localhost:3001/_next/static/chunks/b2b3e_next_dist_77a734fe._.js:2297
[  306981ms] [LOG] [HMR] connected @ http://localhost:3001/_next/static/chunks/b2b3e_next_dist_77a734fe._.js:2297
[  307168ms] [LOG] [Fast Refresh] rebuilding @ http://localhost:3001/_next/static/chunks/b2b3e_next_dist_77a734fe._.js:2297
[  307458ms] [ERROR] Failed to load resource: the server responded with a status of 404 (Not Found) @ http://localhost:3001/avatar.jpg:0
[  307518ms] [INFO] %cDownload the React DevTools for a better development experience: https://react.dev/link/react-devtools font-weight:bold @ http://localhost:3001/_next/static/chunks/b2b3e_next_dist_77a734fe._.js:2297
[  307539ms] [LOG] [HMR] connected @ http://localhost:3001/_next/static/chunks/b2b3e_next_dist_77a734fe._.js:2297
[  307676ms] [LOG] [Fast Refresh] rebuilding @ http://localhost:3001/_next/static/chunks/b2b3e_next_dist_77a734fe._.js:2297
[  307999ms] [ERROR] Failed to load resource: the server responded with a status of 404 (Not Found) @ http://localhost:3001/avatar.jpg:0
[  308058ms] [INFO] %cDownload the React DevTools for a better development experience: https://react.dev/link/react-devtools font-weight:bold @ http://localhost:3001/_next/static/chunks/b2b3e_next_dist_77a734fe._.js:2297
[  308082ms] [LOG] [HMR] connected @ http://localhost:3001/_next/static/chunks/b2b3e_next_dist_77a734fe._.js:2297
[  308270ms] [LOG] [Fast Refresh] rebuilding @ http://localhost:3001/_next/static/chunks/b2b3e_next_dist_77a734fe._.js:2297
[  308571ms] [ERROR] Failed to load resource: the server responded with a status of 404 (Not Found) @ http://localhost:3001/avatar.jpg:0
[  308628ms] [INFO] %cDownload the React DevTools for a better development experience: https://react.dev/link/react-devtools font-weight:bold @ http://localhost:3001/_next/static/chunks/b2b3e_next_dist_77a734fe._.js:2297
[  308649ms] [LOG] [HMR] connected @ http://localhost:3001/_next/static/chunks/b2b3e_next_dist_77a734fe._.js:2297
[  308772ms] [LOG] [Fast Refresh] rebuilding @ http://localhost:3001/_next/static/chunks/b2b3e_next_dist_77a734fe._.js:2297
[  309085ms] [ERROR] Failed to load resource: the server responded with a status of 404 (Not Found) @ http://localhost:3001/avatar.jpg:0
[  309157ms] [INFO] %cDownload the React DevTools for a better development experience: https://react.dev/link/react-devtools font-weight:bold @ http://localhost:3001/_next/static/chunks/b2b3e_next_dist_77a734fe._.js:2297
[  309182ms] [LOG] [HMR] connected @ http://localhost:3001/_next/static/chunks/b2b3e_next_dist_77a734fe._.js:2297
[  309362ms] [LOG] [Fast Refresh] rebuilding @ http://localhost:3001/_next/static/chunks/b2b3e_next_dist_77a734fe._.js:2297
[  309675ms] [ERROR] Failed to load resource: the server responded with a status of 404 (Not Found) @ http://localhost:3001/avatar.jpg:0
[  309735ms] [INFO] %cDownload the React DevTools for a better development experience: https://react.dev/link/react-devtools font-weight:bold @ http://localhost:3001/_next/static/chunks/b2b3e_next_dist_77a734fe._.js:2297
[  309758ms] [LOG] [HMR] connected @ http://localhost:3001/_next/static/chunks/b2b3e_next_dist_77a734fe._.js:2297
[  309892ms] [LOG] [Fast Refresh] rebuilding @ http://localhost:3001/_next/static/chunks/b2b3e_next_dist_77a734fe._.js:2297
[  310206ms] [ERROR] Failed to load resource: the server responded with a status of 404 (Not Found) @ http://localhost:3001/avatar.jpg:0
[  310264ms] [INFO] %cDownload the React DevTools for a better development experience: https://react.dev/link/react-devtools font-weight:bold @ http://localhost:3001/_next/static/chunks/b2b3e_next_dist_77a734fe._.js:2297
[  310288ms] [LOG] [HMR] connected @ http://localhost:3001/_next/static/chunks/b2b3e_next_dist_77a734fe._.js:2297
[  310489ms] [LOG] [Fast Refresh] rebuilding @ http://localhost:3001/_next/static/chunks/b2b3e_next_dist_77a734fe._.js:2297
[  310794ms] [ERROR] Failed to load resource: the server responded with a status of 404 (Not Found) @ http://localhost:3001/avatar.jpg:0
[  310856ms] [INFO] %cDownload the React DevTools for a better development experience: https://react.dev/link/react-devtools font-weight:bold @ http://localhost:3001/_next/static/chunks/b2b3e_next_dist_77a734fe._.js:2297
[  310881ms] [LOG] [HMR] connected @ http://localhost:3001/_next/static/chunks/b2b3e_next_dist_77a734fe._.js:2297
[  311000ms] [LOG] [Fast Refresh] rebuilding @ http://localhost:3001/_next/static/chunks/b2b3e_next_dist_77a734fe._.js:2297
[  311327ms] [ERROR] Failed to load resource: the server responded with a status of 404 (Not Found) @ http://localhost:3001/avatar.jpg:0
[  311387ms] [INFO] %cDownload the React DevTools for a better development experience: https://react.dev/link/react-devtools font-weight:bold @ http://localhost:3001/_next/static/chunks/b2b3e_next_dist_77a734fe._.js:2297
[  311405ms] [LOG] [HMR] connected @ http://localhost:3001/_next/static/chunks/b2b3e_next_dist_77a734fe._.js:2297
[  311595ms] [LOG] [Fast Refresh] rebuilding @ http://localhost:3001/_next/static/chunks/b2b3e_next_dist_77a734fe._.js:2297
[  311907ms] [ERROR] Failed to load resource: the server responded with a status of 404 (Not Found) @ http://localhost:3001/avatar.jpg:0
[  311965ms] [INFO] %cDownload the React DevTools for a better development experience: https://react.dev/link/react-devtools font-weight:bold @ http://localhost:3001/_next/static/chunks/b2b3e_next_dist_77a734fe._.js:2297
[  311990ms] [LOG] [HMR] connected @ http://localhost:3001/_next/static/chunks/b2b3e_next_dist_77a734fe._.js:2297
[  312112ms] [LOG] [Fast Refresh] rebuilding @ http://localhost:3001/_next/static/chunks/b2b3e_next_dist_77a734fe._.js:2297
[  312427ms] [ERROR] Failed to load resource: the server responded with a status of 404 (Not Found) @ http://localhost:3001/avatar.jpg:0
[  312485ms] [INFO] %cDownload the React DevTools for a better development experience: https://react.dev/link/react-devtools font-weight:bold @ http://localhost:3001/_next/static/chunks/b2b3e_next_dist_77a734fe._.js:2297
[  312511ms] [LOG] [HMR] connected @ http://localhost:3001/_next/static/chunks/b2b3e_next_dist_77a734fe._.js:2297
[  312693ms] [LOG] [Fast Refresh] rebuilding @ http://localhost:3001/_next/static/chunks/b2b3e_next_dist_77a734fe._.js:2297
[  313002ms] [ERROR] Failed to load resource: the server responded with a status of 404 (Not Found) @ http://localhost:3001/avatar.jpg:0
[  313061ms] [INFO] %cDownload the React DevTools for a better development experience: https://react.dev/link/react-devtools font-weight:bold @ http://localhost:3001/_next/static/chunks/b2b3e_next_dist_77a734fe._.js:2297
[  313085ms] [LOG] [HMR] connected @ http://localhost:3001/_next/static/chunks/b2b3e_next_dist_77a734fe._.js:2297
[  313223ms] [LOG] [Fast Refresh] rebuilding @ http://localhost:3001/_next/static/chunks/b2b3e_next_dist_77a734fe._.js:2297
[  313528ms] [ERROR] Failed to load resource: the server responded with a status of 404 (Not Found) @ http://localhost:3001/avatar.jpg:0
[  313590ms] [INFO] %cDownload the React DevTools for a better development experience: https://react.dev/link/react-devtools font-weight:bold @ http://localhost:3001/_next/static/chunks/b2b3e_next_dist_77a734fe._.js:2297
[  313612ms] [LOG] [HMR] connected @ http://localhost:3001/_next/static/chunks/b2b3e_next_dist_77a734fe._.js:2297
[  313798ms] [LOG] [Fast Refresh] rebuilding @ http://localhost:3001/_next/static/chunks/b2b3e_next_dist_77a734fe._.js:2297
[  314108ms] [ERROR] Failed to load resource: the server responded with a status of 404 (Not Found) @ http://localhost:3001/avatar.jpg:0
[  314177ms] [INFO] %cDownload the React DevTools for a better development experience: https://react.dev/link/react-devtools font-weight:bold @ http://localhost:3001/_next/static/chunks/b2b3e_next_dist_77a734fe._.js:2297
[  314202ms] [LOG] [HMR] connected @ http://localhost:3001/_next/static/chunks/b2b3e_next_dist_77a734fe._.js:2297
[  314333ms] [LOG] [Fast Refresh] rebuilding @ http://localhost:3001/_next/static/chunks/b2b3e_next_dist_77a734fe._.js:2297
[  314665ms] [ERROR] Failed to load resource: the server responded with a status of 404 (Not Found) @ http://localhost:3001/avatar.jpg:0
[  314725ms] [INFO] %cDownload the React DevTools for a better development experience: https://react.dev/link/react-devtools font-weight:bold @ http://localhost:3001/_next/static/chunks/b2b3e_next_dist_77a734fe._.js:2297
[  314748ms] [LOG] [HMR] connected @ http://localhost:3001/_next/static/chunks/b2b3e_next_dist_77a734fe._.js:2297
[  314935ms] [LOG] [Fast Refresh] rebuilding @ http://localhost:3001/_next/static/chunks/b2b3e_next_dist_77a734fe._.js:2297
[  315257ms] [ERROR] Failed to load resource: the server responded with a status of 404 (Not Found) @ http://localhost:3001/avatar.jpg:0
[  315320ms] [INFO] %cDownload the React DevTools for a better development experience: https://react.dev/link/react-devtools font-weight:bold @ http://localhost:3001/_next/static/chunks/b2b3e_next_dist_77a734fe._.js:2297
[  315344ms] [LOG] [HMR] connected @ http://localhost:3001/_next/static/chunks/b2b3e_next_dist_77a734fe._.js:2297
[  315483ms] [LOG] [Fast Refresh] rebuilding @ http://localhost:3001/_next/static/chunks/b2b3e_next_dist_77a734fe._.js:2297
[  315823ms] [ERROR] Failed to load resource: the server responded with a status of 404 (Not Found) @ http://localhost:3001/avatar.jpg:0
[  315885ms] [INFO] %cDownload the React DevTools for a better development experience: https://react.dev/link/react-devtools font-weight:bold @ http://localhost:3001/_next/static/chunks/b2b3e_next_dist_77a734fe._.js:2297
[  315904ms] [LOG] [HMR] connected @ http://localhost:3001/_next/static/chunks/b2b3e_next_dist_77a734fe._.js:2297
[  316094ms] [LOG] [Fast Refresh] rebuilding @ http://localhost:3001/_next/static/chunks/b2b3e_next_dist_77a734fe._.js:2297
[  316418ms] [ERROR] Failed to load resource: the server responded with a status of 404 (Not Found) @ http://localhost:3001/avatar.jpg:0
[  316477ms] [INFO] %cDownload the React DevTools for a better development experience: https://react.dev/link/react-devtools font-weight:bold @ http://localhost:3001/_next/static/chunks/b2b3e_next_dist_77a734fe._.js:2297
[  316497ms] [LOG] [HMR] connected @ http://localhost:3001/_next/static/chunks/b2b3e_next_dist_77a734fe._.js:2297
[  316690ms] [LOG] [Fast Refresh] rebuilding @ http://localhost:3001/_next/static/chunks/b2b3e_next_dist_77a734fe._.js:2297
[  317042ms] [ERROR] Failed to load resource: the server responded with a status of 404 (Not Found) @ http://localhost:3001/avatar.jpg:0
[  317106ms] [INFO] %cDownload the React DevTools for a better development experience: https://react.dev/link/react-devtools font-weight:bold @ http://localhost:3001/_next/static/chunks/b2b3e_next_dist_77a734fe._.js:2297
[  317123ms] [LOG] [HMR] connected @ http://localhost:3001/_next/static/chunks/b2b3e_next_dist_77a734fe._.js:2297
[  317361ms] [LOG] [Fast Refresh] rebuilding @ http://localhost:3001/_next/static/chunks/b2b3e_next_dist_77a734fe._.js:2297
[  317685ms] [ERROR] Failed to load resource: the server responded with a status of 404 (Not Found) @ http://localhost:3001/avatar.jpg:0
[  317738ms] [INFO] %cDownload the React DevTools for a better development experience: https://react.dev/link/react-devtools font-weight:bold @ http://localhost:3001/_next/static/chunks/b2b3e_next_dist_77a734fe._.js:2297
[  317758ms] [LOG] [HMR] connected @ http://localhost:3001/_next/static/chunks/b2b3e_next_dist_77a734fe._.js:2297
[  317910ms] [LOG] [Fast Refresh] rebuilding @ http://localhost:3001/_next/static/chunks/b2b3e_next_dist_77a734fe._.js:2297
[  318240ms] [ERROR] Failed to load resource: the server responded with a status of 404 (Not Found) @ http://localhost:3001/avatar.jpg:0
[  318296ms] [INFO] %cDownload the React DevTools for a better development experience: https://react.dev/link/react-devtools font-weight:bold @ http://localhost:3001/_next/static/chunks/b2b3e_next_dist_77a734fe._.js:2297
[  318313ms] [LOG] [HMR] connected @ http://localhost:3001/_next/static/chunks/b2b3e_next_dist_77a734fe._.js:2297
[  318649ms] [LOG] [Fast Refresh] rebuilding @ http://localhost:3001/_next/static/chunks/b2b3e_next_dist_77a734fe._.js:2297
[  319003ms] [ERROR] Failed to load resource: the server responded with a status of 404 (Not Found) @ http://localhost:3001/avatar.jpg:0
[  319052ms] [INFO] %cDownload the React DevTools for a better development experience: https://react.dev/link/react-devtools font-weight:bold @ http://localhost:3001/_next/static/chunks/b2b3e_next_dist_77a734fe._.js:2297
[  319079ms] [LOG] [HMR] connected @ http://localhost:3001/_next/static/chunks/b2b3e_next_dist_77a734fe._.js:2297
[  319221ms] [LOG] [Fast Refresh] rebuilding @ http://localhost:3001/_next/static/chunks/b2b3e_next_dist_77a734fe._.js:2297
[  319548ms] [ERROR] Failed to load resource: the server responded with a status of 404 (Not Found) @ http://localhost:3001/avatar.jpg:0
[  319616ms] [INFO] %cDownload the React DevTools for a better development experience: https://react.dev/link/react-devtools font-weight:bold @ http://localhost:3001/_next/static/chunks/b2b3e_next_dist_77a734fe._.js:2297
[  319643ms] [LOG] [HMR] connected @ http://localhost:3001/_next/static/chunks/b2b3e_next_dist_77a734fe._.js:2297
[  319835ms] [LOG] [Fast Refresh] rebuilding @ http://localhost:3001/_next/static/chunks/b2b3e_next_dist_77a734fe._.js:2297
[  320203ms] [ERROR] Failed to load resource: the server responded with a status of 404 (Not Found) @ http://localhost:3001/avatar.jpg:0
[  320264ms] [INFO] %cDownload the React DevTools for a better development experience: https://react.dev/link/react-devtools font-weight:bold @ http://localhost:3001/_next/static/chunks/b2b3e_next_dist_77a734fe._.js:2297
[  320284ms] [LOG] [HMR] connected @ http://localhost:3001/_next/static/chunks/b2b3e_next_dist_77a734fe._.js:2297
[  320404ms] [LOG] [Fast Refresh] rebuilding @ http://localhost:3001/_next/static/chunks/b2b3e_next_dist_77a734fe._.js:2297
[  320733ms] [ERROR] Failed to load resource: the server responded with a status of 404 (Not Found) @ http://localhost:3001/avatar.jpg:0
[  320795ms] [INFO] %cDownload the React DevTools for a better development experience: https://react.dev/link/react-devtools font-weight:bold @ http://localhost:3001/_next/static/chunks/b2b3e_next_dist_77a734fe._.js:2297
[  320823ms] [LOG] [HMR] connected @ http://localhost:3001/_next/static/chunks/b2b3e_next_dist_77a734fe._.js:2297
[  320980ms] [LOG] [Fast Refresh] rebuilding @ http://localhost:3001/_next/static/chunks/b2b3e_next_dist_77a734fe._.js:2297
[  321284ms] [ERROR] Failed to load resource: the server responded with a status of 404 (Not Found) @ http://localhost:3001/avatar.jpg:0
[  321342ms] [INFO] %cDownload the React DevTools for a better development experience: https://react.dev/link/react-devtools font-weight:bold @ http://localhost:3001/_next/static/chunks/b2b3e_next_dist_77a734fe._.js:2297
[  321366ms] [LOG] [HMR] connected @ http://localhost:3001/_next/static/chunks/b2b3e_next_dist_77a734fe._.js:2297
[  321491ms] [LOG] [Fast Refresh] rebuilding @ http://localhost:3001/_next/static/chunks/b2b3e_next_dist_77a734fe._.js:2297
[  321810ms] [ERROR] Failed to load resource: the server responded with a status of 404 (Not Found) @ http://localhost:3001/avatar.jpg:0
[  321868ms] [INFO] %cDownload the React DevTools for a better development experience: https://react.dev/link/react-devtools font-weight:bold @ http://localhost:3001/_next/static/chunks/b2b3e_next_dist_77a734fe._.js:2297
[  321893ms] [LOG] [HMR] connected @ http://localhost:3001/_next/static/chunks/b2b3e_next_dist_77a734fe._.js:2297
[  322070ms] [LOG] [Fast Refresh] rebuilding @ http://localhost:3001/_next/static/chunks/b2b3e_next_dist_77a734fe._.js:2297
[  322378ms] [ERROR] Failed to load resource: the server responded with a status of 404 (Not Found) @ http://localhost:3001/avatar.jpg:0
[  322434ms] [INFO] %cDownload the React DevTools for a better development experience: https://react.dev/link/react-devtools font-weight:bold @ http://localhost:3001/_next/static/chunks/b2b3e_next_dist_77a734fe._.js:2297
[  322457ms] [LOG] [HMR] connected @ http://localhost:3001/_next/static/chunks/b2b3e_next_dist_77a734fe._.js:2297
[  322577ms] [LOG] [Fast Refresh] rebuilding @ http://localhost:3001/_next/static/chunks/b2b3e_next_dist_77a734fe._.js:2297
[  322886ms] [ERROR] Failed to load resource: the server responded with a status of 404 (Not Found) @ http://localhost:3001/avatar.jpg:0
[  322944ms] [INFO] %cDownload the React DevTools for a better development experience: https://react.dev/link/react-devtools font-weight:bold @ http://localhost:3001/_next/static/chunks/b2b3e_next_dist_77a734fe._.js:2297
[  322969ms] [LOG] [HMR] connected @ http://localhost:3001/_next/static/chunks/b2b3e_next_dist_77a734fe._.js:2297
[  323158ms] [LOG] [Fast Refresh] rebuilding @ http://localhost:3001/_next/static/chunks/b2b3e_next_dist_77a734fe._.js:2297
[  323455ms] [ERROR] Failed to load resource: the server responded with a status of 404 (Not Found) @ http://localhost:3001/avatar.jpg:0
[  323519ms] [INFO] %cDownload the React DevTools for a better development experience: https://react.dev/link/react-devtools font-weight:bold @ http://localhost:3001/_next/static/chunks/b2b3e_next_dist_77a734fe._.js:2297
[  323541ms] [LOG] [HMR] connected @ http://localhost:3001/_next/static/chunks/b2b3e_next_dist_77a734fe._.js:2297
[  323702ms] [LOG] [Fast Refresh] rebuilding @ http://localhost:3001/_next/static/chunks/b2b3e_next_dist_77a734fe._.js:2297
[  324387ms] [ERROR] Failed to load resource: the server responded with a status of 404 (Not Found) @ http://localhost:3001/avatar.jpg:0
[  324444ms] [INFO] %cDownload the React DevTools for a better development experience: https://react.dev/link/react-devtools font-weight:bold @ http://localhost:3001/_next/static/chunks/b2b3e_next_dist_77a734fe._.js:2297
[  324467ms] [LOG] [HMR] connected @ http://localhost:3001/_next/static/chunks/b2b3e_next_dist_77a734fe._.js:2297
[  324649ms] [LOG] [Fast Refresh] rebuilding @ http://localhost:3001/_next/static/chunks/b2b3e_next_dist_77a734fe._.js:2297
[  324971ms] [ERROR] Failed to load resource: the server responded with a status of 404 (Not Found) @ http://localhost:3001/avatar.jpg:0
[  325028ms] [INFO] %cDownload the React DevTools for a better development experience: https://react.dev/link/react-devtools font-weight:bold @ http://localhost:3001/_next/static/chunks/b2b3e_next_dist_77a734fe._.js:2297
[  325049ms] [LOG] [HMR] connected @ http://localhost:3001/_next/static/chunks/b2b3e_next_dist_77a734fe._.js:2297
[  325178ms] [LOG] [Fast Refresh] rebuilding @ http://localhost:3001/_next/static/chunks/b2b3e_next_dist_77a734fe._.js:2297
[  325479ms] [ERROR] Failed to load resource: the server responded with a status of 404 (Not Found) @ http://localhost:3001/avatar.jpg:0
[  325535ms] [INFO] %cDownload the React DevTools for a better development experience: https://react.dev/link/react-devtools font-weight:bold @ http://localhost:3001/_next/static/chunks/b2b3e_next_dist_77a734fe._.js:2297
[  325555ms] [LOG] [HMR] connected @ http://localhost:3001/_next/static/chunks/b2b3e_next_dist_77a734fe._.js:2297
[  325748ms] [LOG] [Fast Refresh] rebuilding @ http://localhost:3001/_next/static/chunks/b2b3e_next_dist_77a734fe._.js:2297
[  326068ms] [ERROR] Failed to load resource: the server responded with a status of 404 (Not Found) @ http://localhost:3001/avatar.jpg:0
[  326129ms] [INFO] %cDownload the React DevTools for a better development experience: https://react.dev/link/react-devtools font-weight:bold @ http://localhost:3001/_next/static/chunks/b2b3e_next_dist_77a734fe._.js:2297
[  326154ms] [LOG] [HMR] connected @ http://localhost:3001/_next/static/chunks/b2b3e_next_dist_77a734fe._.js:2297
[  326286ms] [LOG] [Fast Refresh] rebuilding @ http://localhost:3001/_next/static/chunks/b2b3e_next_dist_77a734fe._.js:2297
[  326602ms] [ERROR] Failed to load resource: the server responded with a status of 404 (Not Found) @ http://localhost:3001/avatar.jpg:0
[  326658ms] [INFO] %cDownload the React DevTools for a better development experience: https://react.dev/link/react-devtools font-weight:bold @ http://localhost:3001/_next/static/chunks/b2b3e_next_dist_77a734fe._.js:2297
[  326681ms] [LOG] [HMR] connected @ http://localhost:3001/_next/static/chunks/b2b3e_next_dist_77a734fe._.js:2297
[  326867ms] [LOG] [Fast Refresh] rebuilding @ http://localhost:3001/_next/static/chunks/b2b3e_next_dist_77a734fe._.js:2297
[  327204ms] [ERROR] Failed to load resource: the server responded with a status of 404 (Not Found) @ http://localhost:3001/avatar.jpg:0
[  327270ms] [INFO] %cDownload the React DevTools for a better development experience: https://react.dev/link/react-devtools font-weight:bold @ http://localhost:3001/_next/static/chunks/b2b3e_next_dist_77a734fe._.js:2297
[  327298ms] [LOG] [HMR] connected @ http://localhost:3001/_next/static/chunks/b2b3e_next_dist_77a734fe._.js:2297
[  327430ms] [LOG] [Fast Refresh] rebuilding @ http://localhost:3001/_next/static/chunks/b2b3e_next_dist_77a734fe._.js:2297
[  327745ms] [ERROR] Failed to load resource: the server responded with a status of 404 (Not Found) @ http://localhost:3001/avatar.jpg:0
[  327806ms] [INFO] %cDownload the React DevTools for a better development experience: https://react.dev/link/react-devtools font-weight:bold @ http://localhost:3001/_next/static/chunks/b2b3e_next_dist_77a734fe._.js:2297
[  327828ms] [LOG] [HMR] connected @ http://localhost:3001/_next/static/chunks/b2b3e_next_dist_77a734fe._.js:2297
[  327905ms] [LOG] [Fast Refresh] rebuilding @ http://localhost:3001/_next/static/chunks/b2b3e_next_dist_77a734fe._.js:2297
[  328216ms] [ERROR] Failed to load resource: the server responded with a status of 404 (Not Found) @ http://localhost:3001/avatar.jpg:0
[  328272ms] [INFO] %cDownload the React DevTools for a better development experience: https://react.dev/link/react-devtools font-weight:bold @ http://localhost:3001/_next/static/chunks/b2b3e_next_dist_77a734fe._.js:2297
[  328295ms] [LOG] [HMR] connected @ http://localhost:3001/_next/static/chunks/b2b3e_next_dist_77a734fe._.js:2297
[  328422ms] [LOG] [Fast Refresh] rebuilding @ http://localhost:3001/_next/static/chunks/b2b3e_next_dist_77a734fe._.js:2297
[  328757ms] [ERROR] Failed to load resource: the server responded with a status of 404 (Not Found) @ http://localhost:3001/avatar.jpg:0
[  328824ms] [INFO] %cDownload the React DevTools for a better development experience: https://react.dev/link/react-devtools font-weight:bold @ http://localhost:3001/_next/static/chunks/b2b3e_next_dist_77a734fe._.js:2297
[  328846ms] [LOG] [HMR] connected @ http://localhost:3001/_next/static/chunks/b2b3e_next_dist_77a734fe._.js:2297
[  329030ms] [LOG] [Fast Refresh] rebuilding @ http://localhost:3001/_next/static/chunks/b2b3e_next_dist_77a734fe._.js:2297
[  329315ms] [ERROR] Failed to load resource: the server responded with a status of 404 (Not Found) @ http://localhost:3001/avatar.jpg:0
[  329380ms] [INFO] %cDownload the React DevTools for a better development experience: https://react.dev/link/react-devtools font-weight:bold @ http://localhost:3001/_next/static/chunks/b2b3e_next_dist_77a734fe._.js:2297
[  329396ms] [LOG] [HMR] connected @ http://localhost:3001/_next/static/chunks/b2b3e_next_dist_77a734fe._.js:2297
[  329514ms] [LOG] [Fast Refresh] rebuilding @ http://localhost:3001/_next/static/chunks/b2b3e_next_dist_77a734fe._.js:2297
[  329829ms] [ERROR] Failed to load resource: the server responded with a status of 404 (Not Found) @ http://localhost:3001/avatar.jpg:0
[  329894ms] [INFO] %cDownload the React DevTools for a better development experience: https://react.dev/link/react-devtools font-weight:bold @ http://localhost:3001/_next/static/chunks/b2b3e_next_dist_77a734fe._.js:2297
[  329919ms] [LOG] [HMR] connected @ http://localhost:3001/_next/static/chunks/b2b3e_next_dist_77a734fe._.js:2297
[  330096ms] [LOG] [Fast Refresh] rebuilding @ http://localhost:3001/_next/static/chunks/b2b3e_next_dist_77a734fe._.js:2297
[  330379ms] [ERROR] Failed to load resource: the server responded with a status of 404 (Not Found) @ http://localhost:3001/avatar.jpg:0
[  330440ms] [INFO] %cDownload the React DevTools for a better development experience: https://react.dev/link/react-devtools font-weight:bold @ http://localhost:3001/_next/static/chunks/b2b3e_next_dist_77a734fe._.js:2297
[  330463ms] [LOG] [HMR] connected @ http://localhost:3001/_next/static/chunks/b2b3e_next_dist_77a734fe._.js:2297
[  330568ms] [LOG] [Fast Refresh] rebuilding @ http://localhost:3001/_next/static/chunks/b2b3e_next_dist_77a734fe._.js:2297
[  330874ms] [ERROR] Failed to load resource: the server responded with a status of 404 (Not Found) @ http://localhost:3001/avatar.jpg:0
[  330933ms] [INFO] %cDownload the React DevTools for a better development experience: https://react.dev/link/react-devtools font-weight:bold @ http://localhost:3001/_next/static/chunks/b2b3e_next_dist_77a734fe._.js:2297
[  330956ms] [LOG] [HMR] connected @ http://localhost:3001/_next/static/chunks/b2b3e_next_dist_77a734fe._.js:2297
[  331130ms] [LOG] [Fast Refresh] rebuilding @ http://localhost:3001/_next/static/chunks/b2b3e_next_dist_77a734fe._.js:2297
[  331418ms] [ERROR] Failed to load resource: the server responded with a status of 404 (Not Found) @ http://localhost:3001/avatar.jpg:0
[  331477ms] [INFO] %cDownload the React DevTools for a better development experience: https://react.dev/link/react-devtools font-weight:bold @ http://localhost:3001/_next/static/chunks/b2b3e_next_dist_77a734fe._.js:2297
[  331500ms] [LOG] [HMR] connected @ http://localhost:3001/_next/static/chunks/b2b3e_next_dist_77a734fe._.js:2297
[  331632ms] [LOG] [Fast Refresh] rebuilding @ http://localhost:3001/_next/static/chunks/b2b3e_next_dist_77a734fe._.js:2297
[  331989ms] [ERROR] Failed to load resource: the server responded with a status of 404 (Not Found) @ http://localhost:3001/avatar.jpg:0
[  332044ms] [INFO] %cDownload the React DevTools for a better development experience: https://react.dev/link/react-devtools font-weight:bold @ http://localhost:3001/_next/static/chunks/b2b3e_next_dist_77a734fe._.js:2297
[  332066ms] [LOG] [HMR] connected @ http://localhost:3001/_next/static/chunks/b2b3e_next_dist_77a734fe._.js:2297
[  332280ms] [LOG] [Fast Refresh] rebuilding @ http://localhost:3001/_next/static/chunks/b2b3e_next_dist_77a734fe._.js:2297
[  332587ms] [ERROR] Failed to load resource: the server responded with a status of 404 (Not Found) @ http://localhost:3001/avatar.jpg:0
[  332648ms] [INFO] %cDownload the React DevTools for a better development experience: https://react.dev/link/react-devtools font-weight:bold @ http://localhost:3001/_next/static/chunks/b2b3e_next_dist_77a734fe._.js:2297
[  332671ms] [LOG] [HMR] connected @ http://localhost:3001/_next/static/chunks/b2b3e_next_dist_77a734fe._.js:2297
[  332785ms] [LOG] [Fast Refresh] rebuilding @ http://localhost:3001/_next/static/chunks/b2b3e_next_dist_77a734fe._.js:2297
[  333095ms] [ERROR] Failed to load resource: the server responded with a status of 404 (Not Found) @ http://localhost:3001/avatar.jpg:0
[  333157ms] [INFO] %cDownload the React DevTools for a better development experience: https://react.dev/link/react-devtools font-weight:bold @ http://localhost:3001/_next/static/chunks/b2b3e_next_dist_77a734fe._.js:2297
[  333182ms] [LOG] [HMR] connected @ http://localhost:3001/_next/static/chunks/b2b3e_next_dist_77a734fe._.js:2297
[  333386ms] [LOG] [Fast Refresh] rebuilding @ http://localhost:3001/_next/static/chunks/b2b3e_next_dist_77a734fe._.js:2297
[  333686ms] [ERROR] Failed to load resource: the server responded with a status of 404 (Not Found) @ http://localhost:3001/avatar.jpg:0
[  333743ms] [INFO] %cDownload the React DevTools for a better development experience: https://react.dev/link/react-devtools font-weight:bold @ http://localhost:3001/_next/static/chunks/b2b3e_next_dist_77a734fe._.js:2297
[  333767ms] [LOG] [HMR] connected @ http://localhost:3001/_next/static/chunks/b2b3e_next_dist_77a734fe._.js:2297
[  333896ms] [LOG] [Fast Refresh] rebuilding @ http://localhost:3001/_next/static/chunks/b2b3e_next_dist_77a734fe._.js:2297
[  334193ms] [ERROR] Failed to load resource: the server responded with a status of 404 (Not Found) @ http://localhost:3001/avatar.jpg:0
[  334248ms] [INFO] %cDownload the React DevTools for a better development experience: https://react.dev/link/react-devtools font-weight:bold @ http://localhost:3001/_next/static/chunks/b2b3e_next_dist_77a734fe._.js:2297
[  334272ms] [LOG] [HMR] connected @ http://localhost:3001/_next/static/chunks/b2b3e_next_dist_77a734fe._.js:2297
[  334463ms] [LOG] [Fast Refresh] rebuilding @ http://localhost:3001/_next/static/chunks/b2b3e_next_dist_77a734fe._.js:2297
[  334774ms] [ERROR] Failed to load resource: the server responded with a status of 404 (Not Found) @ http://localhost:3001/avatar.jpg:0
[  334833ms] [INFO] %cDownload the React DevTools for a better development experience: https://react.dev/link/react-devtools font-weight:bold @ http://localhost:3001/_next/static/chunks/b2b3e_next_dist_77a734fe._.js:2297
[  334857ms] [LOG] [HMR] connected @ http://localhost:3001/_next/static/chunks/b2b3e_next_dist_77a734fe._.js:2297
[  334979ms] [LOG] [Fast Refresh] rebuilding @ http://localhost:3001/_next/static/chunks/b2b3e_next_dist_77a734fe._.js:2297
[  335280ms] [ERROR] Failed to load resource: the server responded with a status of 404 (Not Found) @ http://localhost:3001/avatar.jpg:0
[  335338ms] [INFO] %cDownload the React DevTools for a better development experience: https://react.dev/link/react-devtools font-weight:bold @ http://localhost:3001/_next/static/chunks/b2b3e_next_dist_77a734fe._.js:2297
[  335360ms] [LOG] [HMR] connected @ http://localhost:3001/_next/static/chunks/b2b3e_next_dist_77a734fe._.js:2297
[  335534ms] [LOG] [Fast Refresh] rebuilding @ http://localhost:3001/_next/static/chunks/b2b3e_next_dist_77a734fe._.js:2297
[  335848ms] [ERROR] Failed to load resource: the server responded with a status of 404 (Not Found) @ http://localhost:3001/avatar.jpg:0
[  335905ms] [INFO] %cDownload the React DevTools for a better development experience: https://react.dev/link/react-devtools font-weight:bold @ http://localhost:3001/_next/static/chunks/b2b3e_next_dist_77a734fe._.js:2297
[  335930ms] [LOG] [HMR] connected @ http://localhost:3001/_next/static/chunks/b2b3e_next_dist_77a734fe._.js:2297
[  336053ms] [LOG] [Fast Refresh] rebuilding @ http://localhost:3001/_next/static/chunks/b2b3e_next_dist_77a734fe._.js:2297
[  336380ms] [ERROR] Failed to load resource: the server responded with a status of 404 (Not Found) @ http://localhost:3001/avatar.jpg:0
[  336439ms] [INFO] %cDownload the React DevTools for a better development experience: https://react.dev/link/react-devtools font-weight:bold @ http://localhost:3001/_next/static/chunks/b2b3e_next_dist_77a734fe._.js:2297
[  336461ms] [LOG] [HMR] connected @ http://localhost:3001/_next/static/chunks/b2b3e_next_dist_77a734fe._.js:2297
[  336672ms] [LOG] [Fast Refresh] rebuilding @ http://localhost:3001/_next/static/chunks/b2b3e_next_dist_77a734fe._.js:2297
[  336997ms] [ERROR] Failed to load resource: the server responded with a status of 404 (Not Found) @ http://localhost:3001/avatar.jpg:0
[  337059ms] [INFO] %cDownload the React DevTools for a better development experience: https://react.dev/link/react-devtools font-weight:bold @ http://localhost:3001/_next/static/chunks/b2b3e_next_dist_77a734fe._.js:2297
[  337081ms] [LOG] [HMR] connected @ http://localhost:3001/_next/static/chunks/b2b3e_next_dist_77a734fe._.js:2297
[  337215ms] [LOG] [Fast Refresh] rebuilding @ http://localhost:3001/_next/static/chunks/b2b3e_next_dist_77a734fe._.js:2297
[  337512ms] [ERROR] Failed to load resource: the server responded with a status of 404 (Not Found) @ http://localhost:3001/avatar.jpg:0
[  337571ms] [INFO] %cDownload the React DevTools for a better development experience: https://react.dev/link/react-devtools font-weight:bold @ http://localhost:3001/_next/static/chunks/b2b3e_next_dist_77a734fe._.js:2297
[  337590ms] [LOG] [HMR] connected @ http://localhost:3001/_next/static/chunks/b2b3e_next_dist_77a734fe._.js:2297
[  337784ms] [LOG] [Fast Refresh] rebuilding @ http://localhost:3001/_next/static/chunks/b2b3e_next_dist_77a734fe._.js:2297
[  338078ms] [ERROR] Failed to load resource: the server responded with a status of 404 (Not Found) @ http://localhost:3001/avatar.jpg:0
[  338155ms] [INFO] %cDownload the React DevTools for a better development experience: https://react.dev/link/react-devtools font-weight:bold @ http://localhost:3001/_next/static/chunks/b2b3e_next_dist_77a734fe._.js:2297
[  338177ms] [LOG] [HMR] connected @ http://localhost:3001/_next/static/chunks/b2b3e_next_dist_77a734fe._.js:2297
[  338310ms] [LOG] [Fast Refresh] rebuilding @ http://localhost:3001/_next/static/chunks/b2b3e_next_dist_77a734fe._.js:2297
[  338614ms] [ERROR] Failed to load resource: the server responded with a status of 404 (Not Found) @ http://localhost:3001/avatar.jpg:0
[  338677ms] [INFO] %cDownload the React DevTools for a better development experience: https://react.dev/link/react-devtools font-weight:bold @ http://localhost:3001/_next/static/chunks/b2b3e_next_dist_77a734fe._.js:2297
[  338698ms] [LOG] [HMR] connected @ http://localhost:3001/_next/static/chunks/b2b3e_next_dist_77a734fe._.js:2297
[  338906ms] [LOG] [Fast Refresh] rebuilding @ http://localhost:3001/_next/static/chunks/b2b3e_next_dist_77a734fe._.js:2297
[  339234ms] [ERROR] Failed to load resource: the server responded with a status of 404 (Not Found) @ http://localhost:3001/avatar.jpg:0
[  339295ms] [INFO] %cDownload the React DevTools for a better development experience: https://react.dev/link/react-devtools font-weight:bold @ http://localhost:3001/_next/static/chunks/b2b3e_next_dist_77a734fe._.js:2297
[  339318ms] [LOG] [HMR] connected @ http://localhost:3001/_next/static/chunks/b2b3e_next_dist_77a734fe._.js:2297
[  339457ms] [LOG] [Fast Refresh] rebuilding @ http://localhost:3001/_next/static/chunks/b2b3e_next_dist_77a734fe._.js:2297
[  339802ms] [ERROR] Failed to load resource: the server responded with a status of 404 (Not Found) @ http://localhost:3001/avatar.jpg:0
[  339886ms] [INFO] %cDownload the React DevTools for a better development experience: https://react.dev/link/react-devtools font-weight:bold @ http://localhost:3001/_next/static/chunks/b2b3e_next_dist_77a734fe._.js:2297
[  339911ms] [LOG] [HMR] connected @ http://localhost:3001/_next/static/chunks/b2b3e_next_dist_77a734fe._.js:2297
[  340170ms] [LOG] [Fast Refresh] rebuilding @ http://localhost:3001/_next/static/chunks/b2b3e_next_dist_77a734fe._.js:2297
[  340500ms] [ERROR] Failed to load resource: the server responded with a status of 404 (Not Found) @ http://localhost:3001/avatar.jpg:0
[  340566ms] [INFO] %cDownload the React DevTools for a better development experience: https://react.dev/link/react-devtools font-weight:bold @ http://localhost:3001/_next/static/chunks/b2b3e_next_dist_77a734fe._.js:2297
[  340589ms] [LOG] [HMR] connected @ http://localhost:3001/_next/static/chunks/b2b3e_next_dist_77a734fe._.js:2297
[  340742ms] [LOG] [Fast Refresh] rebuilding @ http://localhost:3001/_next/static/chunks/b2b3e_next_dist_77a734fe._.js:2297
[  341084ms] [ERROR] Failed to load resource: the server responded with a status of 404 (Not Found) @ http://localhost:3001/avatar.jpg:0
[  341146ms] [INFO] %cDownload the React DevTools for a better development experience: https://react.dev/link/react-devtools font-weight:bold @ http://localhost:3001/_next/static/chunks/b2b3e_next_dist_77a734fe._.js:2297
[  341170ms] [LOG] [HMR] connected @ http://localhost:3001/_next/static/chunks/b2b3e_next_dist_77a734fe._.js:2297
[  341354ms] [LOG] [Fast Refresh] rebuilding @ http://localhost:3001/_next/static/chunks/b2b3e_next_dist_77a734fe._.js:2297
[  341681ms] [ERROR] Failed to load resource: the server responded with a status of 404 (Not Found) @ http://localhost:3001/avatar.jpg:0
[  341750ms] [INFO] %cDownload the React DevTools for a better development experience: https://react.dev/link/react-devtools font-weight:bold @ http://localhost:3001/_next/static/chunks/b2b3e_next_dist_77a734fe._.js:2297
[  341778ms] [LOG] [HMR] connected @ http://localhost:3001/_next/static/chunks/b2b3e_next_dist_77a734fe._.js:2297
[  341930ms] [LOG] [Fast Refresh] rebuilding @ http://localhost:3001/_next/static/chunks/b2b3e_next_dist_77a734fe._.js:2297
[  342258ms] [ERROR] Failed to load resource: the server responded with a status of 404 (Not Found) @ http://localhost:3001/avatar.jpg:0
[  342319ms] [INFO] %cDownload the React DevTools for a better development experience: https://react.dev/link/react-devtools font-weight:bold @ http://localhost:3001/_next/static/chunks/b2b3e_next_dist_77a734fe._.js:2297
[  342339ms] [LOG] [HMR] connected @ http://localhost:3001/_next/static/chunks/b2b3e_next_dist_77a734fe._.js:2297
[  342553ms] [LOG] [Fast Refresh] rebuilding @ http://localhost:3001/_next/static/chunks/b2b3e_next_dist_77a734fe._.js:2297
[  342875ms] [ERROR] Failed to load resource: the server responded with a status of 404 (Not Found) @ http://localhost:3001/avatar.jpg:0
[  342937ms] [INFO] %cDownload the React DevTools for a better development experience: https://react.dev/link/react-devtools font-weight:bold @ http://localhost:3001/_next/static/chunks/b2b3e_next_dist_77a734fe._.js:2297
[  342952ms] [LOG] [HMR] connected @ http://localhost:3001/_next/static/chunks/b2b3e_next_dist_77a734fe._.js:2297
[  343099ms] [LOG] [Fast Refresh] rebuilding @ http://localhost:3001/_next/static/chunks/b2b3e_next_dist_77a734fe._.js:2297
[  343408ms] [ERROR] Failed to load resource: the server responded with a status of 404 (Not Found) @ http://localhost:3001/avatar.jpg:0
[  343469ms] [INFO] %cDownload the React DevTools for a better development experience: https://react.dev/link/react-devtools font-weight:bold @ http://localhost:3001/_next/static/chunks/b2b3e_next_dist_77a734fe._.js:2297
[  343494ms] [LOG] [HMR] connected @ http://localhost:3001/_next/static/chunks/b2b3e_next_dist_77a734fe._.js:2297
[  343697ms] [LOG] [Fast Refresh] rebuilding @ http://localhost:3001/_next/static/chunks/b2b3e_next_dist_77a734fe._.js:2297
[  344001ms] [ERROR] Failed to load resource: the server responded with a status of 404 (Not Found) @ http://localhost:3001/avatar.jpg:0
[  344061ms] [INFO] %cDownload the React DevTools for a better development experience: https://react.dev/link/react-devtools font-weight:bold @ http://localhost:3001/_next/static/chunks/b2b3e_next_dist_77a734fe._.js:2297
[  344085ms] [LOG] [HMR] connected @ http://localhost:3001/_next/static/chunks/b2b3e_next_dist_77a734fe._.js:2297
[  344210ms] [LOG] [Fast Refresh] rebuilding @ http://localhost:3001/_next/static/chunks/b2b3e_next_dist_77a734fe._.js:2297
[  344498ms] [ERROR] Failed to load resource: the server responded with a status of 404 (Not Found) @ http://localhost:3001/avatar.jpg:0
[  344560ms] [INFO] %cDownload the React DevTools for a better development experience: https://react.dev/link/react-devtools font-weight:bold @ http://localhost:3001/_next/static/chunks/b2b3e_next_dist_77a734fe._.js:2297
[  344581ms] [LOG] [HMR] connected @ http://localhost:3001/_next/static/chunks/b2b3e_next_dist_77a734fe._.js:2297
[  344754ms] [LOG] [Fast Refresh] rebuilding @ http://localhost:3001/_next/static/chunks/b2b3e_next_dist_77a734fe._.js:2297
[  345053ms] [ERROR] Failed to load resource: the server responded with a status of 404 (Not Found) @ http://localhost:3001/avatar.jpg:0
[  345113ms] [INFO] %cDownload the React DevTools for a better development experience: https://react.dev/link/react-devtools font-weight:bold @ http://localhost:3001/_next/static/chunks/b2b3e_next_dist_77a734fe._.js:2297
[  345137ms] [LOG] [HMR] connected @ http://localhost:3001/_next/static/chunks/b2b3e_next_dist_77a734fe._.js:2297
[  345258ms] [LOG] [Fast Refresh] rebuilding @ http://localhost:3001/_next/static/chunks/b2b3e_next_dist_77a734fe._.js:2297
[  345552ms] [ERROR] Failed to load resource: the server responded with a status of 404 (Not Found) @ http://localhost:3001/avatar.jpg:0
[  345614ms] [INFO] %cDownload the React DevTools for a better development experience: https://react.dev/link/react-devtools font-weight:bold @ http://localhost:3001/_next/static/chunks/b2b3e_next_dist_77a734fe._.js:2297
[  345636ms] [LOG] [HMR] connected @ http://localhost:3001/_next/static/chunks/b2b3e_next_dist_77a734fe._.js:2297
[  345782ms] [LOG] [Fast Refresh] rebuilding @ http://localhost:3001/_next/static/chunks/b2b3e_next_dist_77a734fe._.js:2297
[  346063ms] [ERROR] Failed to load resource: the server responded with a status of 404 (Not Found) @ http://localhost:3001/avatar.jpg:0
[  346126ms] [INFO] %cDownload the React DevTools for a better development experience: https://react.dev/link/react-devtools font-weight:bold @ http://localhost:3001/_next/static/chunks/b2b3e_next_dist_77a734fe._.js:2297
[  346148ms] [LOG] [HMR] connected @ http://localhost:3001/_next/static/chunks/b2b3e_next_dist_77a734fe._.js:2297
[  346260ms] [LOG] [Fast Refresh] rebuilding @ http://localhost:3001/_next/static/chunks/b2b3e_next_dist_77a734fe._.js:2297
[  346554ms] [ERROR] Failed to load resource: the server responded with a status of 404 (Not Found) @ http://localhost:3001/avatar.jpg:0
[  346610ms] [INFO] %cDownload the React DevTools for a better development experience: https://react.dev/link/react-devtools font-weight:bold @ http://localhost:3001/_next/static/chunks/b2b3e_next_dist_77a734fe._.js:2297
[  346633ms] [LOG] [HMR] connected @ http://localhost:3001/_next/static/chunks/b2b3e_next_dist_77a734fe._.js:2297
[  346815ms] [LOG] [Fast Refresh] rebuilding @ http://localhost:3001/_next/static/chunks/b2b3e_next_dist_77a734fe._.js:2297
[  347107ms] [ERROR] Failed to load resource: the server responded with a status of 404 (Not Found) @ http://localhost:3001/avatar.jpg:0
[  347191ms] [INFO] %cDownload the React DevTools for a better development experience: https://react.dev/link/react-devtools font-weight:bold @ http://localhost:3001/_next/static/chunks/b2b3e_next_dist_77a734fe._.js:2297
[  347214ms] [LOG] [HMR] connected @ http://localhost:3001/_next/static/chunks/b2b3e_next_dist_77a734fe._.js:2297
[  347330ms] [LOG] [Fast Refresh] rebuilding @ http://localhost:3001/_next/static/chunks/b2b3e_next_dist_77a734fe._.js:2297
[  347600ms] [ERROR] Failed to load resource: the server responded with a status of 404 (Not Found) @ http://localhost:3001/avatar.jpg:0
[  347653ms] [INFO] %cDownload the React DevTools for a better development experience: https://react.dev/link/react-devtools font-weight:bold @ http://localhost:3001/_next/static/chunks/b2b3e_next_dist_77a734fe._.js:2297
[  347674ms] [LOG] [HMR] connected @ http://localhost:3001/_next/static/chunks/b2b3e_next_dist_77a734fe._.js:2297
[  347834ms] [LOG] [Fast Refresh] rebuilding @ http://localhost:3001/_next/static/chunks/b2b3e_next_dist_77a734fe._.js:2297
[  348100ms] [ERROR] Failed to load resource: the server responded with a status of 404 (Not Found) @ http://localhost:3001/avatar.jpg:0
[  348153ms] [INFO] %cDownload the React DevTools for a better development experience: https://react.dev/link/react-devtools font-weight:bold @ http://localhost:3001/_next/static/chunks/b2b3e_next_dist_77a734fe._.js:2297
[  348170ms] [LOG] [HMR] connected @ http://localhost:3001/_next/static/chunks/b2b3e_next_dist_77a734fe._.js:2297
[  348309ms] [LOG] [Fast Refresh] rebuilding @ http://localhost:3001/_next/static/chunks/b2b3e_next_dist_77a734fe._.js:2297
[  348575ms] [ERROR] Failed to load resource: the server responded with a status of 404 (Not Found) @ http://localhost:3001/avatar.jpg:0
[  348634ms] [INFO] %cDownload the React DevTools for a better development experience: https://react.dev/link/react-devtools font-weight:bold @ http://localhost:3001/_next/static/chunks/b2b3e_next_dist_77a734fe._.js:2297
[  348647ms] [LOG] [HMR] connected @ http://localhost:3001/_next/static/chunks/b2b3e_next_dist_77a734fe._.js:2297
[  348839ms] [LOG] [Fast Refresh] rebuilding @ http://localhost:3001/_next/static/chunks/b2b3e_next_dist_77a734fe._.js:2297
[  349115ms] [ERROR] Failed to load resource: the server responded with a status of 404 (Not Found) @ http://localhost:3001/avatar.jpg:0
[  349173ms] [INFO] %cDownload the React DevTools for a better development experience: https://react.dev/link/react-devtools font-weight:bold @ http://localhost:3001/_next/static/chunks/b2b3e_next_dist_77a734fe._.js:2297
[  349196ms] [LOG] [HMR] connected @ http://localhost:3001/_next/static/chunks/b2b3e_next_dist_77a734fe._.js:2297
[  349331ms] [LOG] [Fast Refresh] rebuilding @ http://localhost:3001/_next/static/chunks/b2b3e_next_dist_77a734fe._.js:2297
[  349634ms] [ERROR] Failed to load resource: the server responded with a status of 404 (Not Found) @ http://localhost:3001/avatar.jpg:0
[  349701ms] [INFO] %cDownload the React DevTools for a better development experience: https://react.dev/link/react-devtools font-weight:bold @ http://localhost:3001/_next/static/chunks/b2b3e_next_dist_77a734fe._.js:2297
[  349724ms] [LOG] [HMR] connected @ http://localhost:3001/_next/static/chunks/b2b3e_next_dist_77a734fe._.js:2297
[  349911ms] [LOG] [Fast Refresh] rebuilding @ http://localhost:3001/_next/static/chunks/b2b3e_next_dist_77a734fe._.js:2297
[  350447ms] [ERROR] Failed to load resource: the server responded with a status of 404 (Not Found) @ http://localhost:3001/avatar.jpg:0
[  350498ms] [INFO] %cDownload the React DevTools for a better development experience: https://react.dev/link/react-devtools font-weight:bold @ http://localhost:3001/_next/static/chunks/b2b3e_next_dist_77a734fe._.js:2297
[  350520ms] [LOG] [HMR] connected @ http://localhost:3001/_next/static/chunks/b2b3e_next_dist_77a734fe._.js:2297
[  350638ms] [LOG] [Fast Refresh] rebuilding @ http://localhost:3001/_next/static/chunks/b2b3e_next_dist_77a734fe._.js:2297
[  350921ms] [ERROR] Failed to load resource: the server responded with a status of 404 (Not Found) @ http://localhost:3001/avatar.jpg:0
[  350982ms] [INFO] %cDownload the React DevTools for a better development experience: https://react.dev/link/react-devtools font-weight:bold @ http://localhost:3001/_next/static/chunks/b2b3e_next_dist_77a734fe._.js:2297
[  351007ms] [LOG] [HMR] connected @ http://localhost:3001/_next/static/chunks/b2b3e_next_dist_77a734fe._.js:2297
[  351148ms] [LOG] [Fast Refresh] rebuilding @ http://localhost:3001/_next/static/chunks/b2b3e_next_dist_77a734fe._.js:2297
[  351419ms] [ERROR] Failed to load resource: the server responded with a status of 404 (Not Found) @ http://localhost:3001/avatar.jpg:0
[  351472ms] [INFO] %cDownload the React DevTools for a better development experience: https://react.dev/link/react-devtools font-weight:bold @ http://localhost:3001/_next/static/chunks/b2b3e_next_dist_77a734fe._.js:2297
[  351488ms] [LOG] [HMR] connected @ http://localhost:3001/_next/static/chunks/b2b3e_next_dist_77a734fe._.js:2297
[  351620ms] [LOG] [Fast Refresh] rebuilding @ http://localhost:3001/_next/static/chunks/b2b3e_next_dist_77a734fe._.js:2297
[  351908ms] [ERROR] Failed to load resource: the server responded with a status of 404 (Not Found) @ http://localhost:3001/avatar.jpg:0
[  351965ms] [INFO] %cDownload the React DevTools for a better development experience: https://react.dev/link/react-devtools font-weight:bold @ http://localhost:3001/_next/static/chunks/b2b3e_next_dist_77a734fe._.js:2297
[  351984ms] [LOG] [HMR] connected @ http://localhost:3001/_next/static/chunks/b2b3e_next_dist_77a734fe._.js:2297
[  352172ms] [LOG] [Fast Refresh] rebuilding @ http://localhost:3001/_next/static/chunks/b2b3e_next_dist_77a734fe._.js:2297
[  352444ms] [ERROR] Failed to load resource: the server responded with a status of 404 (Not Found) @ http://localhost:3001/avatar.jpg:0
[  352504ms] [INFO] %cDownload the React DevTools for a better development experience: https://react.dev/link/react-devtools font-weight:bold @ http://localhost:3001/_next/static/chunks/b2b3e_next_dist_77a734fe._.js:2297
[  352527ms] [LOG] [HMR] connected @ http://localhost:3001/_next/static/chunks/b2b3e_next_dist_77a734fe._.js:2297
[  352821ms] [LOG] [Fast Refresh] rebuilding @ http://localhost:3001/_next/static/chunks/b2b3e_next_dist_77a734fe._.js:2297
[  353129ms] [ERROR] Failed to load resource: the server responded with a status of 404 (Not Found) @ http://localhost:3001/avatar.jpg:0
[  353195ms] [INFO] %cDownload the React DevTools for a better development experience: https://react.dev/link/react-devtools font-weight:bold @ http://localhost:3001/_next/static/chunks/b2b3e_next_dist_77a734fe._.js:2297
[  353217ms] [LOG] [HMR] connected @ http://localhost:3001/_next/static/chunks/b2b3e_next_dist_77a734fe._.js:2297
[  353411ms] [LOG] [Fast Refresh] rebuilding @ http://localhost:3001/_next/static/chunks/b2b3e_next_dist_77a734fe._.js:2297
[  353682ms] [ERROR] Failed to load resource: the server responded with a status of 404 (Not Found) @ http://localhost:3001/avatar.jpg:0
[  353737ms] [INFO] %cDownload the React DevTools for a better development experience: https://react.dev/link/react-devtools font-weight:bold @ http://localhost:3001/_next/static/chunks/b2b3e_next_dist_77a734fe._.js:2297
[  353757ms] [LOG] [HMR] connected @ http://localhost:3001/_next/static/chunks/b2b3e_next_dist_77a734fe._.js:2297
[  353890ms] [LOG] [Fast Refresh] rebuilding @ http://localhost:3001/_next/static/chunks/b2b3e_next_dist_77a734fe._.js:2297
[  354171ms] [ERROR] Failed to load resource: the server responded with a status of 404 (Not Found) @ http://localhost:3001/avatar.jpg:0
[  354226ms] [INFO] %cDownload the React DevTools for a better development experience: https://react.dev/link/react-devtools font-weight:bold @ http://localhost:3001/_next/static/chunks/b2b3e_next_dist_77a734fe._.js:2297
[  354250ms] [LOG] [HMR] connected @ http://localhost:3001/_next/static/chunks/b2b3e_next_dist_77a734fe._.js:2297
[  354425ms] [LOG] [Fast Refresh] rebuilding @ http://localhost:3001/_next/static/chunks/b2b3e_next_dist_77a734fe._.js:2297
[  354702ms] [ERROR] Failed to load resource: the server responded with a status of 404 (Not Found) @ http://localhost:3001/avatar.jpg:0
[  354767ms] [INFO] %cDownload the React DevTools for a better development experience: https://react.dev/link/react-devtools font-weight:bold @ http://localhost:3001/_next/static/chunks/b2b3e_next_dist_77a734fe._.js:2297
[  354789ms] [LOG] [HMR] connected @ http://localhost:3001/_next/static/chunks/b2b3e_next_dist_77a734fe._.js:2297
[  354901ms] [LOG] [Fast Refresh] rebuilding @ http://localhost:3001/_next/static/chunks/b2b3e_next_dist_77a734fe._.js:2297
[  355181ms] [ERROR] Failed to load resource: the server responded with a status of 404 (Not Found) @ http://localhost:3001/avatar.jpg:0
[  355248ms] [INFO] %cDownload the React DevTools for a better development experience: https://react.dev/link/react-devtools font-weight:bold @ http://localhost:3001/_next/static/chunks/b2b3e_next_dist_77a734fe._.js:2297
[  355272ms] [LOG] [HMR] connected @ http://localhost:3001/_next/static/chunks/b2b3e_next_dist_77a734fe._.js:2297
[  355406ms] [LOG] [Fast Refresh] rebuilding @ http://localhost:3001/_next/static/chunks/b2b3e_next_dist_77a734fe._.js:2297
[  355681ms] [ERROR] Failed to load resource: the server responded with a status of 404 (Not Found) @ http://localhost:3001/avatar.jpg:0
[  355738ms] [INFO] %cDownload the React DevTools for a better development experience: https://react.dev/link/react-devtools font-weight:bold @ http://localhost:3001/_next/static/chunks/b2b3e_next_dist_77a734fe._.js:2297
[  355762ms] [LOG] [HMR] connected @ http://localhost:3001/_next/static/chunks/b2b3e_next_dist_77a734fe._.js:2297
[  355880ms] [LOG] [Fast Refresh] rebuilding @ http://localhost:3001/_next/static/chunks/b2b3e_next_dist_77a734fe._.js:2297
[  356150ms] [ERROR] Failed to load resource: the server responded with a status of 404 (Not Found) @ http://localhost:3001/avatar.jpg:0
[  356216ms] [INFO] %cDownload the React DevTools for a better development experience: https://react.dev/link/react-devtools font-weight:bold @ http://localhost:3001/_next/static/chunks/b2b3e_next_dist_77a734fe._.js:2297
[  356239ms] [LOG] [HMR] connected @ http://localhost:3001/_next/static/chunks/b2b3e_next_dist_77a734fe._.js:2297
[  356371ms] [LOG] [Fast Refresh] rebuilding @ http://localhost:3001/_next/static/chunks/b2b3e_next_dist_77a734fe._.js:2297
[  356643ms] [ERROR] Failed to load resource: the server responded with a status of 404 (Not Found) @ http://localhost:3001/avatar.jpg:0
[  356702ms] [INFO] %cDownload the React DevTools for a better development experience: https://react.dev/link/react-devtools font-weight:bold @ http://localhost:3001/_next/static/chunks/b2b3e_next_dist_77a734fe._.js:2297
[  356721ms] [LOG] [HMR] connected @ http://localhost:3001/_next/static/chunks/b2b3e_next_dist_77a734fe._.js:2297
[  356905ms] [LOG] [Fast Refresh] rebuilding @ http://localhost:3001/_next/static/chunks/b2b3e_next_dist_77a734fe._.js:2297
[  357187ms] [ERROR] Failed to load resource: the server responded with a status of 404 (Not Found) @ http://localhost:3001/avatar.jpg:0
[  357244ms] [INFO] %cDownload the React DevTools for a better development experience: https://react.dev/link/react-devtools font-weight:bold @ http://localhost:3001/_next/static/chunks/b2b3e_next_dist_77a734fe._.js:2297
[  357266ms] [LOG] [HMR] connected @ http://localhost:3001/_next/static/chunks/b2b3e_next_dist_77a734fe._.js:2297
[  357395ms] [LOG] [Fast Refresh] rebuilding @ http://localhost:3001/_next/static/chunks/b2b3e_next_dist_77a734fe._.js:2297
[  357694ms] [ERROR] Failed to load resource: the server responded with a status of 404 (Not Found) @ http://localhost:3001/avatar.jpg:0
[  357747ms] [INFO] %cDownload the React DevTools for a better development experience: https://react.dev/link/react-devtools font-weight:bold @ http://localhost:3001/_next/static/chunks/b2b3e_next_dist_77a734fe._.js:2297
[  357770ms] [LOG] [HMR] connected @ http://localhost:3001/_next/static/chunks/b2b3e_next_dist_77a734fe._.js:2297
[  357851ms] [LOG] [Fast Refresh] rebuilding @ http://localhost:3001/_next/static/chunks/b2b3e_next_dist_77a734fe._.js:2297
[  358121ms] [ERROR] Failed to load resource: the server responded with a status of 404 (Not Found) @ http://localhost:3001/avatar.jpg:0
[  358179ms] [INFO] %cDownload the React DevTools for a better development experience: https://react.dev/link/react-devtools font-weight:bold @ http://localhost:3001/_next/static/chunks/b2b3e_next_dist_77a734fe._.js:2297
[  358201ms] [LOG] [HMR] connected @ http://localhost:3001/_next/static/chunks/b2b3e_next_dist_77a734fe._.js:2297
[  358324ms] [LOG] [Fast Refresh] rebuilding @ http://localhost:3001/_next/static/chunks/b2b3e_next_dist_77a734fe._.js:2297
[  358608ms] [ERROR] Failed to load resource: the server responded with a status of 404 (Not Found) @ http://localhost:3001/avatar.jpg:0
[  358668ms] [INFO] %cDownload the React DevTools for a better development experience: https://react.dev/link/react-devtools font-weight:bold @ http://localhost:3001/_next/static/chunks/b2b3e_next_dist_77a734fe._.js:2297
[  358688ms] [LOG] [HMR] connected @ http://localhost:3001/_next/static/chunks/b2b3e_next_dist_77a734fe._.js:2297
[  358852ms] [LOG] [Fast Refresh] rebuilding @ http://localhost:3001/_next/static/chunks/b2b3e_next_dist_77a734fe._.js:2297
[  359110ms] [ERROR] Failed to load resource: the server responded with a status of 404 (Not Found) @ http://localhost:3001/avatar.jpg:0
[  359161ms] [INFO] %cDownload the React DevTools for a better development experience: https://react.dev/link/react-devtools font-weight:bold @ http://localhost:3001/_next/static/chunks/b2b3e_next_dist_77a734fe._.js:2297
[  359181ms] [LOG] [HMR] connected @ http://localhost:3001/_next/static/chunks/b2b3e_next_dist_77a734fe._.js:2297
[  359314ms] [LOG] [Fast Refresh] rebuilding @ http://localhost:3001/_next/static/chunks/b2b3e_next_dist_77a734fe._.js:2297
[  359585ms] [ERROR] Failed to load resource: the server responded with a status of 404 (Not Found) @ http://localhost:3001/avatar.jpg:0
[  359641ms] [INFO] %cDownload the React DevTools for a better development experience: https://react.dev/link/react-devtools font-weight:bold @ http://localhost:3001/_next/static/chunks/b2b3e_next_dist_77a734fe._.js:2297
[  359660ms] [LOG] [HMR] connected @ http://localhost:3001/_next/static/chunks/b2b3e_next_dist_77a734fe._.js:2297
[  359790ms] [LOG] [Fast Refresh] rebuilding @ http://localhost:3001/_next/static/chunks/b2b3e_next_dist_77a734fe._.js:2297
[  360089ms] [ERROR] Failed to load resource: the server responded with a status of 404 (Not Found) @ http://localhost:3001/avatar.jpg:0
[  360156ms] [INFO] %cDownload the React DevTools for a better development experience: https://react.dev/link/react-devtools font-weight:bold @ http://localhost:3001/_next/static/chunks/b2b3e_next_dist_77a734fe._.js:2297
[  360178ms] [LOG] [HMR] connected @ http://localhost:3001/_next/static/chunks/b2b3e_next_dist_77a734fe._.js:2297
[  360337ms] [LOG] [Fast Refresh] rebuilding @ http://localhost:3001/_next/static/chunks/b2b3e_next_dist_77a734fe._.js:2297
[  360624ms] [ERROR] Failed to load resource: the server responded with a status of 404 (Not Found) @ http://localhost:3001/avatar.jpg:0
[  360679ms] [INFO] %cDownload the React DevTools for a better development experience: https://react.dev/link/react-devtools font-weight:bold @ http://localhost:3001/_next/static/chunks/b2b3e_next_dist_77a734fe._.js:2297
[  360701ms] [LOG] [HMR] connected @ http://localhost:3001/_next/static/chunks/b2b3e_next_dist_77a734fe._.js:2297
[  360812ms] [LOG] [Fast Refresh] rebuilding @ http://localhost:3001/_next/static/chunks/b2b3e_next_dist_77a734fe._.js:2297
[  361079ms] [ERROR] Failed to load resource: the server responded with a status of 404 (Not Found) @ http://localhost:3001/avatar.jpg:0
[  361135ms] [INFO] %cDownload the React DevTools for a better development experience: https://react.dev/link/react-devtools font-weight:bold @ http://localhost:3001/_next/static/chunks/b2b3e_next_dist_77a734fe._.js:2297
[  361156ms] [LOG] [HMR] connected @ http://localhost:3001/_next/static/chunks/b2b3e_next_dist_77a734fe._.js:2297
[  361272ms] [LOG] [Fast Refresh] rebuilding @ http://localhost:3001/_next/static/chunks/b2b3e_next_dist_77a734fe._.js:2297
[  361541ms] [ERROR] Failed to load resource: the server responded with a status of 404 (Not Found) @ http://localhost:3001/avatar.jpg:0
[  361598ms] [INFO] %cDownload the React DevTools for a better development experience: https://react.dev/link/react-devtools font-weight:bold @ http://localhost:3001/_next/static/chunks/b2b3e_next_dist_77a734fe._.js:2297
[  361621ms] [LOG] [HMR] connected @ http://localhost:3001/_next/static/chunks/b2b3e_next_dist_77a734fe._.js:2297
[  361797ms] [LOG] [Fast Refresh] rebuilding @ http://localhost:3001/_next/static/chunks/b2b3e_next_dist_77a734fe._.js:2297
[  362064ms] [ERROR] Failed to load resource: the server responded with a status of 404 (Not Found) @ http://localhost:3001/avatar.jpg:0
[  362122ms] [INFO] %cDownload the React DevTools for a better development experience: https://react.dev/link/react-devtools font-weight:bold @ http://localhost:3001/_next/static/chunks/b2b3e_next_dist_77a734fe._.js:2297
[  362145ms] [LOG] [HMR] connected @ http://localhost:3001/_next/static/chunks/b2b3e_next_dist_77a734fe._.js:2297
[  362266ms] [LOG] [Fast Refresh] rebuilding @ http://localhost:3001/_next/static/chunks/b2b3e_next_dist_77a734fe._.js:2297
[  362547ms] [ERROR] Failed to load resource: the server responded with a status of 404 (Not Found) @ http://localhost:3001/avatar.jpg:0
[  362603ms] [INFO] %cDownload the React DevTools for a better development experience: https://react.dev/link/react-devtools font-weight:bold @ http://localhost:3001/_next/static/chunks/b2b3e_next_dist_77a734fe._.js:2297
[  362627ms] [LOG] [HMR] connected @ http://localhost:3001/_next/static/chunks/b2b3e_next_dist_77a734fe._.js:2297
[  362731ms] [LOG] [Fast Refresh] rebuilding @ http://localhost:3001/_next/static/chunks/b2b3e_next_dist_77a734fe._.js:2297
[  363003ms] [ERROR] Failed to load resource: the server responded with a status of 404 (Not Found) @ http://localhost:3001/avatar.jpg:0
[  363060ms] [INFO] %cDownload the React DevTools for a better development experience: https://react.dev/link/react-devtools font-weight:bold @ http://localhost:3001/_next/static/chunks/b2b3e_next_dist_77a734fe._.js:2297
[  363085ms] [LOG] [HMR] connected @ http://localhost:3001/_next/static/chunks/b2b3e_next_dist_77a734fe._.js:2297
[  363256ms] [LOG] [Fast Refresh] rebuilding @ http://localhost:3001/_next/static/chunks/b2b3e_next_dist_77a734fe._.js:2297
[  363528ms] [ERROR] Failed to load resource: the server responded with a status of 404 (Not Found) @ http://localhost:3001/avatar.jpg:0
[  363585ms] [INFO] %cDownload the React DevTools for a better development experience: https://react.dev/link/react-devtools font-weight:bold @ http://localhost:3001/_next/static/chunks/b2b3e_next_dist_77a734fe._.js:2297
[  363606ms] [LOG] [HMR] connected @ http://localhost:3001/_next/static/chunks/b2b3e_next_dist_77a734fe._.js:2297
[  363721ms] [LOG] [Fast Refresh] rebuilding @ http://localhost:3001/_next/static/chunks/b2b3e_next_dist_77a734fe._.js:2297
[  364003ms] [ERROR] Failed to load resource: the server responded with a status of 404 (Not Found) @ http://localhost:3001/avatar.jpg:0
[  364060ms] [INFO] %cDownload the React DevTools for a better development experience: https://react.dev/link/react-devtools font-weight:bold @ http://localhost:3001/_next/static/chunks/b2b3e_next_dist_77a734fe._.js:2297
[  364082ms] [LOG] [HMR] connected @ http://localhost:3001/_next/static/chunks/b2b3e_next_dist_77a734fe._.js:2297
[  364252ms] [LOG] [Fast Refresh] rebuilding @ http://localhost:3001/_next/static/chunks/b2b3e_next_dist_77a734fe._.js:2297
[  364516ms] [ERROR] Failed to load resource: the server responded with a status of 404 (Not Found) @ http://localhost:3001/avatar.jpg:0
[  364572ms] [INFO] %cDownload the React DevTools for a better development experience: https://react.dev/link/react-devtools font-weight:bold @ http://localhost:3001/_next/static/chunks/b2b3e_next_dist_77a734fe._.js:2297
[  364596ms] [LOG] [HMR] connected @ http://localhost:3001/_next/static/chunks/b2b3e_next_dist_77a734fe._.js:2297
[  364716ms] [LOG] [Fast Refresh] rebuilding @ http://localhost:3001/_next/static/chunks/b2b3e_next_dist_77a734fe._.js:2297
[  364995ms] [ERROR] Failed to load resource: the server responded with a status of 404 (Not Found) @ http://localhost:3001/avatar.jpg:0
[  365051ms] [INFO] %cDownload the React DevTools for a better development experience: https://react.dev/link/react-devtools font-weight:bold @ http://localhost:3001/_next/static/chunks/b2b3e_next_dist_77a734fe._.js:2297
[  365074ms] [LOG] [HMR] connected @ http://localhost:3001/_next/static/chunks/b2b3e_next_dist_77a734fe._.js:2297
[  365254ms] [LOG] [Fast Refresh] rebuilding @ http://localhost:3001/_next/static/chunks/b2b3e_next_dist_77a734fe._.js:2297
[  365536ms] [ERROR] Failed to load resource: the server responded with a status of 404 (Not Found) @ http://localhost:3001/avatar.jpg:0
[  365601ms] [INFO] %cDownload the React DevTools for a better development experience: https://react.dev/link/react-devtools font-weight:bold @ http://localhost:3001/_next/static/chunks/b2b3e_next_dist_77a734fe._.js:2297
[  365622ms] [LOG] [HMR] connected @ http://localhost:3001/_next/static/chunks/b2b3e_next_dist_77a734fe._.js:2297
[  365734ms] [LOG] [Fast Refresh] rebuilding @ http://localhost:3001/_next/static/chunks/b2b3e_next_dist_77a734fe._.js:2297
[  366012ms] [ERROR] Failed to load resource: the server responded with a status of 404 (Not Found) @ http://localhost:3001/avatar.jpg:0
[  366066ms] [INFO] %cDownload the React DevTools for a better development experience: https://react.dev/link/react-devtools font-weight:bold @ http://localhost:3001/_next/static/chunks/b2b3e_next_dist_77a734fe._.js:2297
[  366092ms] [LOG] [HMR] connected @ http://localhost:3001/_next/static/chunks/b2b3e_next_dist_77a734fe._.js:2297
[  366255ms] [LOG] [Fast Refresh] rebuilding @ http://localhost:3001/_next/static/chunks/b2b3e_next_dist_77a734fe._.js:2297
[  366538ms] [ERROR] Failed to load resource: the server responded with a status of 404 (Not Found) @ http://localhost:3001/avatar.jpg:0
[  366600ms] [INFO] %cDownload the React DevTools for a better development experience: https://react.dev/link/react-devtools font-weight:bold @ http://localhost:3001/_next/static/chunks/b2b3e_next_dist_77a734fe._.js:2297
[  366621ms] [LOG] [HMR] connected @ http://localhost:3001/_next/static/chunks/b2b3e_next_dist_77a734fe._.js:2297
[  366749ms] [LOG] [Fast Refresh] rebuilding @ http://localhost:3001/_next/static/chunks/b2b3e_next_dist_77a734fe._.js:2297
[  367037ms] [ERROR] Failed to load resource: the server responded with a status of 404 (Not Found) @ http://localhost:3001/avatar.jpg:0
[  367098ms] [INFO] %cDownload the React DevTools for a better development experience: https://react.dev/link/react-devtools font-weight:bold @ http://localhost:3001/_next/static/chunks/b2b3e_next_dist_77a734fe._.js:2297
[  367121ms] [LOG] [HMR] connected @ http://localhost:3001/_next/static/chunks/b2b3e_next_dist_77a734fe._.js:2297
[  367292ms] [LOG] [Fast Refresh] rebuilding @ http://localhost:3001/_next/static/chunks/b2b3e_next_dist_77a734fe._.js:2297
[  367568ms] [ERROR] Failed to load resource: the server responded with a status of 404 (Not Found) @ http://localhost:3001/avatar.jpg:0
[  367619ms] [INFO] %cDownload the React DevTools for a better development experience: https://react.dev/link/react-devtools font-weight:bold @ http://localhost:3001/_next/static/chunks/b2b3e_next_dist_77a734fe._.js:2297
[  367642ms] [LOG] [HMR] connected @ http://localhost:3001/_next/static/chunks/b2b3e_next_dist_77a734fe._.js:2297
[  367758ms] [LOG] [Fast Refresh] rebuilding @ http://localhost:3001/_next/static/chunks/b2b3e_next_dist_77a734fe._.js:2297
[  368044ms] [ERROR] Failed to load resource: the server responded with a status of 404 (Not Found) @ http://localhost:3001/avatar.jpg:0
[  368101ms] [INFO] %cDownload the React DevTools for a better development experience: https://react.dev/link/react-devtools font-weight:bold @ http://localhost:3001/_next/static/chunks/b2b3e_next_dist_77a734fe._.js:2297
[  368126ms] [LOG] [HMR] connected @ http://localhost:3001/_next/static/chunks/b2b3e_next_dist_77a734fe._.js:2297
[  368240ms] [LOG] [Fast Refresh] rebuilding @ http://localhost:3001/_next/static/chunks/b2b3e_next_dist_77a734fe._.js:2297
[  368532ms] [ERROR] Failed to load resource: the server responded with a status of 404 (Not Found) @ http://localhost:3001/avatar.jpg:0
[  368593ms] [INFO] %cDownload the React DevTools for a better development experience: https://react.dev/link/react-devtools font-weight:bold @ http://localhost:3001/_next/static/chunks/b2b3e_next_dist_77a734fe._.js:2297
[  368616ms] [LOG] [HMR] connected @ http://localhost:3001/_next/static/chunks/b2b3e_next_dist_77a734fe._.js:2297
[  368776ms] [LOG] [Fast Refresh] rebuilding @ http://localhost:3001/_next/static/chunks/b2b3e_next_dist_77a734fe._.js:2297
[  369074ms] [ERROR] Failed to load resource: the server responded with a status of 404 (Not Found) @ http://localhost:3001/avatar.jpg:0
[  369129ms] [INFO] %cDownload the React DevTools for a better development experience: https://react.dev/link/react-devtools font-weight:bold @ http://localhost:3001/_next/static/chunks/b2b3e_next_dist_77a734fe._.js:2297
[  369151ms] [LOG] [HMR] connected @ http://localhost:3001/_next/static/chunks/b2b3e_next_dist_77a734fe._.js:2297
[  369263ms] [LOG] [Fast Refresh] rebuilding @ http://localhost:3001/_next/static/chunks/b2b3e_next_dist_77a734fe._.js:2297
[  369592ms] [ERROR] Failed to load resource: the server responded with a status of 404 (Not Found) @ http://localhost:3001/avatar.jpg:0
[  369656ms] [INFO] %cDownload the React DevTools for a better development experience: https://react.dev/link/react-devtools font-weight:bold @ http://localhost:3001/_next/static/chunks/b2b3e_next_dist_77a734fe._.js:2297
[  369679ms] [LOG] [HMR] connected @ http://localhost:3001/_next/static/chunks/b2b3e_next_dist_77a734fe._.js:2297
[  369855ms] [LOG] [Fast Refresh] rebuilding @ http://localhost:3001/_next/static/chunks/b2b3e_next_dist_77a734fe._.js:2297
[  370150ms] [ERROR] Failed to load resource: the server responded with a status of 404 (Not Found) @ http://localhost:3001/avatar.jpg:0
[  370214ms] [INFO] %cDownload the React DevTools for a better development experience: https://react.dev/link/react-devtools font-weight:bold @ http://localhost:3001/_next/static/chunks/b2b3e_next_dist_77a734fe._.js:2297
[  370238ms] [LOG] [HMR] connected @ http://localhost:3001/_next/static/chunks/b2b3e_next_dist_77a734fe._.js:2297
[  370404ms] [LOG] [Fast Refresh] rebuilding @ http://localhost:3001/_next/static/chunks/b2b3e_next_dist_77a734fe._.js:2297
[  370759ms] [ERROR] Failed to load resource: the server responded with a status of 404 (Not Found) @ http://localhost:3001/avatar.jpg:0
[  370830ms] [INFO] %cDownload the React DevTools for a better development experience: https://react.dev/link/react-devtools font-weight:bold @ http://localhost:3001/_next/static/chunks/b2b3e_next_dist_77a734fe._.js:2297
[  370853ms] [LOG] [HMR] connected @ http://localhost:3001/_next/static/chunks/b2b3e_next_dist_77a734fe._.js:2297
[  371042ms] [LOG] [Fast Refresh] rebuilding @ http://localhost:3001/_next/static/chunks/b2b3e_next_dist_77a734fe._.js:2297
[  371346ms] [ERROR] Failed to load resource: the server responded with a status of 404 (Not Found) @ http://localhost:3001/avatar.jpg:0
[  371397ms] [INFO] %cDownload the React DevTools for a better development experience: https://react.dev/link/react-devtools font-weight:bold @ http://localhost:3001/_next/static/chunks/b2b3e_next_dist_77a734fe._.js:2297
[  371422ms] [LOG] [HMR] connected @ http://localhost:3001/_next/static/chunks/b2b3e_next_dist_77a734fe._.js:2297
[  371543ms] [LOG] [Fast Refresh] rebuilding @ http://localhost:3001/_next/static/chunks/b2b3e_next_dist_77a734fe._.js:2297
[  371852ms] [ERROR] Failed to load resource: the server responded with a status of 404 (Not Found) @ http://localhost:3001/avatar.jpg:0
[  371914ms] [INFO] %cDownload the React DevTools for a better development experience: https://react.dev/link/react-devtools font-weight:bold @ http://localhost:3001/_next/static/chunks/b2b3e_next_dist_77a734fe._.js:2297
[  371939ms] [LOG] [HMR] connected @ http://localhost:3001/_next/static/chunks/b2b3e_next_dist_77a734fe._.js:2297
[  372133ms] [LOG] [Fast Refresh] rebuilding @ http://localhost:3001/_next/static/chunks/b2b3e_next_dist_77a734fe._.js:2297
[  372417ms] [ERROR] Failed to load resource: the server responded with a status of 404 (Not Found) @ http://localhost:3001/avatar.jpg:0
[  372469ms] [INFO] %cDownload the React DevTools for a better development experience: https://react.dev/link/react-devtools font-weight:bold @ http://localhost:3001/_next/static/chunks/b2b3e_next_dist_77a734fe._.js:2297
[  372494ms] [LOG] [HMR] connected @ http://localhost:3001/_next/static/chunks/b2b3e_next_dist_77a734fe._.js:2297
[  372635ms] [LOG] [Fast Refresh] rebuilding @ http://localhost:3001/_next/static/chunks/b2b3e_next_dist_77a734fe._.js:2297
[  372913ms] [ERROR] Failed to load resource: the server responded with a status of 404 (Not Found) @ http://localhost:3001/avatar.jpg:0
[  372969ms] [INFO] %cDownload the React DevTools for a better development experience: https://react.dev/link/react-devtools font-weight:bold @ http://localhost:3001/_next/static/chunks/b2b3e_next_dist_77a734fe._.js:2297
[  372994ms] [LOG] [HMR] connected @ http://localhost:3001/_next/static/chunks/b2b3e_next_dist_77a734fe._.js:2297
[  373181ms] [LOG] [Fast Refresh] rebuilding @ http://localhost:3001/_next/static/chunks/b2b3e_next_dist_77a734fe._.js:2297
[  373475ms] [ERROR] Failed to load resource: the server responded with a status of 404 (Not Found) @ http://localhost:3001/avatar.jpg:0
[  373536ms] [INFO] %cDownload the React DevTools for a better development experience: https://react.dev/link/react-devtools font-weight:bold @ http://localhost:3001/_next/static/chunks/b2b3e_next_dist_77a734fe._.js:2297
[  373559ms] [LOG] [HMR] connected @ http://localhost:3001/_next/static/chunks/b2b3e_next_dist_77a734fe._.js:2297
[  373667ms] [LOG] [Fast Refresh] rebuilding @ http://localhost:3001/_next/static/chunks/b2b3e_next_dist_77a734fe._.js:2297
[  373970ms] [ERROR] Failed to load resource: the server responded with a status of 404 (Not Found) @ http://localhost:3001/avatar.jpg:0
[  374037ms] [INFO] %cDownload the React DevTools for a better development experience: https://react.dev/link/react-devtools font-weight:bold @ http://localhost:3001/_next/static/chunks/b2b3e_next_dist_77a734fe._.js:2297
[  374062ms] [LOG] [HMR] connected @ http://localhost:3001/_next/static/chunks/b2b3e_next_dist_77a734fe._.js:2297
[  374213ms] [LOG] [Fast Refresh] rebuilding @ http://localhost:3001/_next/static/chunks/b2b3e_next_dist_77a734fe._.js:2297
[  374815ms] [ERROR] Failed to load resource: the server responded with a status of 404 (Not Found) @ http://localhost:3001/avatar.jpg:0
[  374874ms] [INFO] %cDownload the React DevTools for a better development experience: https://react.dev/link/react-devtools font-weight:bold @ http://localhost:3001/_next/static/chunks/b2b3e_next_dist_77a734fe._.js:2297
[  374892ms] [LOG] [HMR] connected @ http://localhost:3001/_next/static/chunks/b2b3e_next_dist_77a734fe._.js:2297
[  375026ms] [LOG] [Fast Refresh] rebuilding @ http://localhost:3001/_next/static/chunks/b2b3e_next_dist_77a734fe._.js:2297
[  375355ms] [ERROR] Failed to load resource: the server responded with a status of 404 (Not Found) @ http://localhost:3001/avatar.jpg:0
[  375423ms] [INFO] %cDownload the React DevTools for a better development experience: https://react.dev/link/react-devtools font-weight:bold @ http://localhost:3001/_next/static/chunks/b2b3e_next_dist_77a734fe._.js:2297
[  375450ms] [LOG] [HMR] connected @ http://localhost:3001/_next/static/chunks/b2b3e_next_dist_77a734fe._.js:2297
[  375630ms] [LOG] [Fast Refresh] rebuilding @ http://localhost:3001/_next/static/chunks/b2b3e_next_dist_77a734fe._.js:2297
[  375915ms] [ERROR] Failed to load resource: the server responded with a status of 404 (Not Found) @ http://localhost:3001/avatar.jpg:0
[  375975ms] [INFO] %cDownload the React DevTools for a better development experience: https://react.dev/link/react-devtools font-weight:bold @ http://localhost:3001/_next/static/chunks/b2b3e_next_dist_77a734fe._.js:2297
[  376004ms] [LOG] [HMR] connected @ http://localhost:3001/_next/static/chunks/b2b3e_next_dist_77a734fe._.js:2297
[  376186ms] [LOG] [Fast Refresh] rebuilding @ http://localhost:3001/_next/static/chunks/b2b3e_next_dist_77a734fe._.js:2297
[  376502ms] [ERROR] Failed to load resource: the server responded with a status of 404 (Not Found) @ http://localhost:3001/avatar.jpg:0
[  376556ms] [INFO] %cDownload the React DevTools for a better development experience: https://react.dev/link/react-devtools font-weight:bold @ http://localhost:3001/_next/static/chunks/b2b3e_next_dist_77a734fe._.js:2297
[  376585ms] [LOG] [HMR] connected @ http://localhost:3001/_next/static/chunks/b2b3e_next_dist_77a734fe._.js:2297
[  376755ms] [LOG] [Fast Refresh] rebuilding @ http://localhost:3001/_next/static/chunks/b2b3e_next_dist_77a734fe._.js:2297
[  377052ms] [ERROR] Failed to load resource: the server responded with a status of 404 (Not Found) @ http://localhost:3001/avatar.jpg:0
[  377111ms] [INFO] %cDownload the React DevTools for a better development experience: https://react.dev/link/react-devtools font-weight:bold @ http://localhost:3001/_next/static/chunks/b2b3e_next_dist_77a734fe._.js:2297
[  377136ms] [LOG] [HMR] connected @ http://localhost:3001/_next/static/chunks/b2b3e_next_dist_77a734fe._.js:2297
[  377266ms] [LOG] [Fast Refresh] rebuilding @ http://localhost:3001/_next/static/chunks/b2b3e_next_dist_77a734fe._.js:2297
[  377570ms] [ERROR] Failed to load resource: the server responded with a status of 404 (Not Found) @ http://localhost:3001/avatar.jpg:0
[  377628ms] [INFO] %cDownload the React DevTools for a better development experience: https://react.dev/link/react-devtools font-weight:bold @ http://localhost:3001/_next/static/chunks/b2b3e_next_dist_77a734fe._.js:2297
[  377651ms] [LOG] [HMR] connected @ http://localhost:3001/_next/static/chunks/b2b3e_next_dist_77a734fe._.js:2297
[  377823ms] [LOG] [Fast Refresh] rebuilding @ http://localhost:3001/_next/static/chunks/b2b3e_next_dist_77a734fe._.js:2297
[  378117ms] [ERROR] Failed to load resource: the server responded with a status of 404 (Not Found) @ http://localhost:3001/avatar.jpg:0
[  378175ms] [INFO] %cDownload the React DevTools for a better development experience: https://react.dev/link/react-devtools font-weight:bold @ http://localhost:3001/_next/static/chunks/b2b3e_next_dist_77a734fe._.js:2297
[  378195ms] [LOG] [HMR] connected @ http://localhost:3001/_next/static/chunks/b2b3e_next_dist_77a734fe._.js:2297
[  378322ms] [LOG] [Fast Refresh] rebuilding @ http://localhost:3001/_next/static/chunks/b2b3e_next_dist_77a734fe._.js:2297
[  378627ms] [ERROR] Failed to load resource: the server responded with a status of 404 (Not Found) @ http://localhost:3001/avatar.jpg:0
[  378682ms] [INFO] %cDownload the React DevTools for a better development experience: https://react.dev/link/react-devtools font-weight:bold @ http://localhost:3001/_next/static/chunks/b2b3e_next_dist_77a734fe._.js:2297
[  378709ms] [LOG] [HMR] connected @ http://localhost:3001/_next/static/chunks/b2b3e_next_dist_77a734fe._.js:2297
[  378879ms] [LOG] [Fast Refresh] rebuilding @ http://localhost:3001/_next/static/chunks/b2b3e_next_dist_77a734fe._.js:2297
[  379211ms] [ERROR] Failed to load resource: the server responded with a status of 404 (Not Found) @ http://localhost:3001/avatar.jpg:0
[  379282ms] [INFO] %cDownload the React DevTools for a better development experience: https://react.dev/link/react-devtools font-weight:bold @ http://localhost:3001/_next/static/chunks/b2b3e_next_dist_77a734fe._.js:2297
[  379307ms] [LOG] [HMR] connected @ http://localhost:3001/_next/static/chunks/b2b3e_next_dist_77a734fe._.js:2297
[  379432ms] [LOG] [Fast Refresh] rebuilding @ http://localhost:3001/_next/static/chunks/b2b3e_next_dist_77a734fe._.js:2297
[  379760ms] [ERROR] Failed to load resource: the server responded with a status of 404 (Not Found) @ http://localhost:3001/avatar.jpg:0
[  379828ms] [INFO] %cDownload the React DevTools for a better development experience: https://react.dev/link/react-devtools font-weight:bold @ http://localhost:3001/_next/static/chunks/b2b3e_next_dist_77a734fe._.js:2297
[  379855ms] [LOG] [HMR] connected @ http://localhost:3001/_next/static/chunks/b2b3e_next_dist_77a734fe._.js:2297
[  380057ms] [LOG] [Fast Refresh] rebuilding @ http://localhost:3001/_next/static/chunks/b2b3e_next_dist_77a734fe._.js:2297
[  380350ms] [ERROR] Failed to load resource: the server responded with a status of 404 (Not Found) @ http://localhost:3001/avatar.jpg:0
[  380415ms] [INFO] %cDownload the React DevTools for a better development experience: https://react.dev/link/react-devtools font-weight:bold @ http://localhost:3001/_next/static/chunks/b2b3e_next_dist_77a734fe._.js:2297
[  380436ms] [LOG] [HMR] connected @ http://localhost:3001/_next/static/chunks/b2b3e_next_dist_77a734fe._.js:2297
[  380577ms] [LOG] [Fast Refresh] rebuilding @ http://localhost:3001/_next/static/chunks/b2b3e_next_dist_77a734fe._.js:2297
[  380873ms] [ERROR] Failed to load resource: the server responded with a status of 404 (Not Found) @ http://localhost:3001/avatar.jpg:0
[  380929ms] [INFO] %cDownload the React DevTools for a better development experience: https://react.dev/link/react-devtools font-weight:bold @ http://localhost:3001/_next/static/chunks/b2b3e_next_dist_77a734fe._.js:2297
[  380956ms] [LOG] [HMR] connected @ http://localhost:3001/_next/static/chunks/b2b3e_next_dist_77a734fe._.js:2297
[  381141ms] [LOG] [Fast Refresh] rebuilding @ http://localhost:3001/_next/static/chunks/b2b3e_next_dist_77a734fe._.js:2297
[  381436ms] [ERROR] Failed to load resource: the server responded with a status of 404 (Not Found) @ http://localhost:3001/avatar.jpg:0
[  381503ms] [INFO] %cDownload the React DevTools for a better development experience: https://react.dev/link/react-devtools font-weight:bold @ http://localhost:3001/_next/static/chunks/b2b3e_next_dist_77a734fe._.js:2297
[  381526ms] [LOG] [HMR] connected @ http://localhost:3001/_next/static/chunks/b2b3e_next_dist_77a734fe._.js:2297
[  381678ms] [LOG] [Fast Refresh] rebuilding @ http://localhost:3001/_next/static/chunks/b2b3e_next_dist_77a734fe._.js:2297
[  382004ms] [ERROR] Failed to load resource: the server responded with a status of 404 (Not Found) @ http://localhost:3001/avatar.jpg:0
[  382072ms] [INFO] %cDownload the React DevTools for a better development experience: https://react.dev/link/react-devtools font-weight:bold @ http://localhost:3001/_next/static/chunks/b2b3e_next_dist_77a734fe._.js:2297
[  382099ms] [LOG] [HMR] connected @ http://localhost:3001/_next/static/chunks/b2b3e_next_dist_77a734fe._.js:2297
[  382287ms] [LOG] [Fast Refresh] rebuilding @ http://localhost:3001/_next/static/chunks/b2b3e_next_dist_77a734fe._.js:2297
[  382587ms] [ERROR] Failed to load resource: the server responded with a status of 404 (Not Found) @ http://localhost:3001/avatar.jpg:0
[  382656ms] [INFO] %cDownload the React DevTools for a better development experience: https://react.dev/link/react-devtools font-weight:bold @ http://localhost:3001/_next/static/chunks/b2b3e_next_dist_77a734fe._.js:2297
[  382681ms] [LOG] [HMR] connected @ http://localhost:3001/_next/static/chunks/b2b3e_next_dist_77a734fe._.js:2297
[  382818ms] [LOG] [Fast Refresh] rebuilding @ http://localhost:3001/_next/static/chunks/b2b3e_next_dist_77a734fe._.js:2297
[  383171ms] [ERROR] Failed to load resource: the server responded with a status of 404 (Not Found) @ http://localhost:3001/avatar.jpg:0
[  383235ms] [INFO] %cDownload the React DevTools for a better development experience: https://react.dev/link/react-devtools font-weight:bold @ http://localhost:3001/_next/static/chunks/b2b3e_next_dist_77a734fe._.js:2297
[  383260ms] [LOG] [HMR] connected @ http://localhost:3001/_next/static/chunks/b2b3e_next_dist_77a734fe._.js:2297
[  383508ms] [LOG] [Fast Refresh] rebuilding @ http://localhost:3001/_next/static/chunks/b2b3e_next_dist_77a734fe._.js:2297
[  383826ms] [ERROR] Failed to load resource: the server responded with a status of 404 (Not Found) @ http://localhost:3001/avatar.jpg:0
[  383889ms] [INFO] %cDownload the React DevTools for a better development experience: https://react.dev/link/react-devtools font-weight:bold @ http://localhost:3001/_next/static/chunks/b2b3e_next_dist_77a734fe._.js:2297
[  383912ms] [LOG] [HMR] connected @ http://localhost:3001/_next/static/chunks/b2b3e_next_dist_77a734fe._.js:2297
[  384040ms] [LOG] [Fast Refresh] rebuilding @ http://localhost:3001/_next/static/chunks/b2b3e_next_dist_77a734fe._.js:2297
[  384348ms] [ERROR] Failed to load resource: the server responded with a status of 404 (Not Found) @ http://localhost:3001/avatar.jpg:0
[  384412ms] [INFO] %cDownload the React DevTools for a better development experience: https://react.dev/link/react-devtools font-weight:bold @ http://localhost:3001/_next/static/chunks/b2b3e_next_dist_77a734fe._.js:2297
[  384437ms] [LOG] [HMR] connected @ http://localhost:3001/_next/static/chunks/b2b3e_next_dist_77a734fe._.js:2297
[  384596ms] [LOG] [Fast Refresh] rebuilding @ http://localhost:3001/_next/static/chunks/b2b3e_next_dist_77a734fe._.js:2297
[  384912ms] [ERROR] Failed to load resource: the server responded with a status of 404 (Not Found) @ http://localhost:3001/avatar.jpg:0
[  384975ms] [INFO] %cDownload the React DevTools for a better development experience: https://react.dev/link/react-devtools font-weight:bold @ http://localhost:3001/_next/static/chunks/b2b3e_next_dist_77a734fe._.js:2297
[  385000ms] [LOG] [HMR] connected @ http://localhost:3001/_next/static/chunks/b2b3e_next_dist_77a734fe._.js:2297
[  385148ms] [LOG] [Fast Refresh] rebuilding @ http://localhost:3001/_next/static/chunks/b2b3e_next_dist_77a734fe._.js:2297
[  385452ms] [ERROR] Failed to load resource: the server responded with a status of 404 (Not Found) @ http://localhost:3001/avatar.jpg:0
[  385522ms] [INFO] %cDownload the React DevTools for a better development experience: https://react.dev/link/react-devtools font-weight:bold @ http://localhost:3001/_next/static/chunks/b2b3e_next_dist_77a734fe._.js:2297
[  385546ms] [LOG] [HMR] connected @ http://localhost:3001/_next/static/chunks/b2b3e_next_dist_77a734fe._.js:2297
[  385759ms] [LOG] [Fast Refresh] rebuilding @ http://localhost:3001/_next/static/chunks/b2b3e_next_dist_77a734fe._.js:2297
[  386070ms] [ERROR] Failed to load resource: the server responded with a status of 404 (Not Found) @ http://localhost:3001/avatar.jpg:0
[  386136ms] [INFO] %cDownload the React DevTools for a better development experience: https://react.dev/link/react-devtools font-weight:bold @ http://localhost:3001/_next/static/chunks/b2b3e_next_dist_77a734fe._.js:2297
[  386161ms] [LOG] [HMR] connected @ http://localhost:3001/_next/static/chunks/b2b3e_next_dist_77a734fe._.js:2297
[  386299ms] [LOG] [Fast Refresh] rebuilding @ http://localhost:3001/_next/static/chunks/b2b3e_next_dist_77a734fe._.js:2297
[  386616ms] [ERROR] Failed to load resource: the server responded with a status of 404 (Not Found) @ http://localhost:3001/avatar.jpg:0
[  386684ms] [INFO] %cDownload the React DevTools for a better development experience: https://react.dev/link/react-devtools font-weight:bold @ http://localhost:3001/_next/static/chunks/b2b3e_next_dist_77a734fe._.js:2297
[  386706ms] [LOG] [HMR] connected @ http://localhost:3001/_next/static/chunks/b2b3e_next_dist_77a734fe._.js:2297
[  386911ms] [LOG] [Fast Refresh] rebuilding @ http://localhost:3001/_next/static/chunks/b2b3e_next_dist_77a734fe._.js:2297
[  387219ms] [ERROR] Failed to load resource: the server responded with a status of 404 (Not Found) @ http://localhost:3001/avatar.jpg:0
[  387282ms] [INFO] %cDownload the React DevTools for a better development experience: https://react.dev/link/react-devtools font-weight:bold @ http://localhost:3001/_next/static/chunks/b2b3e_next_dist_77a734fe._.js:2297
[  387305ms] [LOG] [HMR] connected @ http://localhost:3001/_next/static/chunks/b2b3e_next_dist_77a734fe._.js:2297
[  387445ms] [LOG] [Fast Refresh] rebuilding @ http://localhost:3001/_next/static/chunks/b2b3e_next_dist_77a734fe._.js:2297
[  387722ms] [ERROR] Failed to load resource: the server responded with a status of 404 (Not Found) @ http://localhost:3001/avatar.jpg:0
[  387791ms] [INFO] %cDownload the React DevTools for a better development experience: https://react.dev/link/react-devtools font-weight:bold @ http://localhost:3001/_next/static/chunks/b2b3e_next_dist_77a734fe._.js:2297
[  387814ms] [LOG] [HMR] connected @ http://localhost:3001/_next/static/chunks/b2b3e_next_dist_77a734fe._.js:2297
[  388021ms] [LOG] [Fast Refresh] rebuilding @ http://localhost:3001/_next/static/chunks/b2b3e_next_dist_77a734fe._.js:2297
[  388310ms] [ERROR] Failed to load resource: the server responded with a status of 404 (Not Found) @ http://localhost:3001/avatar.jpg:0
[  388370ms] [INFO] %cDownload the React DevTools for a better development experience: https://react.dev/link/react-devtools font-weight:bold @ http://localhost:3001/_next/static/chunks/b2b3e_next_dist_77a734fe._.js:2297
[  388393ms] [LOG] [HMR] connected @ http://localhost:3001/_next/static/chunks/b2b3e_next_dist_77a734fe._.js:2297
[  388528ms] [LOG] [Fast Refresh] rebuilding @ http://localhost:3001/_next/static/chunks/b2b3e_next_dist_77a734fe._.js:2297
[  388807ms] [ERROR] Failed to load resource: the server responded with a status of 404 (Not Found) @ http://localhost:3001/avatar.jpg:0
[  388862ms] [INFO] %cDownload the React DevTools for a better development experience: https://react.dev/link/react-devtools font-weight:bold @ http://localhost:3001/_next/static/chunks/b2b3e_next_dist_77a734fe._.js:2297
[  388884ms] [LOG] [HMR] connected @ http://localhost:3001/_next/static/chunks/b2b3e_next_dist_77a734fe._.js:2297
